filename,label,original_label,source
../data/raw/Garbage_Dataset_Classification/images/paper/paper_00983.jpg,cardboard_paper,paper,kaggle
../data/raw/Garbage_Dataset_Classification/images/plastic/plastic_01018.jpg,metal_plastic,plastic,kaggle
../data/raw/Garbage_Dataset_Classification/images/paper/paper_02336.jpg,cardboard_paper,paper,kaggle
../data/raw/Garbage_Dataset_Classification/images/paper/paper_02261.jpg,cardboard_paper,paper,kaggle
../data/raw/Garbage_Dataset_Classification/images/plastic/plastic_02482.jpg,metal_plastic,plastic,kaggle
../data/raw/Garbage_Dataset_Classification/images/glass/glass_03410.jpg,trash,glass,kaggle
../data/raw/Garbage_Dataset_Classification/images/metal/metal_01743.jpg,metal_plastic,metal,kaggle
../data/raw/Garbage_Dataset_Classification/images/paper/paper_00773.jpg,cardboard_paper,paper,kaggle
../data/raw/Garbage_Dataset_Classification/images/glass/glass_01052.jpg,trash,glass,kaggle
../data/raw/Garbage_Dataset_Classification/images/paper/paper_00958.jpg,cardboard_paper,paper,kaggle
../data/raw/Garbage_Dataset_Classification/images/glass/glass_00127.jpg,trash,glass,kaggle
../data/raw/Garbage_Dataset_Classification/images/cardboard/cardboard_02997.jpg,cardboard_paper,cardboard,kaggle
../data/raw/Garbage_Dataset_Classification/images/glass/glass_03489.jpg,trash,glass,kaggle
../data/raw/Garbage_Dataset_Classification/images/cardboard/cardboard_01365.jpg,cardboard_paper,cardboard,kaggle
../data/raw/Garbage_Dataset_Classification/images/metal/metal_02034.jpg,metal_plastic,metal,kaggle
../data/raw/Garbage_Dataset_Classification/images/metal/metal_01897.jpg,metal_plastic,metal,kaggle
../data/raw/Garbage_Dataset_Classification/images/cardboard/cardboard_02720.jpg,cardboard_paper,cardboard,kaggle
../data/raw/Garbage_Dataset_Classification/images/glass/glass_01937.jpg,trash,glass,kaggle
../data/raw/Garbage_Dataset_Classification/images/glass/glass_00858.jpg,trash,glass,kaggle
../data/raw/Garbage_Dataset_Classification/images/plastic/plastic_01421.jpg,metal_plastic,plastic,kaggle
../data/raw/Garbage_Dataset_Classification/images/cardboard/cardboard_01260.jpg,cardboard_paper,cardboard,kaggle
../data/raw/Garbage_Dataset_Classification/images/paper/paper_01204.jpg,cardboard_paper,paper,kaggle
../data/raw/Garbage_Dataset_Classification/images/plastic/plastic_01667.jpg,metal_plastic,plastic,kaggle
../data/raw/Garbage_Dataset_Classification/images/plastic/plastic_02205.jpg,metal_plastic,plastic,kaggle
../data/raw/Garbage_Dataset_Classification/images/trash/trash_17293.jpg,trash,trash,kaggle
../data/raw/Garbage_Dataset_Classification/images/cardboard/cardboard_03103.jpg,cardboard_paper,cardboard,kaggle
../data/raw/Garbage_Dataset_Classification/images/metal/metal_01992.jpg,metal_plastic,metal,kaggle
../data/raw/Garbage_Dataset_Classification/images/paper/paper_01880.jpg,cardboard_paper,paper,kaggle
../data/raw/Garbage_Dataset_Classification/images/plastic/plastic_03319.jpg,metal_plastic,plastic,kaggle
../data/raw/Garbage_Dataset_Classification/images/trash/trash_08265.jpg,trash,trash,kaggle
../data/raw/Garbage_Dataset_Classification/images/cardboard/cardboard_01232.jpg,cardboard_paper,cardboard,kaggle
../data/raw/Garbage_Dataset_Classification/images/plastic/plastic_00248.jpg,metal_plastic,plastic,kaggle
../data/raw/Garbage_Dataset_Classification/images/trash/trash_10617.jpg,trash,trash,kaggle
../data/raw/Garbage_Dataset_Classification/images/paper/paper_01569.jpg,cardboard_paper,paper,kaggle
../data/raw/Garbage_Dataset_Classification/images/trash/trash_07785.jpg,trash,trash,kaggle
../data/raw/Garbage_Dataset_Classification/images/metal/metal_01328.jpg,metal_plastic,metal,kaggle
../data/raw/Garbage_Dataset_Classification/images/cardboard/cardboard_01071.jpg,cardboard_paper,cardboard,kaggle
../data/raw/Garbage_Dataset_Classification/images/plastic/plastic_01503.jpg,metal_plastic,plastic,kaggle
../data/raw/Garbage_Dataset_Classification/images/trash/trash_16151.jpg,trash,trash,kaggle
../data/raw/Garbage_Dataset_Classification/images/metal/metal_02504.jpg,metal_plastic,metal,kaggle
../data/raw/Garbage_Dataset_Classification/images/metal/metal_01345.jpg,metal_plastic,metal,kaggle
../data/raw/Garbage_Dataset_Classification/images/cardboard/cardboard_02832.jpg,cardboard_paper,cardboard,kaggle
../data/raw/Garbage_Dataset_Classification/images/glass/glass_01402.jpg,trash,glass,kaggle
../data/raw/Garbage_Dataset_Classification/images/trash/trash_03280.jpg,trash,trash,kaggle
../data/raw/Garbage_Dataset_Classification/images/plastic/plastic_03145.jpg,metal_plastic,plastic,kaggle
../data/raw/Garbage_Dataset_Classification/images/cardboard/cardboard_02309.jpg,cardboard_paper,cardboard,kaggle
../data/raw/Garbage_Dataset_Classification/images/glass/glass_04032.jpg,trash,glass,kaggle
../data/raw/Garbage_Dataset_Classification/images/paper/paper_03114.jpg,cardboard_paper,paper,kaggle
../data/raw/Garbage_Dataset_Classification/images/metal/metal_02015.jpg,metal_plastic,metal,kaggle
../data/raw/Garbage_Dataset_Classification/images/metal/metal_01315.jpg,metal_plastic,metal,kaggle
../data/raw/Garbage_Dataset_Classification/images/trash/trash_01857.jpg,trash,trash,kaggle
../data/raw/Garbage_Dataset_Classification/images/glass/glass_04257.jpg,trash,glass,kaggle
../data/raw/Garbage_Dataset_Classification/images/plastic/plastic_01801.jpg,metal_plastic,plastic,kaggle
../data/raw/Garbage_Dataset_Classification/images/glass/glass_01200.jpg,trash,glass,kaggle
../data/raw/Garbage_Dataset_Classification/images/cardboard/cardboard_02160.jpg,cardboard_paper,cardboard,kaggle
../data/raw/Garbage_Dataset_Classification/images/trash/trash_20237.jpg,trash,trash,kaggle
../data/raw/Garbage_Dataset_Classification/images/paper/paper_02842.jpg,cardboard_paper,paper,kaggle
../data/raw/Garbage_Dataset_Classification/images/plastic/plastic_02688.jpg,metal_plastic,plastic,kaggle
../data/raw/Garbage_Dataset_Classification/images/trash/trash_19588.jpg,trash,trash,kaggle
../data/raw/Garbage_Dataset_Classification/images/plastic/plastic_01291.jpg,metal_plastic,plastic,kaggle
../data/raw/Garbage_Dataset_Classification/images/trash/trash_02930.jpg,trash,trash,kaggle
../data/raw/Garbage_Dataset_Classification/images/glass/glass_03748.jpg,trash,glass,kaggle
../data/raw/Garbage_Dataset_Classification/images/metal/metal_02658.jpg,metal_plastic,metal,kaggle
../data/raw/Garbage_Dataset_Classification/images/paper/paper_02323.jpg,cardboard_paper,paper,kaggle
../data/raw/Garbage_Dataset_Classification/images/glass/glass_00481.jpg,trash,glass,kaggle
../data/raw/Garbage_Dataset_Classification/images/cardboard/cardboard_02286.jpg,cardboard_paper,cardboard,kaggle
../data/raw/Garbage_Dataset_Classification/images/trash/trash_06012.jpg,trash,trash,kaggle
../data/raw/Garbage_Dataset_Classification/images/metal/metal_02601.jpg,metal_plastic,metal,kaggle
../data/raw/Garbage_Dataset_Classification/images/glass/glass_02787.jpg,trash,glass,kaggle
../data/raw/Garbage_Dataset_Classification/images/cardboard/cardboard_03061.jpg,cardboard_paper,cardboard,kaggle
../data/raw/Garbage_Dataset_Classification/images/cardboard/cardboard_01436.jpg,cardboard_paper,cardboard,kaggle
../data/raw/Garbage_Dataset_Classification/images/plastic/plastic_00094.jpg,metal_plastic,plastic,kaggle
../data/raw/Garbage_Dataset_Classification/images/trash/trash_03374.jpg,trash,trash,kaggle
../data/raw/Garbage_Dataset_Classification/images/cardboard/cardboard_02780.jpg,cardboard_paper,cardboard,kaggle
../data/raw/Garbage_Dataset_Classification/images/paper/paper_00750.jpg,cardboard_paper,paper,kaggle
../data/raw/Garbage_Dataset_Classification/images/trash/trash_14498.jpg,trash,trash,kaggle
../data/raw/Garbage_Dataset_Classification/images/trash/trash_05014.jpg,trash,trash,kaggle
../data/raw/Garbage_Dataset_Classification/images/glass/glass_04014.jpg,trash,glass,kaggle
../data/raw/Garbage_Dataset_Classification/images/metal/metal_02282.jpg,metal_plastic,metal,kaggle
../data/raw/Garbage_Dataset_Classification/images/cardboard/cardboard_02295.jpg,cardboard_paper,cardboard,kaggle
../data/raw/Garbage_Dataset_Classification/images/plastic/plastic_02836.jpg,metal_plastic,plastic,kaggle
../data/raw/Garbage_Dataset_Classification/images/trash/trash_19719.jpg,trash,trash,kaggle
../data/raw/Garbage_Dataset_Classification/images/plastic/plastic_02217.jpg,metal_plastic,plastic,kaggle
../data/raw/Garbage_Dataset_Classification/images/cardboard/cardboard_00944.jpg,cardboard_paper,cardboard,kaggle
../data/raw/Garbage_Dataset_Classification/images/metal/metal_01108.jpg,metal_plastic,metal,kaggle
../data/raw/Garbage_Dataset_Classification/images/trash/trash_09140.jpg,trash,trash,kaggle
../data/raw/Garbage_Dataset_Classification/images/glass/glass_05267.jpg,trash,glass,kaggle
../data/raw/Garbage_Dataset_Classification/images/metal/metal_01682.jpg,metal_plastic,metal,kaggle
../data/raw/Garbage_Dataset_Classification/images/cardboard/cardboard_02282.jpg,cardboard_paper,cardboard,kaggle
../data/raw/Garbage_Dataset_Classification/images/cardboard/cardboard_01554.jpg,cardboard_paper,cardboard,kaggle
../data/raw/Garbage_Dataset_Classification/images/trash/trash_09059.jpg,trash,trash,kaggle
../data/raw/Garbage_Dataset_Classification/images/cardboard/cardboard_00723.jpg,cardboard_paper,cardboard,kaggle
../data/raw/Garbage_Dataset_Classification/images/plastic/plastic_02297.jpg,metal_plastic,plastic,kaggle
../data/raw/Garbage_Dataset_Classification/images/plastic/plastic_01789.jpg,metal_plastic,plastic,kaggle
../data/raw/Garbage_Dataset_Classification/images/glass/glass_05270.jpg,trash,glass,kaggle
../data/raw/Garbage_Dataset_Classification/images/metal/metal_02112.jpg,metal_plastic,metal,kaggle
../data/raw/Garbage_Dataset_Classification/images/paper/paper_01815.jpg,cardboard_paper,paper,kaggle
../data/raw/Garbage_Dataset_Classification/images/metal/metal_01282.jpg,metal_plastic,metal,kaggle
../data/raw/Garbage_Dataset_Classification/images/paper/paper_02724.jpg,cardboard_paper,paper,kaggle
../data/raw/Garbage_Dataset_Classification/images/plastic/plastic_01501.jpg,metal_plastic,plastic,kaggle
../data/raw/Garbage_Dataset_Classification/images/glass/glass_03224.jpg,trash,glass,kaggle
../data/raw/Garbage_Dataset_Classification/images/plastic/plastic_01059.jpg,metal_plastic,plastic,kaggle
../data/raw/Garbage_Dataset_Classification/images/plastic/plastic_02699.jpg,metal_plastic,plastic,kaggle
../data/raw/Garbage_Dataset_Classification/images/paper/paper_00903.jpg,cardboard_paper,paper,kaggle
../data/raw/Garbage_Dataset_Classification/images/trash/trash_07008.jpg,trash,trash,kaggle
../data/raw/Garbage_Dataset_Classification/images/trash/trash_16731.jpg,trash,trash,kaggle
../data/raw/Garbage_Dataset_Classification/images/cardboard/cardboard_02631.jpg,cardboard_paper,cardboard,kaggle
../data/raw/Garbage_Dataset_Classification/images/paper/paper_01434.jpg,cardboard_paper,paper,kaggle
../data/raw/Garbage_Dataset_Classification/images/trash/trash_17327.jpg,trash,trash,kaggle
../data/raw/Garbage_Dataset_Classification/images/plastic/plastic_01470.jpg,metal_plastic,plastic,kaggle
../data/raw/Garbage_Dataset_Classification/images/trash/trash_14283.jpg,trash,trash,kaggle
../data/raw/Garbage_Dataset_Classification/images/glass/glass_03771.jpg,trash,glass,kaggle
../data/raw/Garbage_Dataset_Classification/images/glass/glass_01870.jpg,trash,glass,kaggle
../data/raw/Garbage_Dataset_Classification/images/cardboard/cardboard_00657.jpg,cardboard_paper,cardboard,kaggle
../data/raw/Garbage_Dataset_Classification/images/trash/trash_06182.jpg,trash,trash,kaggle
../data/raw/Garbage_Dataset_Classification/images/glass/glass_05532.jpg,trash,glass,kaggle
../data/raw/Garbage_Dataset_Classification/images/plastic/plastic_02460.jpg,metal_plastic,plastic,kaggle
../data/raw/Garbage_Dataset_Classification/images/cardboard/cardboard_02989.jpg,cardboard_paper,cardboard,kaggle
../data/raw/Garbage_Dataset_Classification/images/metal/metal_02174.jpg,metal_plastic,metal,kaggle
../data/raw/Garbage_Dataset_Classification/images/trash/trash_09400.jpg,trash,trash,kaggle
../data/raw/Garbage_Dataset_Classification/images/glass/glass_01183.jpg,trash,glass,kaggle
../data/raw/Garbage_Dataset_Classification/images/glass/glass_01703.jpg,trash,glass,kaggle
../data/raw/Garbage_Dataset_Classification/images/glass/glass_02331.jpg,trash,glass,kaggle
../data/raw/Garbage_Dataset_Classification/images/trash/trash_16324.jpg,trash,trash,kaggle
../data/raw/Garbage_Dataset_Classification/images/plastic/plastic_02951.jpg,metal_plastic,plastic,kaggle
../data/raw/Garbage_Dataset_Classification/images/paper/paper_01966.jpg,cardboard_paper,paper,kaggle
../data/raw/Garbage_Dataset_Classification/images/paper/paper_01362.jpg,cardboard_paper,paper,kaggle
../data/raw/Garbage_Dataset_Classification/images/cardboard/cardboard_02219.jpg,cardboard_paper,cardboard,kaggle
../data/raw/Garbage_Dataset_Classification/images/metal/metal_02301.jpg,metal_plastic,metal,kaggle
../data/raw/Garbage_Dataset_Classification/images/metal/metal_02018.jpg,metal_plastic,metal,kaggle
../data/raw/Garbage_Dataset_Classification/images/trash/trash_17710.jpg,trash,trash,kaggle
../data/raw/Garbage_Dataset_Classification/images/cardboard/cardboard_02898.jpg,cardboard_paper,cardboard,kaggle
../data/raw/Garbage_Dataset_Classification/images/glass/glass_02850.jpg,trash,glass,kaggle
../data/raw/Garbage_Dataset_Classification/images/glass/glass_05153.jpg,trash,glass,kaggle
../data/raw/Garbage_Dataset_Classification/images/plastic/plastic_01325.jpg,metal_plastic,plastic,kaggle
../data/raw/Garbage_Dataset_Classification/images/trash/trash_11021.jpg,trash,trash,kaggle
../data/raw/Garbage_Dataset_Classification/images/cardboard/cardboard_00241.jpg,cardboard_paper,cardboard,kaggle
../data/raw/Garbage_Dataset_Classification/images/plastic/plastic_02566.jpg,metal_plastic,plastic,kaggle
../data/raw/Garbage_Dataset_Classification/images/paper/paper_01924.jpg,cardboard_paper,paper,kaggle
../data/raw/Garbage_Dataset_Classification/images/paper/paper_02272.jpg,cardboard_paper,paper,kaggle
../data/raw/Garbage_Dataset_Classification/images/plastic/plastic_02053.jpg,metal_plastic,plastic,kaggle
../data/raw/Garbage_Dataset_Classification/images/paper/paper_01776.jpg,cardboard_paper,paper,kaggle
../data/raw/Garbage_Dataset_Classification/images/metal/metal_00500.jpg,metal_plastic,metal,kaggle
../data/raw/Garbage_Dataset_Classification/images/cardboard/cardboard_02436.jpg,cardboard_paper,cardboard,kaggle
../data/raw/Garbage_Dataset_Classification/images/cardboard/cardboard_02378.jpg,cardboard_paper,cardboard,kaggle
../data/raw/Garbage_Dataset_Classification/images/cardboard/cardboard_01876.jpg,cardboard_paper,cardboard,kaggle
../data/raw/Garbage_Dataset_Classification/images/trash/trash_06835.jpg,trash,trash,kaggle
../data/raw/Garbage_Dataset_Classification/images/plastic/plastic_02594.jpg,metal_plastic,plastic,kaggle
../data/raw/Garbage_Dataset_Classification/images/paper/paper_01599.jpg,cardboard_paper,paper,kaggle
../data/raw/Garbage_Dataset_Classification/images/paper/paper_02546.jpg,cardboard_paper,paper,kaggle
../data/raw/Garbage_Dataset_Classification/images/glass/glass_01923.jpg,trash,glass,kaggle
../data/raw/Garbage_Dataset_Classification/images/trash/trash_20161.jpg,trash,trash,kaggle
../data/raw/Garbage_Dataset_Classification/images/trash/trash_00546.jpg,trash,trash,kaggle
../data/raw/Garbage_Dataset_Classification/images/trash/trash_03526.jpg,trash,trash,kaggle
../data/raw/Garbage_Dataset_Classification/images/cardboard/cardboard_02916.jpg,cardboard_paper,cardboard,kaggle
../data/raw/Garbage_Dataset_Classification/images/metal/metal_01326.jpg,metal_plastic,metal,kaggle
../data/raw/Garbage_Dataset_Classification/images/paper/paper_02511.jpg,cardboard_paper,paper,kaggle
../data/raw/Garbage_Dataset_Classification/images/plastic/plastic_03278.jpg,metal_plastic,plastic,kaggle
../data/raw/Garbage_Dataset_Classification/images/cardboard/cardboard_02404.jpg,cardboard_paper,cardboard,kaggle
../data/raw/Garbage_Dataset_Classification/images/glass/glass_02862.jpg,trash,glass,kaggle
../data/raw/Garbage_Dataset_Classification/images/paper/paper_03268.jpg,cardboard_paper,paper,kaggle
../data/raw/Garbage_Dataset_Classification/images/metal/metal_02229.jpg,metal_plastic,metal,kaggle
../data/raw/Garbage_Dataset_Classification/images/glass/glass_02003.jpg,trash,glass,kaggle
../data/raw/Garbage_Dataset_Classification/images/cardboard/cardboard_00782.jpg,cardboard_paper,cardboard,kaggle
../data/raw/Garbage_Dataset_Classification/images/plastic/plastic_02223.jpg,metal_plastic,plastic,kaggle
../data/raw/Garbage_Dataset_Classification/images/plastic/plastic_00452.jpg,metal_plastic,plastic,kaggle
../data/raw/Garbage_Dataset_Classification/images/paper/paper_01448.jpg,cardboard_paper,paper,kaggle
../data/raw/Garbage_Dataset_Classification/images/paper/paper_02489.jpg,cardboard_paper,paper,kaggle
../data/raw/Garbage_Dataset_Classification/images/plastic/plastic_03127.jpg,metal_plastic,plastic,kaggle
../data/raw/Garbage_Dataset_Classification/images/plastic/plastic_02187.jpg,metal_plastic,plastic,kaggle
../data/raw/Garbage_Dataset_Classification/images/paper/paper_02845.jpg,cardboard_paper,paper,kaggle
../data/raw/Garbage_Dataset_Classification/images/glass/glass_02863.jpg,trash,glass,kaggle
../data/raw/Garbage_Dataset_Classification/images/cardboard/cardboard_00757.jpg,cardboard_paper,cardboard,kaggle
../data/raw/Garbage_Dataset_Classification/images/trash/trash_09646.jpg,trash,trash,kaggle
../data/raw/Garbage_Dataset_Classification/images/plastic/plastic_02164.jpg,metal_plastic,plastic,kaggle
../data/raw/Garbage_Dataset_Classification/images/plastic/plastic_02272.jpg,metal_plastic,plastic,kaggle
../data/raw/Garbage_Dataset_Classification/images/cardboard/cardboard_02394.jpg,cardboard_paper,cardboard,kaggle
../data/raw/Garbage_Dataset_Classification/images/plastic/plastic_01155.jpg,metal_plastic,plastic,kaggle
../data/raw/Garbage_Dataset_Classification/images/trash/trash_12724.jpg,trash,trash,kaggle
../data/raw/Garbage_Dataset_Classification/images/plastic/plastic_03133.jpg,metal_plastic,plastic,kaggle
../data/raw/Garbage_Dataset_Classification/images/trash/trash_14206.jpg,trash,trash,kaggle
../data/raw/Garbage_Dataset_Classification/images/glass/glass_03175.jpg,trash,glass,kaggle
../data/raw/Garbage_Dataset_Classification/images/trash/trash_14496.jpg,trash,trash,kaggle
../data/raw/Garbage_Dataset_Classification/images/paper/paper_02020.jpg,cardboard_paper,paper,kaggle
../data/raw/Garbage_Dataset_Classification/images/paper/paper_02838.jpg,cardboard_paper,paper,kaggle
../data/raw/Garbage_Dataset_Classification/images/paper/paper_00694.jpg,cardboard_paper,paper,kaggle
../data/raw/Garbage_Dataset_Classification/images/cardboard/cardboard_01286.jpg,cardboard_paper,cardboard,kaggle
../data/raw/Garbage_Dataset_Classification/images/plastic/plastic_02340.jpg,metal_plastic,plastic,kaggle
../data/raw/Garbage_Dataset_Classification/images/trash/trash_01136.jpg,trash,trash,kaggle
../data/raw/Garbage_Dataset_Classification/images/metal/metal_01850.jpg,metal_plastic,metal,kaggle
../data/raw/Garbage_Dataset_Classification/images/plastic/plastic_02055.jpg,metal_plastic,plastic,kaggle
../data/raw/Garbage_Dataset_Classification/images/cardboard/cardboard_01826.jpg,cardboard_paper,cardboard,kaggle
../data/raw/Garbage_Dataset_Classification/images/plastic/plastic_01407.jpg,metal_plastic,plastic,kaggle
../data/raw/Garbage_Dataset_Classification/images/trash/trash_16585.jpg,trash,trash,kaggle
../data/raw/Garbage_Dataset_Classification/images/paper/paper_01452.jpg,cardboard_paper,paper,kaggle
../data/raw/Garbage_Dataset_Classification/images/cardboard/cardboard_01178.jpg,cardboard_paper,cardboard,kaggle
../data/raw/Garbage_Dataset_Classification/images/glass/glass_05387.jpg,trash,glass,kaggle
../data/raw/Garbage_Dataset_Classification/images/paper/paper_02558.jpg,cardboard_paper,paper,kaggle
../data/raw/Garbage_Dataset_Classification/images/plastic/plastic_01945.jpg,metal_plastic,plastic,kaggle
../data/raw/Garbage_Dataset_Classification/images/metal/metal_01193.jpg,metal_plastic,metal,kaggle
../data/raw/Garbage_Dataset_Classification/images/metal/metal_00855.jpg,metal_plastic,metal,kaggle
../data/raw/Garbage_Dataset_Classification/images/cardboard/cardboard_02877.jpg,cardboard_paper,cardboard,kaggle
../data/raw/Garbage_Dataset_Classification/images/trash/trash_12036.jpg,trash,trash,kaggle
../data/raw/Garbage_Dataset_Classification/images/plastic/plastic_02869.jpg,metal_plastic,plastic,kaggle
../data/raw/Garbage_Dataset_Classification/images/trash/trash_10687.jpg,trash,trash,kaggle
../data/raw/Garbage_Dataset_Classification/images/glass/glass_03001.jpg,trash,glass,kaggle
../data/raw/Garbage_Dataset_Classification/images/trash/trash_05604.jpg,trash,trash,kaggle
../data/raw/Garbage_Dataset_Classification/images/paper/paper_02108.jpg,cardboard_paper,paper,kaggle
../data/raw/Garbage_Dataset_Classification/images/trash/trash_07499.jpg,trash,trash,kaggle
../data/raw/Garbage_Dataset_Classification/images/trash/trash_18731.jpg,trash,trash,kaggle
../data/raw/Garbage_Dataset_Classification/images/trash/trash_01106.jpg,trash,trash,kaggle
../data/raw/Garbage_Dataset_Classification/images/plastic/plastic_02234.jpg,metal_plastic,plastic,kaggle
../data/raw/Garbage_Dataset_Classification/images/cardboard/cardboard_02415.jpg,cardboard_paper,cardboard,kaggle
../data/raw/Garbage_Dataset_Classification/images/cardboard/cardboard_00607.jpg,cardboard_paper,cardboard,kaggle
../data/raw/Garbage_Dataset_Classification/images/plastic/plastic_01170.jpg,metal_plastic,plastic,kaggle
../data/raw/Garbage_Dataset_Classification/images/cardboard/cardboard_00191.jpg,cardboard_paper,cardboard,kaggle
../data/raw/Garbage_Dataset_Classification/images/paper/paper_01690.jpg,cardboard_paper,paper,kaggle
../data/raw/Garbage_Dataset_Classification/images/cardboard/cardboard_00206.jpg,cardboard_paper,cardboard,kaggle
../data/raw/Garbage_Dataset_Classification/images/glass/glass_04195.jpg,trash,glass,kaggle
../data/raw/Garbage_Dataset_Classification/images/paper/paper_02363.jpg,cardboard_paper,paper,kaggle
../data/raw/Garbage_Dataset_Classification/images/cardboard/cardboard_01715.jpg,cardboard_paper,cardboard,kaggle
../data/raw/Garbage_Dataset_Classification/images/metal/metal_01464.jpg,metal_plastic,metal,kaggle
../data/raw/Garbage_Dataset_Classification/images/plastic/plastic_00882.jpg,metal_plastic,plastic,kaggle
../data/raw/Garbage_Dataset_Classification/images/cardboard/cardboard_01340.jpg,cardboard_paper,cardboard,kaggle
../data/raw/Garbage_Dataset_Classification/images/metal/metal_01957.jpg,metal_plastic,metal,kaggle
../data/raw/Garbage_Dataset_Classification/images/plastic/plastic_03020.jpg,metal_plastic,plastic,kaggle
../data/raw/Garbage_Dataset_Classification/images/paper/paper_00704.jpg,cardboard_paper,paper,kaggle
../data/raw/Garbage_Dataset_Classification/images/plastic/plastic_02071.jpg,metal_plastic,plastic,kaggle
../data/raw/Garbage_Dataset_Classification/images/paper/paper_00448.jpg,cardboard_paper,paper,kaggle
../data/raw/Garbage_Dataset_Classification/images/paper/paper_01871.jpg,cardboard_paper,paper,kaggle
../data/raw/Garbage_Dataset_Classification/images/glass/glass_00630.jpg,trash,glass,kaggle
../data/raw/Garbage_Dataset_Classification/images/trash/trash_10572.jpg,trash,trash,kaggle
../data/raw/Garbage_Dataset_Classification/images/cardboard/cardboard_00792.jpg,cardboard_paper,cardboard,kaggle
../data/raw/Garbage_Dataset_Classification/images/plastic/plastic_02931.jpg,metal_plastic,plastic,kaggle
../data/raw/Garbage_Dataset_Classification/images/plastic/plastic_01209.jpg,metal_plastic,plastic,kaggle
../data/raw/Garbage_Dataset_Classification/images/plastic/plastic_00276.jpg,metal_plastic,plastic,kaggle
../data/raw/Garbage_Dataset_Classification/images/glass/glass_04974.jpg,trash,glass,kaggle
../data/raw/Garbage_Dataset_Classification/images/paper/paper_02909.jpg,cardboard_paper,paper,kaggle
../data/raw/Garbage_Dataset_Classification/images/glass/glass_04198.jpg,trash,glass,kaggle
../data/raw/Garbage_Dataset_Classification/images/trash/trash_19034.jpg,trash,trash,kaggle
../data/raw/Garbage_Dataset_Classification/images/trash/trash_17060.jpg,trash,trash,kaggle
../data/raw/Garbage_Dataset_Classification/images/paper/paper_02096.jpg,cardboard_paper,paper,kaggle
../data/raw/Garbage_Dataset_Classification/images/metal/metal_02529.jpg,metal_plastic,metal,kaggle
../data/custom/ecoglasses/F384B1AB-B3D8-487F-8D4B-20817E895955_1_105_c.jpeg,ecoglasses,custom_ecoglasses,custom
../data/raw/Garbage_Dataset_Classification/images/metal/metal_01988.jpg,metal_plastic,metal,kaggle
../data/raw/Garbage_Dataset_Classification/images/trash/trash_05289.jpg,trash,trash,kaggle
../data/raw/Garbage_Dataset_Classification/images/metal/metal_01945.jpg,metal_plastic,metal,kaggle
../data/raw/Garbage_Dataset_Classification/images/plastic/plastic_02685.jpg,metal_plastic,plastic,kaggle
../data/raw/Garbage_Dataset_Classification/images/trash/trash_13779.jpg,trash,trash,kaggle
../data/raw/Garbage_Dataset_Classification/images/plastic/plastic_03248.jpg,metal_plastic,plastic,kaggle
../data/raw/Garbage_Dataset_Classification/images/cardboard/cardboard_02133.jpg,cardboard_paper,cardboard,kaggle
../data/raw/Garbage_Dataset_Classification/images/glass/glass_02978.jpg,trash,glass,kaggle
../data/raw/Garbage_Dataset_Classification/images/plastic/plastic_02140.jpg,metal_plastic,plastic,kaggle
../data/raw/Garbage_Dataset_Classification/images/cardboard/cardboard_01745.jpg,cardboard_paper,cardboard,kaggle
../data/raw/Garbage_Dataset_Classification/images/cardboard/cardboard_02269.jpg,cardboard_paper,cardboard,kaggle
../data/raw/Garbage_Dataset_Classification/images/cardboard/cardboard_01967.jpg,cardboard_paper,cardboard,kaggle
../data/raw/Garbage_Dataset_Classification/images/paper/paper_02380.jpg,cardboard_paper,paper,kaggle
../data/raw/Garbage_Dataset_Classification/images/cardboard/cardboard_02528.jpg,cardboard_paper,cardboard,kaggle
../data/raw/Garbage_Dataset_Classification/images/plastic/plastic_00913.jpg,metal_plastic,plastic,kaggle
../data/raw/Garbage_Dataset_Classification/images/cardboard/cardboard_00169.jpg,cardboard_paper,cardboard,kaggle
../data/raw/Garbage_Dataset_Classification/images/metal/metal_01146.jpg,metal_plastic,metal,kaggle
../data/raw/Garbage_Dataset_Classification/images/plastic/plastic_02422.jpg,metal_plastic,plastic,kaggle
../data/raw/Garbage_Dataset_Classification/images/trash/trash_05871.jpg,trash,trash,kaggle
../data/raw/Garbage_Dataset_Classification/images/glass/glass_01462.jpg,trash,glass,kaggle
../data/raw/Garbage_Dataset_Classification/images/paper/paper_02034.jpg,cardboard_paper,paper,kaggle
../data/raw/Garbage_Dataset_Classification/images/glass/glass_02768.jpg,trash,glass,kaggle
../data/raw/Garbage_Dataset_Classification/images/paper/paper_00633.jpg,cardboard_paper,paper,kaggle
../data/raw/Garbage_Dataset_Classification/images/plastic/plastic_02828.jpg,metal_plastic,plastic,kaggle
../data/raw/Garbage_Dataset_Classification/images/metal/metal_01163.jpg,metal_plastic,metal,kaggle
../data/raw/Garbage_Dataset_Classification/images/trash/trash_02486.jpg,trash,trash,kaggle
../data/raw/Garbage_Dataset_Classification/images/trash/trash_15975.jpg,trash,trash,kaggle
../data/raw/Garbage_Dataset_Classification/images/paper/paper_01519.jpg,cardboard_paper,paper,kaggle
../data/raw/Garbage_Dataset_Classification/images/plastic/plastic_02467.jpg,metal_plastic,plastic,kaggle
../data/raw/Garbage_Dataset_Classification/images/paper/paper_00709.jpg,cardboard_paper,paper,kaggle
../data/raw/Garbage_Dataset_Classification/images/cardboard/cardboard_02938.jpg,cardboard_paper,cardboard,kaggle
../data/raw/Garbage_Dataset_Classification/images/paper/paper_02914.jpg,cardboard_paper,paper,kaggle
../data/raw/Garbage_Dataset_Classification/images/trash/trash_11878.jpg,trash,trash,kaggle
../data/raw/Garbage_Dataset_Classification/images/glass/glass_02276.jpg,trash,glass,kaggle
../data/raw/Garbage_Dataset_Classification/images/plastic/plastic_02623.jpg,metal_plastic,plastic,kaggle
../data/raw/Garbage_Dataset_Classification/images/cardboard/cardboard_02770.jpg,cardboard_paper,cardboard,kaggle
../data/raw/Garbage_Dataset_Classification/images/plastic/plastic_01957.jpg,metal_plastic,plastic,kaggle
../data/raw/Garbage_Dataset_Classification/images/plastic/plastic_00957.jpg,metal_plastic,plastic,kaggle
../data/raw/Garbage_Dataset_Classification/images/glass/glass_05439.jpg,trash,glass,kaggle
../data/raw/Garbage_Dataset_Classification/images/paper/paper_03089.jpg,cardboard_paper,paper,kaggle
../data/raw/Garbage_Dataset_Classification/images/plastic/plastic_01898.jpg,metal_plastic,plastic,kaggle
../data/raw/Garbage_Dataset_Classification/images/trash/trash_00670.jpg,trash,trash,kaggle
../data/raw/Garbage_Dataset_Classification/images/cardboard/cardboard_02708.jpg,cardboard_paper,cardboard,kaggle
../data/raw/Garbage_Dataset_Classification/images/glass/glass_02594.jpg,trash,glass,kaggle
../data/raw/Garbage_Dataset_Classification/images/plastic/plastic_01354.jpg,metal_plastic,plastic,kaggle
../data/raw/Garbage_Dataset_Classification/images/paper/paper_02083.jpg,cardboard_paper,paper,kaggle
../data/raw/Garbage_Dataset_Classification/images/glass/glass_04206.jpg,trash,glass,kaggle
../data/raw/Garbage_Dataset_Classification/images/metal/metal_01445.jpg,metal_plastic,metal,kaggle
../data/raw/Garbage_Dataset_Classification/images/metal/metal_02561.jpg,metal_plastic,metal,kaggle
../data/raw/Garbage_Dataset_Classification/images/paper/paper_00977.jpg,cardboard_paper,paper,kaggle
../data/raw/Garbage_Dataset_Classification/images/metal/metal_02211.jpg,metal_plastic,metal,kaggle
../data/raw/Garbage_Dataset_Classification/images/plastic/plastic_03192.jpg,metal_plastic,plastic,kaggle
../data/raw/Garbage_Dataset_Classification/images/plastic/plastic_01595.jpg,metal_plastic,plastic,kaggle
../data/raw/Garbage_Dataset_Classification/images/plastic/plastic_00300.jpg,metal_plastic,plastic,kaggle
../data/raw/Garbage_Dataset_Classification/images/plastic/plastic_00724.jpg,metal_plastic,plastic,kaggle
../data/raw/Garbage_Dataset_Classification/images/paper/paper_01906.jpg,cardboard_paper,paper,kaggle
../data/raw/Garbage_Dataset_Classification/images/plastic/plastic_00676.jpg,metal_plastic,plastic,kaggle
../data/raw/Garbage_Dataset_Classification/images/trash/trash_02305.jpg,trash,trash,kaggle
../data/raw/Garbage_Dataset_Classification/images/plastic/plastic_02610.jpg,metal_plastic,plastic,kaggle
../data/raw/Garbage_Dataset_Classification/images/paper/paper_00630.jpg,cardboard_paper,paper,kaggle
../data/raw/Garbage_Dataset_Classification/images/cardboard/cardboard_02937.jpg,cardboard_paper,cardboard,kaggle
../data/raw/Garbage_Dataset_Classification/images/plastic/plastic_02402.jpg,metal_plastic,plastic,kaggle
../data/raw/Garbage_Dataset_Classification/images/glass/glass_02798.jpg,trash,glass,kaggle
../data/raw/Garbage_Dataset_Classification/images/paper/paper_01654.jpg,cardboard_paper,paper,kaggle
../data/raw/Garbage_Dataset_Classification/images/metal/metal_01987.jpg,metal_plastic,metal,kaggle
../data/raw/Garbage_Dataset_Classification/images/paper/paper_02803.jpg,cardboard_paper,paper,kaggle
../data/raw/Garbage_Dataset_Classification/images/plastic/plastic_03165.jpg,metal_plastic,plastic,kaggle
../data/raw/Garbage_Dataset_Classification/images/trash/trash_06034.jpg,trash,trash,kaggle
../data/raw/Garbage_Dataset_Classification/images/glass/glass_03629.jpg,trash,glass,kaggle
../data/raw/Garbage_Dataset_Classification/images/glass/glass_04665.jpg,trash,glass,kaggle
../data/raw/Garbage_Dataset_Classification/images/glass/glass_01381.jpg,trash,glass,kaggle
../data/raw/Garbage_Dataset_Classification/images/cardboard/cardboard_01937.jpg,cardboard_paper,cardboard,kaggle
../data/raw/Garbage_Dataset_Classification/images/paper/paper_01218.jpg,cardboard_paper,paper,kaggle
../data/raw/Garbage_Dataset_Classification/images/paper/paper_02014.jpg,cardboard_paper,paper,kaggle
../data/raw/Garbage_Dataset_Classification/images/metal/metal_01937.jpg,metal_plastic,metal,kaggle
../data/raw/Garbage_Dataset_Classification/images/glass/glass_00502.jpg,trash,glass,kaggle
../data/raw/Garbage_Dataset_Classification/images/glass/glass_03217.jpg,trash,glass,kaggle
../data/raw/Garbage_Dataset_Classification/images/glass/glass_03800.jpg,trash,glass,kaggle
../data/raw/Garbage_Dataset_Classification/images/metal/metal_02198.jpg,metal_plastic,metal,kaggle
../data/raw/Garbage_Dataset_Classification/images/glass/glass_02760.jpg,trash,glass,kaggle
../data/raw/Garbage_Dataset_Classification/images/plastic/plastic_02370.jpg,metal_plastic,plastic,kaggle
../data/raw/Garbage_Dataset_Classification/images/glass/glass_02773.jpg,trash,glass,kaggle
../data/raw/Garbage_Dataset_Classification/images/trash/trash_05780.jpg,trash,trash,kaggle
../data/raw/Garbage_Dataset_Classification/images/trash/trash_05260.jpg,trash,trash,kaggle
../data/raw/Garbage_Dataset_Classification/images/cardboard/cardboard_02599.jpg,cardboard_paper,cardboard,kaggle
../data/custom/ecoglasses/65B007BB-8524-471A-A0CE-187756DE3316_1_105_c.jpeg,ecoglasses,custom_ecoglasses,custom
../data/raw/Garbage_Dataset_Classification/images/plastic/plastic_03132.jpg,metal_plastic,plastic,kaggle
../data/raw/Garbage_Dataset_Classification/images/metal/metal_01799.jpg,metal_plastic,metal,kaggle
../data/raw/Garbage_Dataset_Classification/images/trash/trash_12292.jpg,trash,trash,kaggle
../data/raw/Garbage_Dataset_Classification/images/plastic/plastic_03238.jpg,metal_plastic,plastic,kaggle
../data/raw/Garbage_Dataset_Classification/images/cardboard/cardboard_01074.jpg,cardboard_paper,cardboard,kaggle
../data/raw/Garbage_Dataset_Classification/images/glass/glass_01514.jpg,trash,glass,kaggle
../data/raw/Garbage_Dataset_Classification/images/cardboard/cardboard_01901.jpg,cardboard_paper,cardboard,kaggle
../data/raw/Garbage_Dataset_Classification/images/glass/glass_03425.jpg,trash,glass,kaggle
../data/raw/Garbage_Dataset_Classification/images/trash/trash_04839.jpg,trash,trash,kaggle
../data/raw/Garbage_Dataset_Classification/images/trash/trash_16023.jpg,trash,trash,kaggle
../data/raw/Garbage_Dataset_Classification/images/metal/metal_02107.jpg,metal_plastic,metal,kaggle
../data/raw/Garbage_Dataset_Classification/images/trash/trash_00947.jpg,trash,trash,kaggle
../data/raw/Garbage_Dataset_Classification/images/glass/glass_00532.jpg,trash,glass,kaggle
../data/raw/Garbage_Dataset_Classification/images/paper/paper_02606.jpg,cardboard_paper,paper,kaggle
../data/raw/Garbage_Dataset_Classification/images/cardboard/cardboard_02723.jpg,cardboard_paper,cardboard,kaggle
../data/raw/Garbage_Dataset_Classification/images/paper/paper_02340.jpg,cardboard_paper,paper,kaggle
../data/raw/Garbage_Dataset_Classification/images/paper/paper_01489.jpg,cardboard_paper,paper,kaggle
../data/raw/Garbage_Dataset_Classification/images/paper/paper_02162.jpg,cardboard_paper,paper,kaggle
../data/raw/Garbage_Dataset_Classification/images/metal/metal_01453.jpg,metal_plastic,metal,kaggle
../data/raw/Garbage_Dataset_Classification/images/plastic/plastic_02621.jpg,metal_plastic,plastic,kaggle
../data/raw/Garbage_Dataset_Classification/images/cardboard/cardboard_02971.jpg,cardboard_paper,cardboard,kaggle
../data/raw/Garbage_Dataset_Classification/images/plastic/plastic_01468.jpg,metal_plastic,plastic,kaggle
../data/raw/Garbage_Dataset_Classification/images/trash/trash_19570.jpg,trash,trash,kaggle
../data/raw/Garbage_Dataset_Classification/images/metal/metal_02465.jpg,metal_plastic,metal,kaggle
../data/raw/Garbage_Dataset_Classification/images/cardboard/cardboard_01019.jpg,cardboard_paper,cardboard,kaggle
../data/raw/Garbage_Dataset_Classification/images/metal/metal_01907.jpg,metal_plastic,metal,kaggle
../data/raw/Garbage_Dataset_Classification/images/glass/glass_04806.jpg,trash,glass,kaggle
../data/raw/Garbage_Dataset_Classification/images/glass/glass_03755.jpg,trash,glass,kaggle
../data/raw/Garbage_Dataset_Classification/images/glass/glass_00913.jpg,trash,glass,kaggle
../data/raw/Garbage_Dataset_Classification/images/glass/glass_03430.jpg,trash,glass,kaggle
../data/raw/Garbage_Dataset_Classification/images/metal/metal_02344.jpg,metal_plastic,metal,kaggle
../data/raw/Garbage_Dataset_Classification/images/plastic/plastic_00524.jpg,metal_plastic,plastic,kaggle
../data/raw/Garbage_Dataset_Classification/images/glass/glass_05382.jpg,trash,glass,kaggle
../data/raw/Garbage_Dataset_Classification/images/trash/trash_13225.jpg,trash,trash,kaggle
../data/raw/Garbage_Dataset_Classification/images/plastic/plastic_01240.jpg,metal_plastic,plastic,kaggle
../data/raw/Garbage_Dataset_Classification/images/glass/glass_04073.jpg,trash,glass,kaggle
../data/raw/Garbage_Dataset_Classification/images/trash/trash_08676.jpg,trash,trash,kaggle
../data/raw/Garbage_Dataset_Classification/images/cardboard/cardboard_01183.jpg,cardboard_paper,cardboard,kaggle
../data/raw/Garbage_Dataset_Classification/images/trash/trash_00068.jpg,trash,trash,kaggle
../data/raw/Garbage_Dataset_Classification/images/metal/metal_01944.jpg,metal_plastic,metal,kaggle
../data/raw/Garbage_Dataset_Classification/images/cardboard/cardboard_01773.jpg,cardboard_paper,cardboard,kaggle
../data/raw/Garbage_Dataset_Classification/images/paper/paper_02554.jpg,cardboard_paper,paper,kaggle
../data/raw/Garbage_Dataset_Classification/images/cardboard/cardboard_02514.jpg,cardboard_paper,cardboard,kaggle
../data/raw/Garbage_Dataset_Classification/images/paper/paper_01456.jpg,cardboard_paper,paper,kaggle
../data/raw/Garbage_Dataset_Classification/images/trash/trash_14150.jpg,trash,trash,kaggle
../data/raw/Garbage_Dataset_Classification/images/paper/paper_01768.jpg,cardboard_paper,paper,kaggle
../data/raw/Garbage_Dataset_Classification/images/cardboard/cardboard_00759.jpg,cardboard_paper,cardboard,kaggle
../data/raw/Garbage_Dataset_Classification/images/trash/trash_15692.jpg,trash,trash,kaggle
../data/raw/Garbage_Dataset_Classification/images/paper/paper_01891.jpg,cardboard_paper,paper,kaggle
../data/raw/Garbage_Dataset_Classification/images/glass/glass_04709.jpg,trash,glass,kaggle
../data/raw/Garbage_Dataset_Classification/images/cardboard/cardboard_03077.jpg,cardboard_paper,cardboard,kaggle
../data/raw/Garbage_Dataset_Classification/images/cardboard/cardboard_02746.jpg,cardboard_paper,cardboard,kaggle
../data/raw/Garbage_Dataset_Classification/images/metal/metal_00813.jpg,metal_plastic,metal,kaggle
../data/raw/Garbage_Dataset_Classification/images/glass/glass_01375.jpg,trash,glass,kaggle
../data/raw/Garbage_Dataset_Classification/images/glass/glass_01739.jpg,trash,glass,kaggle
../data/raw/Garbage_Dataset_Classification/images/cardboard/cardboard_02562.jpg,cardboard_paper,cardboard,kaggle
../data/raw/Garbage_Dataset_Classification/images/trash/trash_11296.jpg,trash,trash,kaggle
../data/raw/Garbage_Dataset_Classification/images/trash/trash_13628.jpg,trash,trash,kaggle
../data/raw/Garbage_Dataset_Classification/images/paper/paper_02894.jpg,cardboard_paper,paper,kaggle
../data/raw/Garbage_Dataset_Classification/images/trash/trash_13268.jpg,trash,trash,kaggle
../data/raw/Garbage_Dataset_Classification/images/trash/trash_11736.jpg,trash,trash,kaggle
../data/raw/Garbage_Dataset_Classification/images/cardboard/cardboard_02982.jpg,cardboard_paper,cardboard,kaggle
../data/raw/Garbage_Dataset_Classification/images/trash/trash_07031.jpg,trash,trash,kaggle
../data/raw/Garbage_Dataset_Classification/images/plastic/plastic_02160.jpg,metal_plastic,plastic,kaggle
../data/raw/Garbage_Dataset_Classification/images/trash/trash_20016.jpg,trash,trash,kaggle
../data/raw/Garbage_Dataset_Classification/images/paper/paper_02268.jpg,cardboard_paper,paper,kaggle
../data/raw/Garbage_Dataset_Classification/images/metal/metal_00553.jpg,metal_plastic,metal,kaggle
../data/raw/Garbage_Dataset_Classification/images/plastic/plastic_03042.jpg,metal_plastic,plastic,kaggle
../data/raw/Garbage_Dataset_Classification/images/trash/trash_13457.jpg,trash,trash,kaggle
../data/raw/Garbage_Dataset_Classification/images/trash/trash_18888.jpg,trash,trash,kaggle
../data/raw/Garbage_Dataset_Classification/images/cardboard/cardboard_00272.jpg,cardboard_paper,cardboard,kaggle
../data/raw/Garbage_Dataset_Classification/images/plastic/plastic_02548.jpg,metal_plastic,plastic,kaggle
../data/raw/Garbage_Dataset_Classification/images/plastic/plastic_03102.jpg,metal_plastic,plastic,kaggle
../data/raw/Garbage_Dataset_Classification/images/glass/glass_02445.jpg,trash,glass,kaggle
../data/raw/Garbage_Dataset_Classification/images/plastic/plastic_02730.jpg,metal_plastic,plastic,kaggle
../data/raw/Garbage_Dataset_Classification/images/cardboard/cardboard_01870.jpg,cardboard_paper,cardboard,kaggle
../data/raw/Garbage_Dataset_Classification/images/glass/glass_01224.jpg,trash,glass,kaggle
../data/raw/Garbage_Dataset_Classification/images/paper/paper_03012.jpg,cardboard_paper,paper,kaggle
../data/raw/Garbage_Dataset_Classification/images/trash/trash_13873.jpg,trash,trash,kaggle
../data/raw/Garbage_Dataset_Classification/images/cardboard/cardboard_01202.jpg,cardboard_paper,cardboard,kaggle
../data/raw/Garbage_Dataset_Classification/images/plastic/plastic_01030.jpg,metal_plastic,plastic,kaggle
../data/raw/Garbage_Dataset_Classification/images/metal/metal_01497.jpg,metal_plastic,metal,kaggle
../data/raw/Garbage_Dataset_Classification/images/paper/paper_02487.jpg,cardboard_paper,paper,kaggle
../data/raw/Garbage_Dataset_Classification/images/trash/trash_05686.jpg,trash,trash,kaggle
../data/raw/Garbage_Dataset_Classification/images/glass/glass_02437.jpg,trash,glass,kaggle
../data/raw/Garbage_Dataset_Classification/images/trash/trash_13454.jpg,trash,trash,kaggle
../data/raw/Garbage_Dataset_Classification/images/metal/metal_01286.jpg,metal_plastic,metal,kaggle
../data/raw/Garbage_Dataset_Classification/images/glass/glass_00815.jpg,trash,glass,kaggle
../data/raw/Garbage_Dataset_Classification/images/plastic/plastic_02703.jpg,metal_plastic,plastic,kaggle
../data/raw/Garbage_Dataset_Classification/images/paper/paper_03050.jpg,cardboard_paper,paper,kaggle
../data/raw/Garbage_Dataset_Classification/images/trash/trash_04168.jpg,trash,trash,kaggle
../data/raw/Garbage_Dataset_Classification/images/glass/glass_04685.jpg,trash,glass,kaggle
../data/raw/Garbage_Dataset_Classification/images/plastic/plastic_00173.jpg,metal_plastic,plastic,kaggle
../data/raw/Garbage_Dataset_Classification/images/glass/glass_05035.jpg,trash,glass,kaggle
../data/raw/Garbage_Dataset_Classification/images/paper/paper_02506.jpg,cardboard_paper,paper,kaggle
../data/raw/Garbage_Dataset_Classification/images/glass/glass_00500.jpg,trash,glass,kaggle
../data/raw/Garbage_Dataset_Classification/images/plastic/plastic_01260.jpg,metal_plastic,plastic,kaggle
../data/raw/Garbage_Dataset_Classification/images/plastic/plastic_00898.jpg,metal_plastic,plastic,kaggle
../data/raw/Garbage_Dataset_Classification/images/trash/trash_13069.jpg,trash,trash,kaggle
../data/raw/Garbage_Dataset_Classification/images/plastic/plastic_01463.jpg,metal_plastic,plastic,kaggle
../data/raw/Garbage_Dataset_Classification/images/trash/trash_11976.jpg,trash,trash,kaggle
../data/raw/Garbage_Dataset_Classification/images/metal/metal_02409.jpg,metal_plastic,metal,kaggle
../data/raw/Garbage_Dataset_Classification/images/plastic/plastic_03325.jpg,metal_plastic,plastic,kaggle
../data/raw/Garbage_Dataset_Classification/images/glass/glass_03040.jpg,trash,glass,kaggle
../data/raw/Garbage_Dataset_Classification/images/trash/trash_14794.jpg,trash,trash,kaggle
../data/raw/Garbage_Dataset_Classification/images/cardboard/cardboard_02613.jpg,cardboard_paper,cardboard,kaggle
../data/raw/Garbage_Dataset_Classification/images/metal/metal_02052.jpg,metal_plastic,metal,kaggle
../data/raw/Garbage_Dataset_Classification/images/metal/metal_01694.jpg,metal_plastic,metal,kaggle
../data/raw/Garbage_Dataset_Classification/images/glass/glass_02236.jpg,trash,glass,kaggle
../data/raw/Garbage_Dataset_Classification/images/cardboard/cardboard_02508.jpg,cardboard_paper,cardboard,kaggle
../data/raw/Garbage_Dataset_Classification/images/glass/glass_03815.jpg,trash,glass,kaggle
../data/raw/Garbage_Dataset_Classification/images/cardboard/cardboard_00158.jpg,cardboard_paper,cardboard,kaggle
../data/raw/Garbage_Dataset_Classification/images/metal/metal_01139.jpg,metal_plastic,metal,kaggle
../data/raw/Garbage_Dataset_Classification/images/trash/trash_07416.jpg,trash,trash,kaggle
../data/raw/Garbage_Dataset_Classification/images/paper/paper_01953.jpg,cardboard_paper,paper,kaggle
../data/raw/Garbage_Dataset_Classification/images/glass/glass_01370.jpg,trash,glass,kaggle
../data/raw/Garbage_Dataset_Classification/images/glass/glass_04523.jpg,trash,glass,kaggle
../data/raw/Garbage_Dataset_Classification/images/glass/glass_04561.jpg,trash,glass,kaggle
../data/raw/Garbage_Dataset_Classification/images/plastic/plastic_01444.jpg,metal_plastic,plastic,kaggle
../data/raw/Garbage_Dataset_Classification/images/trash/trash_01137.jpg,trash,trash,kaggle
../data/raw/Garbage_Dataset_Classification/images/paper/paper_02700.jpg,cardboard_paper,paper,kaggle
../data/raw/Garbage_Dataset_Classification/images/cardboard/cardboard_03020.jpg,cardboard_paper,cardboard,kaggle
../data/raw/Garbage_Dataset_Classification/images/paper/paper_00783.jpg,cardboard_paper,paper,kaggle
../data/raw/Garbage_Dataset_Classification/images/glass/glass_02476.jpg,trash,glass,kaggle
../data/raw/Garbage_Dataset_Classification/images/cardboard/cardboard_03022.jpg,cardboard_paper,cardboard,kaggle
../data/raw/Garbage_Dataset_Classification/images/glass/glass_05225.jpg,trash,glass,kaggle
../data/raw/Garbage_Dataset_Classification/images/cardboard/cardboard_02893.jpg,cardboard_paper,cardboard,kaggle
../data/raw/Garbage_Dataset_Classification/images/paper/paper_03140.jpg,cardboard_paper,paper,kaggle
../data/raw/Garbage_Dataset_Classification/images/plastic/plastic_02630.jpg,metal_plastic,plastic,kaggle
../data/raw/Garbage_Dataset_Classification/images/trash/trash_00130.jpg,trash,trash,kaggle
../data/raw/Garbage_Dataset_Classification/images/metal/metal_01056.jpg,metal_plastic,metal,kaggle
../data/raw/Garbage_Dataset_Classification/images/plastic/plastic_02700.jpg,metal_plastic,plastic,kaggle
../data/raw/Garbage_Dataset_Classification/images/trash/trash_15217.jpg,trash,trash,kaggle
../data/raw/Garbage_Dataset_Classification/images/paper/paper_02824.jpg,cardboard_paper,paper,kaggle
../data/raw/Garbage_Dataset_Classification/images/glass/glass_00878.jpg,trash,glass,kaggle
../data/raw/Garbage_Dataset_Classification/images/metal/metal_01928.jpg,metal_plastic,metal,kaggle
../data/raw/Garbage_Dataset_Classification/images/paper/paper_02665.jpg,cardboard_paper,paper,kaggle
../data/raw/Garbage_Dataset_Classification/images/paper/paper_01006.jpg,cardboard_paper,paper,kaggle
../data/raw/Garbage_Dataset_Classification/images/trash/trash_12010.jpg,trash,trash,kaggle
../data/raw/Garbage_Dataset_Classification/images/cardboard/cardboard_02749.jpg,cardboard_paper,cardboard,kaggle
../data/raw/Garbage_Dataset_Classification/images/metal/metal_01097.jpg,metal_plastic,metal,kaggle
../data/raw/Garbage_Dataset_Classification/images/cardboard/cardboard_01681.jpg,cardboard_paper,cardboard,kaggle
../data/raw/Garbage_Dataset_Classification/images/glass/glass_03639.jpg,trash,glass,kaggle
../data/raw/Garbage_Dataset_Classification/images/cardboard/cardboard_02932.jpg,cardboard_paper,cardboard,kaggle
../data/raw/Garbage_Dataset_Classification/images/trash/trash_04983.jpg,trash,trash,kaggle
../data/raw/Garbage_Dataset_Classification/images/trash/trash_13588.jpg,trash,trash,kaggle
../data/raw/Garbage_Dataset_Classification/images/paper/paper_00385.jpg,cardboard_paper,paper,kaggle
../data/raw/Garbage_Dataset_Classification/images/metal/metal_02363.jpg,metal_plastic,metal,kaggle
../data/raw/Garbage_Dataset_Classification/images/trash/trash_07804.jpg,trash,trash,kaggle
../data/raw/Garbage_Dataset_Classification/images/paper/paper_00464.jpg,cardboard_paper,paper,kaggle
../data/custom/ecoglasses/2C050322-C8D7-4B9F-9E49-4285CFDC5D9E_1_105_c.jpeg,ecoglasses,custom_ecoglasses,custom
../data/raw/Garbage_Dataset_Classification/images/plastic/plastic_03312.jpg,metal_plastic,plastic,kaggle
../data/raw/Garbage_Dataset_Classification/images/plastic/plastic_00738.jpg,metal_plastic,plastic,kaggle
../data/raw/Garbage_Dataset_Classification/images/glass/glass_00862.jpg,trash,glass,kaggle
../data/raw/Garbage_Dataset_Classification/images/paper/paper_02386.jpg,cardboard_paper,paper,kaggle
../data/raw/Garbage_Dataset_Classification/images/cardboard/cardboard_02189.jpg,cardboard_paper,cardboard,kaggle
../data/raw/Garbage_Dataset_Classification/images/metal/metal_02655.jpg,metal_plastic,metal,kaggle
../data/raw/Garbage_Dataset_Classification/images/metal/metal_01739.jpg,metal_plastic,metal,kaggle
../data/raw/Garbage_Dataset_Classification/images/plastic/plastic_01735.jpg,metal_plastic,plastic,kaggle
../data/raw/Garbage_Dataset_Classification/images/trash/trash_08603.jpg,trash,trash,kaggle
../data/raw/Garbage_Dataset_Classification/images/plastic/plastic_02801.jpg,metal_plastic,plastic,kaggle
../data/raw/Garbage_Dataset_Classification/images/cardboard/cardboard_01550.jpg,cardboard_paper,cardboard,kaggle
../data/raw/Garbage_Dataset_Classification/images/metal/metal_01783.jpg,metal_plastic,metal,kaggle
../data/raw/Garbage_Dataset_Classification/images/plastic/plastic_02792.jpg,metal_plastic,plastic,kaggle
../data/raw/Garbage_Dataset_Classification/images/paper/paper_02452.jpg,cardboard_paper,paper,kaggle
../data/raw/Garbage_Dataset_Classification/images/glass/glass_00439.jpg,trash,glass,kaggle
../data/raw/Garbage_Dataset_Classification/images/trash/trash_03427.jpg,trash,trash,kaggle
../data/raw/Garbage_Dataset_Classification/images/cardboard/cardboard_00905.jpg,cardboard_paper,cardboard,kaggle
../data/raw/Garbage_Dataset_Classification/images/metal/metal_02014.jpg,metal_plastic,metal,kaggle
../data/raw/Garbage_Dataset_Classification/images/metal/metal_02008.jpg,metal_plastic,metal,kaggle
../data/raw/Garbage_Dataset_Classification/images/plastic/plastic_02932.jpg,metal_plastic,plastic,kaggle
../data/raw/Garbage_Dataset_Classification/images/trash/trash_10518.jpg,trash,trash,kaggle
../data/raw/Garbage_Dataset_Classification/images/trash/trash_18295.jpg,trash,trash,kaggle
../data/raw/Garbage_Dataset_Classification/images/metal/metal_02320.jpg,metal_plastic,metal,kaggle
../data/raw/Garbage_Dataset_Classification/images/cardboard/cardboard_00940.jpg,cardboard_paper,cardboard,kaggle
../data/raw/Garbage_Dataset_Classification/images/glass/glass_00666.jpg,trash,glass,kaggle
../data/raw/Garbage_Dataset_Classification/images/cardboard/cardboard_02484.jpg,cardboard_paper,cardboard,kaggle
../data/raw/Garbage_Dataset_Classification/images/trash/trash_16344.jpg,trash,trash,kaggle
../data/raw/Garbage_Dataset_Classification/images/metal/metal_00669.jpg,metal_plastic,metal,kaggle
../data/raw/Garbage_Dataset_Classification/images/trash/trash_12889.jpg,trash,trash,kaggle
../data/raw/Garbage_Dataset_Classification/images/metal/metal_02080.jpg,metal_plastic,metal,kaggle
../data/raw/Garbage_Dataset_Classification/images/paper/paper_02442.jpg,cardboard_paper,paper,kaggle
../data/raw/Garbage_Dataset_Classification/images/metal/metal_01788.jpg,metal_plastic,metal,kaggle
../data/raw/Garbage_Dataset_Classification/images/paper/paper_00869.jpg,cardboard_paper,paper,kaggle
../data/raw/Garbage_Dataset_Classification/images/plastic/plastic_02200.jpg,metal_plastic,plastic,kaggle
../data/raw/Garbage_Dataset_Classification/images/plastic/plastic_02430.jpg,metal_plastic,plastic,kaggle
../data/raw/Garbage_Dataset_Classification/images/paper/paper_01922.jpg,cardboard_paper,paper,kaggle
../data/raw/Garbage_Dataset_Classification/images/plastic/plastic_02028.jpg,metal_plastic,plastic,kaggle
../data/raw/Garbage_Dataset_Classification/images/glass/glass_00583.jpg,trash,glass,kaggle
../data/raw/Garbage_Dataset_Classification/images/paper/paper_02757.jpg,cardboard_paper,paper,kaggle
../data/custom/ecoglasses/7CE29B48-F0D4-4477-81D2-64BF41FD5EB4_1_105_c.jpeg,ecoglasses,custom_ecoglasses,custom
../data/raw/Garbage_Dataset_Classification/images/plastic/plastic_02293.jpg,metal_plastic,plastic,kaggle
../data/raw/Garbage_Dataset_Classification/images/paper/paper_02948.jpg,cardboard_paper,paper,kaggle
../data/raw/Garbage_Dataset_Classification/images/glass/glass_02557.jpg,trash,glass,kaggle
../data/raw/Garbage_Dataset_Classification/images/glass/glass_04855.jpg,trash,glass,kaggle
../data/raw/Garbage_Dataset_Classification/images/glass/glass_02129.jpg,trash,glass,kaggle
../data/raw/Garbage_Dataset_Classification/images/metal/metal_01496.jpg,metal_plastic,metal,kaggle
../data/raw/Garbage_Dataset_Classification/images/trash/trash_12234.jpg,trash,trash,kaggle
../data/raw/Garbage_Dataset_Classification/images/metal/metal_01474.jpg,metal_plastic,metal,kaggle
../data/raw/Garbage_Dataset_Classification/images/glass/glass_04889.jpg,trash,glass,kaggle
../data/raw/Garbage_Dataset_Classification/images/metal/metal_02461.jpg,metal_plastic,metal,kaggle
../data/raw/Garbage_Dataset_Classification/images/glass/glass_00569.jpg,trash,glass,kaggle
../data/raw/Garbage_Dataset_Classification/images/trash/trash_05959.jpg,trash,trash,kaggle
../data/raw/Garbage_Dataset_Classification/images/cardboard/cardboard_00680.jpg,cardboard_paper,cardboard,kaggle
../data/custom/ecoglasses/0DB7CB2C-CC3C-4342-B823-1DC694B7005C_1_105_c.jpeg,ecoglasses,custom_ecoglasses,custom
../data/raw/Garbage_Dataset_Classification/images/glass/glass_02338.jpg,trash,glass,kaggle
../data/raw/Garbage_Dataset_Classification/images/cardboard/cardboard_02908.jpg,cardboard_paper,cardboard,kaggle
../data/raw/Garbage_Dataset_Classification/images/paper/paper_01821.jpg,cardboard_paper,paper,kaggle
../data/raw/Garbage_Dataset_Classification/images/cardboard/cardboard_00611.jpg,cardboard_paper,cardboard,kaggle
../data/raw/Garbage_Dataset_Classification/images/plastic/plastic_02352.jpg,metal_plastic,plastic,kaggle
../data/raw/Garbage_Dataset_Classification/images/cardboard/cardboard_00981.jpg,cardboard_paper,cardboard,kaggle
../data/custom/ecoglasses/2D5DD252-9D1E-4210-A260-1AC7258EF9DD_1_105_c.jpeg,ecoglasses,custom_ecoglasses,custom
../data/raw/Garbage_Dataset_Classification/images/plastic/plastic_02668.jpg,metal_plastic,plastic,kaggle
../data/raw/Garbage_Dataset_Classification/images/paper/paper_03281.jpg,cardboard_paper,paper,kaggle
../data/raw/Garbage_Dataset_Classification/images/trash/trash_19607.jpg,trash,trash,kaggle
../data/raw/Garbage_Dataset_Classification/images/glass/glass_05224.jpg,trash,glass,kaggle
../data/raw/Garbage_Dataset_Classification/images/glass/glass_02583.jpg,trash,glass,kaggle
../data/raw/Garbage_Dataset_Classification/images/paper/paper_01843.jpg,cardboard_paper,paper,kaggle
../data/raw/Garbage_Dataset_Classification/images/cardboard/cardboard_01593.jpg,cardboard_paper,cardboard,kaggle
../data/raw/Garbage_Dataset_Classification/images/metal/metal_02117.jpg,metal_plastic,metal,kaggle
../data/raw/Garbage_Dataset_Classification/images/glass/glass_05348.jpg,trash,glass,kaggle
../data/raw/Garbage_Dataset_Classification/images/glass/glass_02674.jpg,trash,glass,kaggle
../data/raw/Garbage_Dataset_Classification/images/cardboard/cardboard_02023.jpg,cardboard_paper,cardboard,kaggle
../data/raw/Garbage_Dataset_Classification/images/metal/metal_02589.jpg,metal_plastic,metal,kaggle
../data/raw/Garbage_Dataset_Classification/images/glass/glass_01121.jpg,trash,glass,kaggle
../data/raw/Garbage_Dataset_Classification/images/plastic/plastic_01029.jpg,metal_plastic,plastic,kaggle
../data/raw/Garbage_Dataset_Classification/images/trash/trash_19710.jpg,trash,trash,kaggle
../data/raw/Garbage_Dataset_Classification/images/metal/metal_01168.jpg,metal_plastic,metal,kaggle
../data/raw/Garbage_Dataset_Classification/images/cardboard/cardboard_02931.jpg,cardboard_paper,cardboard,kaggle
../data/raw/Garbage_Dataset_Classification/images/plastic/plastic_02984.jpg,metal_plastic,plastic,kaggle
../data/raw/Garbage_Dataset_Classification/images/plastic/plastic_02222.jpg,metal_plastic,plastic,kaggle
../data/raw/Garbage_Dataset_Classification/images/paper/paper_03142.jpg,cardboard_paper,paper,kaggle
../data/raw/Garbage_Dataset_Classification/images/glass/glass_00403.jpg,trash,glass,kaggle
../data/raw/Garbage_Dataset_Classification/images/paper/paper_02549.jpg,cardboard_paper,paper,kaggle
../data/raw/Garbage_Dataset_Classification/images/plastic/plastic_02449.jpg,metal_plastic,plastic,kaggle
../data/raw/Garbage_Dataset_Classification/images/glass/glass_02511.jpg,trash,glass,kaggle
../data/raw/Garbage_Dataset_Classification/images/glass/glass_05384.jpg,trash,glass,kaggle
../data/raw/Garbage_Dataset_Classification/images/cardboard/cardboard_01221.jpg,cardboard_paper,cardboard,kaggle
../data/raw/Garbage_Dataset_Classification/images/plastic/plastic_02702.jpg,metal_plastic,plastic,kaggle
../data/raw/Garbage_Dataset_Classification/images/plastic/plastic_01585.jpg,metal_plastic,plastic,kaggle
../data/raw/Garbage_Dataset_Classification/images/metal/metal_02305.jpg,metal_plastic,metal,kaggle
../data/raw/Garbage_Dataset_Classification/images/plastic/plastic_02136.jpg,metal_plastic,plastic,kaggle
../data/raw/Garbage_Dataset_Classification/images/trash/trash_00394.jpg,trash,trash,kaggle
../data/raw/Garbage_Dataset_Classification/images/trash/trash_19701.jpg,trash,trash,kaggle
../data/raw/Garbage_Dataset_Classification/images/trash/trash_06406.jpg,trash,trash,kaggle
../data/raw/Garbage_Dataset_Classification/images/plastic/plastic_02017.jpg,metal_plastic,plastic,kaggle
../data/raw/Garbage_Dataset_Classification/images/paper/paper_03212.jpg,cardboard_paper,paper,kaggle
../data/raw/Garbage_Dataset_Classification/images/paper/paper_03249.jpg,cardboard_paper,paper,kaggle
../data/raw/Garbage_Dataset_Classification/images/plastic/plastic_00355.jpg,metal_plastic,plastic,kaggle
../data/raw/Garbage_Dataset_Classification/images/metal/metal_00613.jpg,metal_plastic,metal,kaggle
../data/raw/Garbage_Dataset_Classification/images/metal/metal_01288.jpg,metal_plastic,metal,kaggle
../data/raw/Garbage_Dataset_Classification/images/plastic/plastic_00590.jpg,metal_plastic,plastic,kaggle
../data/raw/Garbage_Dataset_Classification/images/paper/paper_02523.jpg,cardboard_paper,paper,kaggle
../data/raw/Garbage_Dataset_Classification/images/metal/metal_01828.jpg,metal_plastic,metal,kaggle
../data/raw/Garbage_Dataset_Classification/images/glass/glass_02750.jpg,trash,glass,kaggle
../data/raw/Garbage_Dataset_Classification/images/glass/glass_05447.jpg,trash,glass,kaggle
../data/raw/Garbage_Dataset_Classification/images/cardboard/cardboard_02948.jpg,cardboard_paper,cardboard,kaggle
../data/raw/Garbage_Dataset_Classification/images/paper/paper_02869.jpg,cardboard_paper,paper,kaggle
../data/raw/Garbage_Dataset_Classification/images/trash/trash_09322.jpg,trash,trash,kaggle
../data/raw/Garbage_Dataset_Classification/images/plastic/plastic_00933.jpg,metal_plastic,plastic,kaggle
../data/raw/Garbage_Dataset_Classification/images/glass/glass_04345.jpg,trash,glass,kaggle
../data/raw/Garbage_Dataset_Classification/images/paper/paper_01166.jpg,cardboard_paper,paper,kaggle
../data/raw/Garbage_Dataset_Classification/images/trash/trash_08074.jpg,trash,trash,kaggle
../data/raw/Garbage_Dataset_Classification/images/paper/paper_02198.jpg,cardboard_paper,paper,kaggle
../data/raw/Garbage_Dataset_Classification/images/trash/trash_05114.jpg,trash,trash,kaggle
../data/raw/Garbage_Dataset_Classification/images/trash/trash_16956.jpg,trash,trash,kaggle
../data/raw/Garbage_Dataset_Classification/images/cardboard/cardboard_01463.jpg,cardboard_paper,cardboard,kaggle
../data/raw/Garbage_Dataset_Classification/images/glass/glass_02317.jpg,trash,glass,kaggle
../data/raw/Garbage_Dataset_Classification/images/paper/paper_01817.jpg,cardboard_paper,paper,kaggle
../data/raw/Garbage_Dataset_Classification/images/cardboard/cardboard_00648.jpg,cardboard_paper,cardboard,kaggle
../data/raw/Garbage_Dataset_Classification/images/metal/metal_01061.jpg,metal_plastic,metal,kaggle
../data/raw/Garbage_Dataset_Classification/images/plastic/plastic_02473.jpg,metal_plastic,plastic,kaggle
../data/raw/Garbage_Dataset_Classification/images/cardboard/cardboard_02164.jpg,cardboard_paper,cardboard,kaggle
../data/raw/Garbage_Dataset_Classification/images/metal/metal_02010.jpg,metal_plastic,metal,kaggle
../data/raw/Garbage_Dataset_Classification/images/glass/glass_04466.jpg,trash,glass,kaggle
../data/raw/Garbage_Dataset_Classification/images/paper/paper_02574.jpg,cardboard_paper,paper,kaggle
../data/raw/Garbage_Dataset_Classification/images/metal/metal_01880.jpg,metal_plastic,metal,kaggle
../data/raw/Garbage_Dataset_Classification/images/glass/glass_02538.jpg,trash,glass,kaggle
../data/raw/Garbage_Dataset_Classification/images/metal/metal_00751.jpg,metal_plastic,metal,kaggle
../data/raw/Garbage_Dataset_Classification/images/paper/paper_02171.jpg,cardboard_paper,paper,kaggle
../data/raw/Garbage_Dataset_Classification/images/paper/paper_01476.jpg,cardboard_paper,paper,kaggle
../data/raw/Garbage_Dataset_Classification/images/plastic/plastic_00820.jpg,metal_plastic,plastic,kaggle
../data/raw/Garbage_Dataset_Classification/images/glass/glass_00016.jpg,trash,glass,kaggle
../data/raw/Garbage_Dataset_Classification/images/glass/glass_00675.jpg,trash,glass,kaggle
../data/raw/Garbage_Dataset_Classification/images/glass/glass_04954.jpg,trash,glass,kaggle
../data/raw/Garbage_Dataset_Classification/images/trash/trash_17755.jpg,trash,trash,kaggle
../data/raw/Garbage_Dataset_Classification/images/cardboard/cardboard_01867.jpg,cardboard_paper,cardboard,kaggle
../data/raw/Garbage_Dataset_Classification/images/paper/paper_00592.jpg,cardboard_paper,paper,kaggle
../data/raw/Garbage_Dataset_Classification/images/metal/metal_01414.jpg,metal_plastic,metal,kaggle
../data/raw/Garbage_Dataset_Classification/images/cardboard/cardboard_01475.jpg,cardboard_paper,cardboard,kaggle
../data/raw/Garbage_Dataset_Classification/images/glass/glass_00413.jpg,trash,glass,kaggle
../data/raw/Garbage_Dataset_Classification/images/cardboard/cardboard_02995.jpg,cardboard_paper,cardboard,kaggle
../data/raw/Garbage_Dataset_Classification/images/trash/trash_17497.jpg,trash,trash,kaggle
../data/raw/Garbage_Dataset_Classification/images/glass/glass_00982.jpg,trash,glass,kaggle
../data/raw/Garbage_Dataset_Classification/images/trash/trash_16147.jpg,trash,trash,kaggle
../data/raw/Garbage_Dataset_Classification/images/plastic/plastic_00244.jpg,metal_plastic,plastic,kaggle
../data/raw/Garbage_Dataset_Classification/images/cardboard/cardboard_01531.jpg,cardboard_paper,cardboard,kaggle
../data/raw/Garbage_Dataset_Classification/images/paper/paper_01918.jpg,cardboard_paper,paper,kaggle
../data/raw/Garbage_Dataset_Classification/images/cardboard/cardboard_02180.jpg,cardboard_paper,cardboard,kaggle
../data/raw/Garbage_Dataset_Classification/images/metal/metal_00830.jpg,metal_plastic,metal,kaggle
../data/raw/Garbage_Dataset_Classification/images/paper/paper_01447.jpg,cardboard_paper,paper,kaggle
../data/raw/Garbage_Dataset_Classification/images/trash/trash_07913.jpg,trash,trash,kaggle
../data/raw/Garbage_Dataset_Classification/images/metal/metal_01190.jpg,metal_plastic,metal,kaggle
../data/raw/Garbage_Dataset_Classification/images/glass/glass_05067.jpg,trash,glass,kaggle
../data/raw/Garbage_Dataset_Classification/images/paper/paper_02185.jpg,cardboard_paper,paper,kaggle
../data/raw/Garbage_Dataset_Classification/images/paper/paper_02306.jpg,cardboard_paper,paper,kaggle
../data/raw/Garbage_Dataset_Classification/images/cardboard/cardboard_01706.jpg,cardboard_paper,cardboard,kaggle
../data/raw/Garbage_Dataset_Classification/images/trash/trash_11206.jpg,trash,trash,kaggle
../data/raw/Garbage_Dataset_Classification/images/cardboard/cardboard_02659.jpg,cardboard_paper,cardboard,kaggle
../data/raw/Garbage_Dataset_Classification/images/paper/paper_01379.jpg,cardboard_paper,paper,kaggle
../data/raw/Garbage_Dataset_Classification/images/glass/glass_01182.jpg,trash,glass,kaggle
../data/raw/Garbage_Dataset_Classification/images/trash/trash_20223.jpg,trash,trash,kaggle
../data/raw/Garbage_Dataset_Classification/images/paper/paper_01423.jpg,cardboard_paper,paper,kaggle
../data/raw/Garbage_Dataset_Classification/images/glass/glass_02788.jpg,trash,glass,kaggle
../data/raw/Garbage_Dataset_Classification/images/paper/paper_02873.jpg,cardboard_paper,paper,kaggle
../data/raw/Garbage_Dataset_Classification/images/glass/glass_02876.jpg,trash,glass,kaggle
../data/raw/Garbage_Dataset_Classification/images/metal/metal_00873.jpg,metal_plastic,metal,kaggle
../data/raw/Garbage_Dataset_Classification/images/paper/paper_02936.jpg,cardboard_paper,paper,kaggle
../data/raw/Garbage_Dataset_Classification/images/glass/glass_02100.jpg,trash,glass,kaggle
../data/raw/Garbage_Dataset_Classification/images/plastic/plastic_00628.jpg,metal_plastic,plastic,kaggle
../data/raw/Garbage_Dataset_Classification/images/paper/paper_01725.jpg,cardboard_paper,paper,kaggle
../data/raw/Garbage_Dataset_Classification/images/trash/trash_10948.jpg,trash,trash,kaggle
../data/raw/Garbage_Dataset_Classification/images/glass/glass_00316.jpg,trash,glass,kaggle
../data/raw/Garbage_Dataset_Classification/images/glass/glass_04671.jpg,trash,glass,kaggle
../data/raw/Garbage_Dataset_Classification/images/trash/trash_15434.jpg,trash,trash,kaggle
../data/raw/Garbage_Dataset_Classification/images/paper/paper_00772.jpg,cardboard_paper,paper,kaggle
../data/raw/Garbage_Dataset_Classification/images/trash/trash_16537.jpg,trash,trash,kaggle
../data/raw/Garbage_Dataset_Classification/images/metal/metal_02365.jpg,metal_plastic,metal,kaggle
../data/raw/Garbage_Dataset_Classification/images/glass/glass_04731.jpg,trash,glass,kaggle
../data/raw/Garbage_Dataset_Classification/images/trash/trash_20151.jpg,trash,trash,kaggle
../data/raw/Garbage_Dataset_Classification/images/cardboard/cardboard_00660.jpg,cardboard_paper,cardboard,kaggle
../data/raw/Garbage_Dataset_Classification/images/trash/trash_19131.jpg,trash,trash,kaggle
../data/raw/Garbage_Dataset_Classification/images/metal/metal_02013.jpg,metal_plastic,metal,kaggle
../data/raw/Garbage_Dataset_Classification/images/trash/trash_08373.jpg,trash,trash,kaggle
../data/raw/Garbage_Dataset_Classification/images/cardboard/cardboard_01694.jpg,cardboard_paper,cardboard,kaggle
../data/raw/Garbage_Dataset_Classification/images/plastic/plastic_02575.jpg,metal_plastic,plastic,kaggle
../data/raw/Garbage_Dataset_Classification/images/cardboard/cardboard_02579.jpg,cardboard_paper,cardboard,kaggle
../data/raw/Garbage_Dataset_Classification/images/plastic/plastic_01131.jpg,metal_plastic,plastic,kaggle
../data/raw/Garbage_Dataset_Classification/images/cardboard/cardboard_01413.jpg,cardboard_paper,cardboard,kaggle
../data/raw/Garbage_Dataset_Classification/images/paper/paper_00968.jpg,cardboard_paper,paper,kaggle
../data/raw/Garbage_Dataset_Classification/images/plastic/plastic_02314.jpg,metal_plastic,plastic,kaggle
../data/raw/Garbage_Dataset_Classification/images/plastic/plastic_00829.jpg,metal_plastic,plastic,kaggle
../data/raw/Garbage_Dataset_Classification/images/paper/paper_00804.jpg,cardboard_paper,paper,kaggle
../data/raw/Garbage_Dataset_Classification/images/trash/trash_05622.jpg,trash,trash,kaggle
../data/raw/Garbage_Dataset_Classification/images/paper/paper_02749.jpg,cardboard_paper,paper,kaggle
../data/raw/Garbage_Dataset_Classification/images/plastic/plastic_00349.jpg,metal_plastic,plastic,kaggle
../data/raw/Garbage_Dataset_Classification/images/cardboard/cardboard_00699.jpg,cardboard_paper,cardboard,kaggle
../data/raw/Garbage_Dataset_Classification/images/glass/glass_01443.jpg,trash,glass,kaggle
../data/raw/Garbage_Dataset_Classification/images/paper/paper_02433.jpg,cardboard_paper,paper,kaggle
../data/raw/Garbage_Dataset_Classification/images/metal/metal_00810.jpg,metal_plastic,metal,kaggle
../data/raw/Garbage_Dataset_Classification/images/metal/metal_00577.jpg,metal_plastic,metal,kaggle
../data/raw/Garbage_Dataset_Classification/images/cardboard/cardboard_02028.jpg,cardboard_paper,cardboard,kaggle
../data/raw/Garbage_Dataset_Classification/images/paper/paper_02431.jpg,cardboard_paper,paper,kaggle
../data/raw/Garbage_Dataset_Classification/images/trash/trash_19614.jpg,trash,trash,kaggle
../data/raw/Garbage_Dataset_Classification/images/trash/trash_19096.jpg,trash,trash,kaggle
../data/raw/Garbage_Dataset_Classification/images/paper/paper_02478.jpg,cardboard_paper,paper,kaggle
../data/raw/Garbage_Dataset_Classification/images/plastic/plastic_01843.jpg,metal_plastic,plastic,kaggle
../data/raw/Garbage_Dataset_Classification/images/metal/metal_02388.jpg,metal_plastic,metal,kaggle
../data/raw/Garbage_Dataset_Classification/images/plastic/plastic_01574.jpg,metal_plastic,plastic,kaggle
../data/raw/Garbage_Dataset_Classification/images/metal/metal_02587.jpg,metal_plastic,metal,kaggle
../data/raw/Garbage_Dataset_Classification/images/metal/metal_01148.jpg,metal_plastic,metal,kaggle
../data/raw/Garbage_Dataset_Classification/images/cardboard/cardboard_02713.jpg,cardboard_paper,cardboard,kaggle
../data/raw/Garbage_Dataset_Classification/images/cardboard/cardboard_01677.jpg,cardboard_paper,cardboard,kaggle
../data/raw/Garbage_Dataset_Classification/images/trash/trash_19264.jpg,trash,trash,kaggle
../data/raw/Garbage_Dataset_Classification/images/cardboard/cardboard_01545.jpg,cardboard_paper,cardboard,kaggle
../data/raw/Garbage_Dataset_Classification/images/trash/trash_10875.jpg,trash,trash,kaggle
../data/raw/Garbage_Dataset_Classification/images/trash/trash_03911.jpg,trash,trash,kaggle
../data/raw/Garbage_Dataset_Classification/images/trash/trash_00697.jpg,trash,trash,kaggle
../data/raw/Garbage_Dataset_Classification/images/glass/glass_03117.jpg,trash,glass,kaggle
../data/raw/Garbage_Dataset_Classification/images/trash/trash_15579.jpg,trash,trash,kaggle
../data/raw/Garbage_Dataset_Classification/images/glass/glass_00609.jpg,trash,glass,kaggle
../data/raw/Garbage_Dataset_Classification/images/plastic/plastic_01769.jpg,metal_plastic,plastic,kaggle
../data/raw/Garbage_Dataset_Classification/images/trash/trash_12546.jpg,trash,trash,kaggle
../data/raw/Garbage_Dataset_Classification/images/glass/glass_04755.jpg,trash,glass,kaggle
../data/raw/Garbage_Dataset_Classification/images/glass/glass_01678.jpg,trash,glass,kaggle
../data/raw/Garbage_Dataset_Classification/images/cardboard/cardboard_02577.jpg,cardboard_paper,cardboard,kaggle
../data/raw/Garbage_Dataset_Classification/images/cardboard/cardboard_02820.jpg,cardboard_paper,cardboard,kaggle
../data/raw/Garbage_Dataset_Classification/images/cardboard/cardboard_02605.jpg,cardboard_paper,cardboard,kaggle
../data/raw/Garbage_Dataset_Classification/images/glass/glass_03280.jpg,trash,glass,kaggle
../data/raw/Garbage_Dataset_Classification/images/glass/glass_04782.jpg,trash,glass,kaggle
../data/raw/Garbage_Dataset_Classification/images/plastic/plastic_02543.jpg,metal_plastic,plastic,kaggle
../data/raw/Garbage_Dataset_Classification/images/metal/metal_00955.jpg,metal_plastic,metal,kaggle
../data/raw/Garbage_Dataset_Classification/images/plastic/plastic_01919.jpg,metal_plastic,plastic,kaggle
../data/raw/Garbage_Dataset_Classification/images/glass/glass_05458.jpg,trash,glass,kaggle
../data/raw/Garbage_Dataset_Classification/images/trash/trash_00636.jpg,trash,trash,kaggle
../data/custom/ecoglasses/05738E83-B62C-4475-870F-14E23ACEE9D9_1_105_c.jpeg,ecoglasses,custom_ecoglasses,custom
../data/raw/Garbage_Dataset_Classification/images/paper/paper_03026.jpg,cardboard_paper,paper,kaggle
../data/raw/Garbage_Dataset_Classification/images/glass/glass_01868.jpg,trash,glass,kaggle
../data/raw/Garbage_Dataset_Classification/images/cardboard/cardboard_02199.jpg,cardboard_paper,cardboard,kaggle
../data/raw/Garbage_Dataset_Classification/images/plastic/plastic_02903.jpg,metal_plastic,plastic,kaggle
../data/raw/Garbage_Dataset_Classification/images/trash/trash_08884.jpg,trash,trash,kaggle
../data/raw/Garbage_Dataset_Classification/images/glass/glass_05044.jpg,trash,glass,kaggle
../data/raw/Garbage_Dataset_Classification/images/paper/paper_03132.jpg,cardboard_paper,paper,kaggle
../data/raw/Garbage_Dataset_Classification/images/plastic/plastic_01783.jpg,metal_plastic,plastic,kaggle
../data/raw/Garbage_Dataset_Classification/images/plastic/plastic_01825.jpg,metal_plastic,plastic,kaggle
../data/raw/Garbage_Dataset_Classification/images/trash/trash_15439.jpg,trash,trash,kaggle
../data/raw/Garbage_Dataset_Classification/images/metal/metal_02114.jpg,metal_plastic,metal,kaggle
../data/raw/Garbage_Dataset_Classification/images/plastic/plastic_02344.jpg,metal_plastic,plastic,kaggle
../data/raw/Garbage_Dataset_Classification/images/glass/glass_03759.jpg,trash,glass,kaggle
../data/raw/Garbage_Dataset_Classification/images/paper/paper_02559.jpg,cardboard_paper,paper,kaggle
../data/raw/Garbage_Dataset_Classification/images/metal/metal_01485.jpg,metal_plastic,metal,kaggle
../data/raw/Garbage_Dataset_Classification/images/glass/glass_01472.jpg,trash,glass,kaggle
../data/raw/Garbage_Dataset_Classification/images/plastic/plastic_01810.jpg,metal_plastic,plastic,kaggle
../data/raw/Garbage_Dataset_Classification/images/cardboard/cardboard_00507.jpg,cardboard_paper,cardboard,kaggle
../data/raw/Garbage_Dataset_Classification/images/metal/metal_02029.jpg,metal_plastic,metal,kaggle
../data/raw/Garbage_Dataset_Classification/images/plastic/plastic_00787.jpg,metal_plastic,plastic,kaggle
../data/raw/Garbage_Dataset_Classification/images/glass/glass_05359.jpg,trash,glass,kaggle
../data/raw/Garbage_Dataset_Classification/images/plastic/plastic_01534.jpg,metal_plastic,plastic,kaggle
../data/raw/Garbage_Dataset_Classification/images/plastic/plastic_02418.jpg,metal_plastic,plastic,kaggle
../data/raw/Garbage_Dataset_Classification/images/trash/trash_01641.jpg,trash,trash,kaggle
../data/raw/Garbage_Dataset_Classification/images/glass/glass_01556.jpg,trash,glass,kaggle
../data/raw/Garbage_Dataset_Classification/images/metal/metal_01185.jpg,metal_plastic,metal,kaggle
../data/raw/Garbage_Dataset_Classification/images/glass/glass_00312.jpg,trash,glass,kaggle
../data/raw/Garbage_Dataset_Classification/images/trash/trash_06167.jpg,trash,trash,kaggle
../data/raw/Garbage_Dataset_Classification/images/cardboard/cardboard_02380.jpg,cardboard_paper,cardboard,kaggle
../data/raw/Garbage_Dataset_Classification/images/paper/paper_02135.jpg,cardboard_paper,paper,kaggle
../data/raw/Garbage_Dataset_Classification/images/plastic/plastic_01524.jpg,metal_plastic,plastic,kaggle
../data/raw/Garbage_Dataset_Classification/images/cardboard/cardboard_02794.jpg,cardboard_paper,cardboard,kaggle
../data/raw/Garbage_Dataset_Classification/images/trash/trash_19401.jpg,trash,trash,kaggle
../data/raw/Garbage_Dataset_Classification/images/metal/metal_02175.jpg,metal_plastic,metal,kaggle
../data/raw/Garbage_Dataset_Classification/images/trash/trash_02916.jpg,trash,trash,kaggle
../data/raw/Garbage_Dataset_Classification/images/metal/metal_02239.jpg,metal_plastic,metal,kaggle
../data/raw/Garbage_Dataset_Classification/images/paper/paper_00644.jpg,cardboard_paper,paper,kaggle
../data/raw/Garbage_Dataset_Classification/images/trash/trash_09569.jpg,trash,trash,kaggle
../data/raw/Garbage_Dataset_Classification/images/paper/paper_02581.jpg,cardboard_paper,paper,kaggle
../data/raw/Garbage_Dataset_Classification/images/trash/trash_09636.jpg,trash,trash,kaggle
../data/raw/Garbage_Dataset_Classification/images/trash/trash_00055.jpg,trash,trash,kaggle
../data/raw/Garbage_Dataset_Classification/images/plastic/plastic_02313.jpg,metal_plastic,plastic,kaggle
../data/raw/Garbage_Dataset_Classification/images/cardboard/cardboard_01818.jpg,cardboard_paper,cardboard,kaggle
../data/raw/Garbage_Dataset_Classification/images/glass/glass_04706.jpg,trash,glass,kaggle
../data/raw/Garbage_Dataset_Classification/images/cardboard/cardboard_02626.jpg,cardboard_paper,cardboard,kaggle
../data/raw/Garbage_Dataset_Classification/images/trash/trash_02540.jpg,trash,trash,kaggle
../data/raw/Garbage_Dataset_Classification/images/plastic/plastic_00634.jpg,metal_plastic,plastic,kaggle
../data/raw/Garbage_Dataset_Classification/images/metal/metal_01699.jpg,metal_plastic,metal,kaggle
../data/raw/Garbage_Dataset_Classification/images/metal/metal_01741.jpg,metal_plastic,metal,kaggle
../data/raw/Garbage_Dataset_Classification/images/metal/metal_02028.jpg,metal_plastic,metal,kaggle
../data/raw/Garbage_Dataset_Classification/images/cardboard/cardboard_02790.jpg,cardboard_paper,cardboard,kaggle
../data/raw/Garbage_Dataset_Classification/images/metal/metal_01942.jpg,metal_plastic,metal,kaggle
../data/raw/Garbage_Dataset_Classification/images/trash/trash_00583.jpg,trash,trash,kaggle
../data/raw/Garbage_Dataset_Classification/images/plastic/plastic_02603.jpg,metal_plastic,plastic,kaggle
../data/raw/Garbage_Dataset_Classification/images/metal/metal_01158.jpg,metal_plastic,metal,kaggle
../data/raw/Garbage_Dataset_Classification/images/metal/metal_02310.jpg,metal_plastic,metal,kaggle
../data/raw/Garbage_Dataset_Classification/images/glass/glass_02739.jpg,trash,glass,kaggle
../data/raw/Garbage_Dataset_Classification/images/trash/trash_18158.jpg,trash,trash,kaggle
../data/raw/Garbage_Dataset_Classification/images/metal/metal_01106.jpg,metal_plastic,metal,kaggle
../data/raw/Garbage_Dataset_Classification/images/glass/glass_05337.jpg,trash,glass,kaggle
../data/raw/Garbage_Dataset_Classification/images/paper/paper_00192.jpg,cardboard_paper,paper,kaggle
../data/raw/Garbage_Dataset_Classification/images/plastic/plastic_03257.jpg,metal_plastic,plastic,kaggle
../data/raw/Garbage_Dataset_Classification/images/cardboard/cardboard_01925.jpg,cardboard_paper,cardboard,kaggle
../data/raw/Garbage_Dataset_Classification/images/glass/glass_00584.jpg,trash,glass,kaggle
../data/raw/Garbage_Dataset_Classification/images/metal/metal_02508.jpg,metal_plastic,metal,kaggle
../data/raw/Garbage_Dataset_Classification/images/glass/glass_05443.jpg,trash,glass,kaggle
../data/raw/Garbage_Dataset_Classification/images/trash/trash_17574.jpg,trash,trash,kaggle
../data/raw/Garbage_Dataset_Classification/images/plastic/plastic_02643.jpg,metal_plastic,plastic,kaggle
../data/raw/Garbage_Dataset_Classification/images/paper/paper_02638.jpg,cardboard_paper,paper,kaggle
../data/custom/ecoglasses/9838E6EE-6C25-4537-BD6F-5912D19E552A_1_105_c.jpeg,ecoglasses,custom_ecoglasses,custom
../data/raw/Garbage_Dataset_Classification/images/glass/glass_04362.jpg,trash,glass,kaggle
../data/raw/Garbage_Dataset_Classification/images/glass/glass_02152.jpg,trash,glass,kaggle
../data/raw/Garbage_Dataset_Classification/images/metal/metal_00908.jpg,metal_plastic,metal,kaggle
../data/raw/Garbage_Dataset_Classification/images/plastic/plastic_01708.jpg,metal_plastic,plastic,kaggle
../data/raw/Garbage_Dataset_Classification/images/glass/glass_04958.jpg,trash,glass,kaggle
../data/raw/Garbage_Dataset_Classification/images/metal/metal_00740.jpg,metal_plastic,metal,kaggle
../data/raw/Garbage_Dataset_Classification/images/trash/trash_04355.jpg,trash,trash,kaggle
../data/raw/Garbage_Dataset_Classification/images/trash/trash_07030.jpg,trash,trash,kaggle
../data/raw/Garbage_Dataset_Classification/images/paper/paper_01979.jpg,cardboard_paper,paper,kaggle
../data/raw/Garbage_Dataset_Classification/images/cardboard/cardboard_00996.jpg,cardboard_paper,cardboard,kaggle
../data/raw/Garbage_Dataset_Classification/images/glass/glass_03022.jpg,trash,glass,kaggle
../data/raw/Garbage_Dataset_Classification/images/trash/trash_09730.jpg,trash,trash,kaggle
../data/raw/Garbage_Dataset_Classification/images/trash/trash_04424.jpg,trash,trash,kaggle
../data/raw/Garbage_Dataset_Classification/images/cardboard/cardboard_02681.jpg,cardboard_paper,cardboard,kaggle
../data/raw/Garbage_Dataset_Classification/images/plastic/plastic_02961.jpg,metal_plastic,plastic,kaggle
../data/raw/Garbage_Dataset_Classification/images/cardboard/cardboard_00284.jpg,cardboard_paper,cardboard,kaggle
../data/raw/Garbage_Dataset_Classification/images/plastic/plastic_03048.jpg,metal_plastic,plastic,kaggle
../data/raw/Garbage_Dataset_Classification/images/glass/glass_03657.jpg,trash,glass,kaggle
../data/raw/Garbage_Dataset_Classification/images/trash/trash_13598.jpg,trash,trash,kaggle
../data/raw/Garbage_Dataset_Classification/images/paper/paper_00673.jpg,cardboard_paper,paper,kaggle
../data/raw/Garbage_Dataset_Classification/images/paper/paper_01885.jpg,cardboard_paper,paper,kaggle
../data/raw/Garbage_Dataset_Classification/images/paper/paper_00502.jpg,cardboard_paper,paper,kaggle
../data/raw/Garbage_Dataset_Classification/images/plastic/plastic_00765.jpg,metal_plastic,plastic,kaggle
../data/raw/Garbage_Dataset_Classification/images/glass/glass_01291.jpg,trash,glass,kaggle
../data/raw/Garbage_Dataset_Classification/images/paper/paper_01262.jpg,cardboard_paper,paper,kaggle
../data/raw/Garbage_Dataset_Classification/images/cardboard/cardboard_01609.jpg,cardboard_paper,cardboard,kaggle
../data/raw/Garbage_Dataset_Classification/images/paper/paper_01344.jpg,cardboard_paper,paper,kaggle
../data/raw/Garbage_Dataset_Classification/images/cardboard/cardboard_01323.jpg,cardboard_paper,cardboard,kaggle
../data/raw/Garbage_Dataset_Classification/images/glass/glass_05039.jpg,trash,glass,kaggle
../data/raw/Garbage_Dataset_Classification/images/glass/glass_04863.jpg,trash,glass,kaggle
../data/raw/Garbage_Dataset_Classification/images/paper/paper_02473.jpg,cardboard_paper,paper,kaggle
../data/raw/Garbage_Dataset_Classification/images/metal/metal_01243.jpg,metal_plastic,metal,kaggle
../data/raw/Garbage_Dataset_Classification/images/plastic/plastic_02214.jpg,metal_plastic,plastic,kaggle
../data/raw/Garbage_Dataset_Classification/images/glass/glass_05502.jpg,trash,glass,kaggle
../data/raw/Garbage_Dataset_Classification/images/trash/trash_13861.jpg,trash,trash,kaggle
../data/raw/Garbage_Dataset_Classification/images/trash/trash_12413.jpg,trash,trash,kaggle
../data/raw/Garbage_Dataset_Classification/images/metal/metal_01195.jpg,metal_plastic,metal,kaggle
../data/raw/Garbage_Dataset_Classification/images/glass/glass_04739.jpg,trash,glass,kaggle
../data/raw/Garbage_Dataset_Classification/images/glass/glass_05509.jpg,trash,glass,kaggle
../data/raw/Garbage_Dataset_Classification/images/glass/glass_02910.jpg,trash,glass,kaggle
../data/raw/Garbage_Dataset_Classification/images/metal/metal_00762.jpg,metal_plastic,metal,kaggle
../data/raw/Garbage_Dataset_Classification/images/paper/paper_01350.jpg,cardboard_paper,paper,kaggle
../data/raw/Garbage_Dataset_Classification/images/trash/trash_08118.jpg,trash,trash,kaggle
../data/raw/Garbage_Dataset_Classification/images/glass/glass_02874.jpg,trash,glass,kaggle
../data/raw/Garbage_Dataset_Classification/images/plastic/plastic_02496.jpg,metal_plastic,plastic,kaggle
../data/raw/Garbage_Dataset_Classification/images/paper/paper_03129.jpg,cardboard_paper,paper,kaggle
../data/raw/Garbage_Dataset_Classification/images/glass/glass_01607.jpg,trash,glass,kaggle
../data/raw/Garbage_Dataset_Classification/images/trash/trash_11870.jpg,trash,trash,kaggle
../data/raw/Garbage_Dataset_Classification/images/glass/glass_00956.jpg,trash,glass,kaggle
../data/raw/Garbage_Dataset_Classification/images/metal/metal_01221.jpg,metal_plastic,metal,kaggle
../data/raw/Garbage_Dataset_Classification/images/cardboard/cardboard_02339.jpg,cardboard_paper,cardboard,kaggle
../data/raw/Garbage_Dataset_Classification/images/paper/paper_00928.jpg,cardboard_paper,paper,kaggle
../data/raw/Garbage_Dataset_Classification/images/plastic/plastic_02233.jpg,metal_plastic,plastic,kaggle
../data/raw/Garbage_Dataset_Classification/images/cardboard/cardboard_02894.jpg,cardboard_paper,cardboard,kaggle
../data/raw/Garbage_Dataset_Classification/images/paper/paper_00358.jpg,cardboard_paper,paper,kaggle
../data/raw/Garbage_Dataset_Classification/images/metal/metal_00631.jpg,metal_plastic,metal,kaggle
../data/raw/Garbage_Dataset_Classification/images/trash/trash_19286.jpg,trash,trash,kaggle
../data/raw/Garbage_Dataset_Classification/images/paper/paper_02320.jpg,cardboard_paper,paper,kaggle
../data/raw/Garbage_Dataset_Classification/images/paper/paper_02529.jpg,cardboard_paper,paper,kaggle
../data/raw/Garbage_Dataset_Classification/images/trash/trash_15775.jpg,trash,trash,kaggle
../data/raw/Garbage_Dataset_Classification/images/plastic/plastic_01803.jpg,metal_plastic,plastic,kaggle
../data/raw/Garbage_Dataset_Classification/images/paper/paper_01490.jpg,cardboard_paper,paper,kaggle
../data/raw/Garbage_Dataset_Classification/images/trash/trash_01428.jpg,trash,trash,kaggle
../data/raw/Garbage_Dataset_Classification/images/plastic/plastic_01610.jpg,metal_plastic,plastic,kaggle
../data/raw/Garbage_Dataset_Classification/images/trash/trash_06966.jpg,trash,trash,kaggle
../data/raw/Garbage_Dataset_Classification/images/plastic/plastic_02689.jpg,metal_plastic,plastic,kaggle
../data/raw/Garbage_Dataset_Classification/images/plastic/plastic_02024.jpg,metal_plastic,plastic,kaggle
../data/raw/Garbage_Dataset_Classification/images/metal/metal_01275.jpg,metal_plastic,metal,kaggle
../data/raw/Garbage_Dataset_Classification/images/cardboard/cardboard_02275.jpg,cardboard_paper,cardboard,kaggle
../data/raw/Garbage_Dataset_Classification/images/cardboard/cardboard_01875.jpg,cardboard_paper,cardboard,kaggle
../data/raw/Garbage_Dataset_Classification/images/plastic/plastic_00892.jpg,metal_plastic,plastic,kaggle
../data/raw/Garbage_Dataset_Classification/images/trash/trash_12253.jpg,trash,trash,kaggle
../data/raw/Garbage_Dataset_Classification/images/metal/metal_01701.jpg,metal_plastic,metal,kaggle
../data/raw/Garbage_Dataset_Classification/images/plastic/plastic_02484.jpg,metal_plastic,plastic,kaggle
../data/raw/Garbage_Dataset_Classification/images/plastic/plastic_02950.jpg,metal_plastic,plastic,kaggle
../data/raw/Garbage_Dataset_Classification/images/glass/glass_04885.jpg,trash,glass,kaggle
../data/raw/Garbage_Dataset_Classification/images/plastic/plastic_03112.jpg,metal_plastic,plastic,kaggle
../data/raw/Garbage_Dataset_Classification/images/metal/metal_00775.jpg,metal_plastic,metal,kaggle
../data/raw/Garbage_Dataset_Classification/images/glass/glass_00571.jpg,trash,glass,kaggle
../data/raw/Garbage_Dataset_Classification/images/glass/glass_04431.jpg,trash,glass,kaggle
../data/raw/Garbage_Dataset_Classification/images/plastic/plastic_01484.jpg,metal_plastic,plastic,kaggle
../data/raw/Garbage_Dataset_Classification/images/paper/paper_02361.jpg,cardboard_paper,paper,kaggle
../data/raw/Garbage_Dataset_Classification/images/plastic/plastic_02201.jpg,metal_plastic,plastic,kaggle
../data/raw/Garbage_Dataset_Classification/images/trash/trash_09794.jpg,trash,trash,kaggle
../data/raw/Garbage_Dataset_Classification/images/glass/glass_03480.jpg,trash,glass,kaggle
../data/raw/Garbage_Dataset_Classification/images/cardboard/cardboard_01992.jpg,cardboard_paper,cardboard,kaggle
../data/raw/Garbage_Dataset_Classification/images/paper/paper_02391.jpg,cardboard_paper,paper,kaggle
../data/raw/Garbage_Dataset_Classification/images/trash/trash_00686.jpg,trash,trash,kaggle
../data/raw/Garbage_Dataset_Classification/images/paper/paper_02996.jpg,cardboard_paper,paper,kaggle
../data/raw/Garbage_Dataset_Classification/images/cardboard/cardboard_02149.jpg,cardboard_paper,cardboard,kaggle
../data/raw/Garbage_Dataset_Classification/images/glass/glass_01310.jpg,trash,glass,kaggle
../data/raw/Garbage_Dataset_Classification/images/plastic/plastic_00580.jpg,metal_plastic,plastic,kaggle
../data/raw/Garbage_Dataset_Classification/images/paper/paper_01972.jpg,cardboard_paper,paper,kaggle
../data/raw/Garbage_Dataset_Classification/images/metal/metal_01870.jpg,metal_plastic,metal,kaggle
../data/raw/Garbage_Dataset_Classification/images/metal/metal_01575.jpg,metal_plastic,metal,kaggle
../data/raw/Garbage_Dataset_Classification/images/plastic/plastic_03199.jpg,metal_plastic,plastic,kaggle
../data/raw/Garbage_Dataset_Classification/images/trash/trash_16260.jpg,trash,trash,kaggle
../data/raw/Garbage_Dataset_Classification/images/cardboard/cardboard_02139.jpg,cardboard_paper,cardboard,kaggle
../data/raw/Garbage_Dataset_Classification/images/trash/trash_03511.jpg,trash,trash,kaggle
../data/raw/Garbage_Dataset_Classification/images/metal/metal_01281.jpg,metal_plastic,metal,kaggle
../data/raw/Garbage_Dataset_Classification/images/cardboard/cardboard_01390.jpg,cardboard_paper,cardboard,kaggle
../data/raw/Garbage_Dataset_Classification/images/paper/paper_01958.jpg,cardboard_paper,paper,kaggle
../data/raw/Garbage_Dataset_Classification/images/paper/paper_00148.jpg,cardboard_paper,paper,kaggle
../data/raw/Garbage_Dataset_Classification/images/plastic/plastic_01415.jpg,metal_plastic,plastic,kaggle
../data/raw/Garbage_Dataset_Classification/images/glass/glass_04402.jpg,trash,glass,kaggle
../data/raw/Garbage_Dataset_Classification/images/plastic/plastic_00013.jpg,metal_plastic,plastic,kaggle
../data/raw/Garbage_Dataset_Classification/images/glass/glass_02790.jpg,trash,glass,kaggle
../data/raw/Garbage_Dataset_Classification/images/glass/glass_01437.jpg,trash,glass,kaggle
../data/raw/Garbage_Dataset_Classification/images/cardboard/cardboard_00847.jpg,cardboard_paper,cardboard,kaggle
../data/raw/Garbage_Dataset_Classification/images/metal/metal_01439.jpg,metal_plastic,metal,kaggle
../data/raw/Garbage_Dataset_Classification/images/trash/trash_01149.jpg,trash,trash,kaggle
../data/raw/Garbage_Dataset_Classification/images/metal/metal_02206.jpg,metal_plastic,metal,kaggle
../data/raw/Garbage_Dataset_Classification/images/glass/glass_03627.jpg,trash,glass,kaggle
../data/raw/Garbage_Dataset_Classification/images/cardboard/cardboard_01791.jpg,cardboard_paper,cardboard,kaggle
../data/raw/Garbage_Dataset_Classification/images/plastic/plastic_01518.jpg,metal_plastic,plastic,kaggle
../data/raw/Garbage_Dataset_Classification/images/paper/paper_01511.jpg,cardboard_paper,paper,kaggle
../data/raw/Garbage_Dataset_Classification/images/glass/glass_03201.jpg,trash,glass,kaggle
../data/raw/Garbage_Dataset_Classification/images/trash/trash_13708.jpg,trash,trash,kaggle
../data/raw/Garbage_Dataset_Classification/images/plastic/plastic_02364.jpg,metal_plastic,plastic,kaggle
../data/raw/Garbage_Dataset_Classification/images/paper/paper_01037.jpg,cardboard_paper,paper,kaggle
../data/raw/Garbage_Dataset_Classification/images/trash/trash_03589.jpg,trash,trash,kaggle
../data/raw/Garbage_Dataset_Classification/images/cardboard/cardboard_00559.jpg,cardboard_paper,cardboard,kaggle
../data/raw/Garbage_Dataset_Classification/images/metal/metal_01618.jpg,metal_plastic,metal,kaggle
../data/raw/Garbage_Dataset_Classification/images/cardboard/cardboard_02123.jpg,cardboard_paper,cardboard,kaggle
../data/raw/Garbage_Dataset_Classification/images/glass/glass_02469.jpg,trash,glass,kaggle
../data/raw/Garbage_Dataset_Classification/images/cardboard/cardboard_02248.jpg,cardboard_paper,cardboard,kaggle
../data/raw/Garbage_Dataset_Classification/images/plastic/plastic_02898.jpg,metal_plastic,plastic,kaggle
../data/raw/Garbage_Dataset_Classification/images/paper/paper_02913.jpg,cardboard_paper,paper,kaggle
../data/raw/Garbage_Dataset_Classification/images/metal/metal_00563.jpg,metal_plastic,metal,kaggle
../data/raw/Garbage_Dataset_Classification/images/glass/glass_01311.jpg,trash,glass,kaggle
../data/raw/Garbage_Dataset_Classification/images/paper/paper_02654.jpg,cardboard_paper,paper,kaggle
../data/raw/Garbage_Dataset_Classification/images/trash/trash_19517.jpg,trash,trash,kaggle
../data/raw/Garbage_Dataset_Classification/images/cardboard/cardboard_01742.jpg,cardboard_paper,cardboard,kaggle
../data/raw/Garbage_Dataset_Classification/images/paper/paper_02388.jpg,cardboard_paper,paper,kaggle
../data/raw/Garbage_Dataset_Classification/images/plastic/plastic_01205.jpg,metal_plastic,plastic,kaggle
../data/raw/Garbage_Dataset_Classification/images/glass/glass_03770.jpg,trash,glass,kaggle
../data/raw/Garbage_Dataset_Classification/images/glass/glass_02989.jpg,trash,glass,kaggle
../data/raw/Garbage_Dataset_Classification/images/glass/glass_03533.jpg,trash,glass,kaggle
../data/raw/Garbage_Dataset_Classification/images/cardboard/cardboard_00841.jpg,cardboard_paper,cardboard,kaggle
../data/raw/Garbage_Dataset_Classification/images/trash/trash_14758.jpg,trash,trash,kaggle
../data/raw/Garbage_Dataset_Classification/images/plastic/plastic_02062.jpg,metal_plastic,plastic,kaggle
../data/raw/Garbage_Dataset_Classification/images/trash/trash_05711.jpg,trash,trash,kaggle
../data/raw/Garbage_Dataset_Classification/images/glass/glass_01103.jpg,trash,glass,kaggle
../data/raw/Garbage_Dataset_Classification/images/paper/paper_01856.jpg,cardboard_paper,paper,kaggle
../data/raw/Garbage_Dataset_Classification/images/paper/paper_01162.jpg,cardboard_paper,paper,kaggle
../data/raw/Garbage_Dataset_Classification/images/trash/trash_11922.jpg,trash,trash,kaggle
../data/raw/Garbage_Dataset_Classification/images/paper/paper_01881.jpg,cardboard_paper,paper,kaggle
../data/raw/Garbage_Dataset_Classification/images/glass/glass_05453.jpg,trash,glass,kaggle
../data/raw/Garbage_Dataset_Classification/images/glass/glass_04451.jpg,trash,glass,kaggle
../data/raw/Garbage_Dataset_Classification/images/trash/trash_03070.jpg,trash,trash,kaggle
../data/raw/Garbage_Dataset_Classification/images/glass/glass_02380.jpg,trash,glass,kaggle
../data/raw/Garbage_Dataset_Classification/images/cardboard/cardboard_02914.jpg,cardboard_paper,cardboard,kaggle
../data/raw/Garbage_Dataset_Classification/images/glass/glass_00219.jpg,trash,glass,kaggle
../data/raw/Garbage_Dataset_Classification/images/trash/trash_18862.jpg,trash,trash,kaggle
../data/raw/Garbage_Dataset_Classification/images/metal/metal_01823.jpg,metal_plastic,metal,kaggle
../data/raw/Garbage_Dataset_Classification/images/glass/glass_05456.jpg,trash,glass,kaggle
../data/raw/Garbage_Dataset_Classification/images/glass/glass_00238.jpg,trash,glass,kaggle
../data/raw/Garbage_Dataset_Classification/images/cardboard/cardboard_02266.jpg,cardboard_paper,cardboard,kaggle
../data/raw/Garbage_Dataset_Classification/images/trash/trash_19311.jpg,trash,trash,kaggle
../data/raw/Garbage_Dataset_Classification/images/glass/glass_02425.jpg,trash,glass,kaggle
../data/raw/Garbage_Dataset_Classification/images/plastic/plastic_02291.jpg,metal_plastic,plastic,kaggle
../data/raw/Garbage_Dataset_Classification/images/cardboard/cardboard_01411.jpg,cardboard_paper,cardboard,kaggle
../data/raw/Garbage_Dataset_Classification/images/glass/glass_00637.jpg,trash,glass,kaggle
../data/raw/Garbage_Dataset_Classification/images/metal/metal_01762.jpg,metal_plastic,metal,kaggle
../data/raw/Garbage_Dataset_Classification/images/metal/metal_02110.jpg,metal_plastic,metal,kaggle
../data/raw/Garbage_Dataset_Classification/images/paper/paper_00438.jpg,cardboard_paper,paper,kaggle
../data/raw/Garbage_Dataset_Classification/images/metal/metal_01265.jpg,metal_plastic,metal,kaggle
../data/raw/Garbage_Dataset_Classification/images/trash/trash_15479.jpg,trash,trash,kaggle
../data/raw/Garbage_Dataset_Classification/images/metal/metal_00612.jpg,metal_plastic,metal,kaggle
../data/raw/Garbage_Dataset_Classification/images/metal/metal_02108.jpg,metal_plastic,metal,kaggle
../data/raw/Garbage_Dataset_Classification/images/glass/glass_02952.jpg,trash,glass,kaggle
../data/raw/Garbage_Dataset_Classification/images/trash/trash_02822.jpg,trash,trash,kaggle
../data/raw/Garbage_Dataset_Classification/images/metal/metal_01466.jpg,metal_plastic,metal,kaggle
../data/raw/Garbage_Dataset_Classification/images/metal/metal_00856.jpg,metal_plastic,metal,kaggle
../data/raw/Garbage_Dataset_Classification/images/glass/glass_01356.jpg,trash,glass,kaggle
../data/raw/Garbage_Dataset_Classification/images/paper/paper_03000.jpg,cardboard_paper,paper,kaggle
../data/raw/Garbage_Dataset_Classification/images/paper/paper_00684.jpg,cardboard_paper,paper,kaggle
../data/raw/Garbage_Dataset_Classification/images/metal/metal_01229.jpg,metal_plastic,metal,kaggle
../data/raw/Garbage_Dataset_Classification/images/metal/metal_02541.jpg,metal_plastic,metal,kaggle
../data/raw/Garbage_Dataset_Classification/images/trash/trash_01744.jpg,trash,trash,kaggle
../data/raw/Garbage_Dataset_Classification/images/glass/glass_00461.jpg,trash,glass,kaggle
../data/raw/Garbage_Dataset_Classification/images/trash/trash_03129.jpg,trash,trash,kaggle
../data/raw/Garbage_Dataset_Classification/images/trash/trash_10009.jpg,trash,trash,kaggle
../data/raw/Garbage_Dataset_Classification/images/metal/metal_02003.jpg,metal_plastic,metal,kaggle
../data/raw/Garbage_Dataset_Classification/images/metal/metal_01259.jpg,metal_plastic,metal,kaggle
../data/raw/Garbage_Dataset_Classification/images/paper/paper_02835.jpg,cardboard_paper,paper,kaggle
../data/raw/Garbage_Dataset_Classification/images/trash/trash_18089.jpg,trash,trash,kaggle
../data/raw/Garbage_Dataset_Classification/images/glass/glass_03698.jpg,trash,glass,kaggle
../data/raw/Garbage_Dataset_Classification/images/glass/glass_05383.jpg,trash,glass,kaggle
../data/raw/Garbage_Dataset_Classification/images/plastic/plastic_00422.jpg,metal_plastic,plastic,kaggle
../data/raw/Garbage_Dataset_Classification/images/plastic/plastic_02634.jpg,metal_plastic,plastic,kaggle
../data/raw/Garbage_Dataset_Classification/images/cardboard/cardboard_02056.jpg,cardboard_paper,cardboard,kaggle
../data/raw/Garbage_Dataset_Classification/images/glass/glass_03490.jpg,trash,glass,kaggle
../data/raw/Garbage_Dataset_Classification/images/paper/paper_00564.jpg,cardboard_paper,paper,kaggle
../data/raw/Garbage_Dataset_Classification/images/cardboard/cardboard_00440.jpg,cardboard_paper,cardboard,kaggle
../data/raw/Garbage_Dataset_Classification/images/glass/glass_02985.jpg,trash,glass,kaggle
../data/raw/Garbage_Dataset_Classification/images/metal/metal_01534.jpg,metal_plastic,metal,kaggle
../data/raw/Garbage_Dataset_Classification/images/cardboard/cardboard_03030.jpg,cardboard_paper,cardboard,kaggle
../data/raw/Garbage_Dataset_Classification/images/paper/paper_03215.jpg,cardboard_paper,paper,kaggle
../data/raw/Garbage_Dataset_Classification/images/plastic/plastic_00809.jpg,metal_plastic,plastic,kaggle
../data/raw/Garbage_Dataset_Classification/images/cardboard/cardboard_00347.jpg,cardboard_paper,cardboard,kaggle
../data/raw/Garbage_Dataset_Classification/images/cardboard/cardboard_02469.jpg,cardboard_paper,cardboard,kaggle
../data/raw/Garbage_Dataset_Classification/images/metal/metal_02041.jpg,metal_plastic,metal,kaggle
../data/raw/Garbage_Dataset_Classification/images/trash/trash_09035.jpg,trash,trash,kaggle
../data/raw/Garbage_Dataset_Classification/images/cardboard/cardboard_00249.jpg,cardboard_paper,cardboard,kaggle
../data/raw/Garbage_Dataset_Classification/images/plastic/plastic_00910.jpg,metal_plastic,plastic,kaggle
../data/raw/Garbage_Dataset_Classification/images/glass/glass_05437.jpg,trash,glass,kaggle
../data/raw/Garbage_Dataset_Classification/images/metal/metal_01801.jpg,metal_plastic,metal,kaggle
../data/raw/Garbage_Dataset_Classification/images/paper/paper_02697.jpg,cardboard_paper,paper,kaggle
../data/raw/Garbage_Dataset_Classification/images/trash/trash_20209.jpg,trash,trash,kaggle
../data/raw/Garbage_Dataset_Classification/images/trash/trash_01263.jpg,trash,trash,kaggle
../data/raw/Garbage_Dataset_Classification/images/plastic/plastic_02419.jpg,metal_plastic,plastic,kaggle
../data/raw/Garbage_Dataset_Classification/images/metal/metal_00319.jpg,metal_plastic,metal,kaggle
../data/raw/Garbage_Dataset_Classification/images/cardboard/cardboard_02815.jpg,cardboard_paper,cardboard,kaggle
../data/raw/Garbage_Dataset_Classification/images/plastic/plastic_03260.jpg,metal_plastic,plastic,kaggle
../data/raw/Garbage_Dataset_Classification/images/glass/glass_01032.jpg,trash,glass,kaggle
../data/raw/Garbage_Dataset_Classification/images/metal/metal_02603.jpg,metal_plastic,metal,kaggle
../data/raw/Garbage_Dataset_Classification/images/glass/glass_02190.jpg,trash,glass,kaggle
../data/raw/Garbage_Dataset_Classification/images/trash/trash_07788.jpg,trash,trash,kaggle
../data/raw/Garbage_Dataset_Classification/images/metal/metal_00860.jpg,metal_plastic,metal,kaggle
../data/raw/Garbage_Dataset_Classification/images/glass/glass_01064.jpg,trash,glass,kaggle
../data/raw/Garbage_Dataset_Classification/images/glass/glass_00774.jpg,trash,glass,kaggle
../data/raw/Garbage_Dataset_Classification/images/trash/trash_03620.jpg,trash,trash,kaggle
../data/raw/Garbage_Dataset_Classification/images/plastic/plastic_02215.jpg,metal_plastic,plastic,kaggle
../data/raw/Garbage_Dataset_Classification/images/plastic/plastic_02538.jpg,metal_plastic,plastic,kaggle
../data/raw/Garbage_Dataset_Classification/images/glass/glass_04525.jpg,trash,glass,kaggle
../data/raw/Garbage_Dataset_Classification/images/trash/trash_12670.jpg,trash,trash,kaggle
../data/raw/Garbage_Dataset_Classification/images/metal/metal_02040.jpg,metal_plastic,metal,kaggle
../data/raw/Garbage_Dataset_Classification/images/glass/glass_03671.jpg,trash,glass,kaggle
../data/raw/Garbage_Dataset_Classification/images/cardboard/cardboard_02131.jpg,cardboard_paper,cardboard,kaggle
../data/raw/Garbage_Dataset_Classification/images/metal/metal_01112.jpg,metal_plastic,metal,kaggle
../data/raw/Garbage_Dataset_Classification/images/metal/metal_01130.jpg,metal_plastic,metal,kaggle
../data/raw/Garbage_Dataset_Classification/images/glass/glass_03525.jpg,trash,glass,kaggle
../data/raw/Garbage_Dataset_Classification/images/metal/metal_00322.jpg,metal_plastic,metal,kaggle
../data/raw/Garbage_Dataset_Classification/images/metal/metal_01531.jpg,metal_plastic,metal,kaggle
../data/raw/Garbage_Dataset_Classification/images/plastic/plastic_00309.jpg,metal_plastic,plastic,kaggle
../data/raw/Garbage_Dataset_Classification/images/glass/glass_00687.jpg,trash,glass,kaggle
../data/raw/Garbage_Dataset_Classification/images/cardboard/cardboard_02992.jpg,cardboard_paper,cardboard,kaggle
../data/raw/Garbage_Dataset_Classification/images/paper/paper_00722.jpg,cardboard_paper,paper,kaggle
../data/raw/Garbage_Dataset_Classification/images/paper/paper_03231.jpg,cardboard_paper,paper,kaggle
../data/custom/ecoglasses/36D77F8D-047C-4CFF-90DB-84C68D503BD6_1_105_c.jpeg,ecoglasses,custom_ecoglasses,custom
../data/raw/Garbage_Dataset_Classification/images/trash/trash_02060.jpg,trash,trash,kaggle
../data/raw/Garbage_Dataset_Classification/images/glass/glass_01859.jpg,trash,glass,kaggle
../data/raw/Garbage_Dataset_Classification/images/glass/glass_02877.jpg,trash,glass,kaggle
../data/raw/Garbage_Dataset_Classification/images/metal/metal_02023.jpg,metal_plastic,metal,kaggle
../data/raw/Garbage_Dataset_Classification/images/metal/metal_02405.jpg,metal_plastic,metal,kaggle
../data/raw/Garbage_Dataset_Classification/images/metal/metal_02643.jpg,metal_plastic,metal,kaggle
../data/raw/Garbage_Dataset_Classification/images/plastic/plastic_00262.jpg,metal_plastic,plastic,kaggle
../data/raw/Garbage_Dataset_Classification/images/glass/glass_00603.jpg,trash,glass,kaggle
../data/raw/Garbage_Dataset_Classification/images/glass/glass_04123.jpg,trash,glass,kaggle
../data/raw/Garbage_Dataset_Classification/images/trash/trash_17661.jpg,trash,trash,kaggle
../data/raw/Garbage_Dataset_Classification/images/trash/trash_01050.jpg,trash,trash,kaggle
../data/raw/Garbage_Dataset_Classification/images/metal/metal_00215.jpg,metal_plastic,metal,kaggle
../data/raw/Garbage_Dataset_Classification/images/metal/metal_02660.jpg,metal_plastic,metal,kaggle
../data/raw/Garbage_Dataset_Classification/images/paper/paper_01441.jpg,cardboard_paper,paper,kaggle
../data/raw/Garbage_Dataset_Classification/images/trash/trash_19058.jpg,trash,trash,kaggle
../data/raw/Garbage_Dataset_Classification/images/trash/trash_09454.jpg,trash,trash,kaggle
../data/raw/Garbage_Dataset_Classification/images/trash/trash_20086.jpg,trash,trash,kaggle
../data/raw/Garbage_Dataset_Classification/images/glass/glass_05157.jpg,trash,glass,kaggle
../data/raw/Garbage_Dataset_Classification/images/paper/paper_00811.jpg,cardboard_paper,paper,kaggle
../data/raw/Garbage_Dataset_Classification/images/plastic/plastic_01146.jpg,metal_plastic,plastic,kaggle
../data/raw/Garbage_Dataset_Classification/images/metal/metal_02316.jpg,metal_plastic,metal,kaggle
../data/raw/Garbage_Dataset_Classification/images/paper/paper_01372.jpg,cardboard_paper,paper,kaggle
../data/raw/Garbage_Dataset_Classification/images/trash/trash_06845.jpg,trash,trash,kaggle
../data/raw/Garbage_Dataset_Classification/images/paper/paper_01925.jpg,cardboard_paper,paper,kaggle
../data/raw/Garbage_Dataset_Classification/images/trash/trash_11584.jpg,trash,trash,kaggle
../data/raw/Garbage_Dataset_Classification/images/plastic/plastic_03118.jpg,metal_plastic,plastic,kaggle
../data/raw/Garbage_Dataset_Classification/images/metal/metal_00897.jpg,metal_plastic,metal,kaggle
../data/raw/Garbage_Dataset_Classification/images/trash/trash_00436.jpg,trash,trash,kaggle
../data/raw/Garbage_Dataset_Classification/images/trash/trash_19031.jpg,trash,trash,kaggle
../data/raw/Garbage_Dataset_Classification/images/plastic/plastic_00299.jpg,metal_plastic,plastic,kaggle
../data/raw/Garbage_Dataset_Classification/images/metal/metal_02324.jpg,metal_plastic,metal,kaggle
../data/raw/Garbage_Dataset_Classification/images/cardboard/cardboard_01777.jpg,cardboard_paper,cardboard,kaggle
../data/raw/Garbage_Dataset_Classification/images/paper/paper_00111.jpg,cardboard_paper,paper,kaggle
../data/raw/Garbage_Dataset_Classification/images/paper/paper_00471.jpg,cardboard_paper,paper,kaggle
../data/raw/Garbage_Dataset_Classification/images/trash/trash_01492.jpg,trash,trash,kaggle
../data/raw/Garbage_Dataset_Classification/images/paper/paper_02861.jpg,cardboard_paper,paper,kaggle
../data/raw/Garbage_Dataset_Classification/images/trash/trash_18331.jpg,trash,trash,kaggle
../data/raw/Garbage_Dataset_Classification/images/metal/metal_01896.jpg,metal_plastic,metal,kaggle
../data/raw/Garbage_Dataset_Classification/images/paper/paper_03175.jpg,cardboard_paper,paper,kaggle
../data/raw/Garbage_Dataset_Classification/images/glass/glass_02587.jpg,trash,glass,kaggle
../data/raw/Garbage_Dataset_Classification/images/trash/trash_19205.jpg,trash,trash,kaggle
../data/raw/Garbage_Dataset_Classification/images/trash/trash_08065.jpg,trash,trash,kaggle
../data/raw/Garbage_Dataset_Classification/images/glass/glass_01649.jpg,trash,glass,kaggle
../data/raw/Garbage_Dataset_Classification/images/plastic/plastic_00302.jpg,metal_plastic,plastic,kaggle
../data/raw/Garbage_Dataset_Classification/images/glass/glass_05247.jpg,trash,glass,kaggle
../data/raw/Garbage_Dataset_Classification/images/cardboard/cardboard_03095.jpg,cardboard_paper,cardboard,kaggle
../data/raw/Garbage_Dataset_Classification/images/glass/glass_02712.jpg,trash,glass,kaggle
../data/raw/Garbage_Dataset_Classification/images/metal/metal_02682.jpg,metal_plastic,metal,kaggle
../data/raw/Garbage_Dataset_Classification/images/paper/paper_01068.jpg,cardboard_paper,paper,kaggle
../data/raw/Garbage_Dataset_Classification/images/plastic/plastic_01872.jpg,metal_plastic,plastic,kaggle
../data/raw/Garbage_Dataset_Classification/images/plastic/plastic_02294.jpg,metal_plastic,plastic,kaggle
../data/raw/Garbage_Dataset_Classification/images/plastic/plastic_01536.jpg,metal_plastic,plastic,kaggle
../data/raw/Garbage_Dataset_Classification/images/cardboard/cardboard_01112.jpg,cardboard_paper,cardboard,kaggle
../data/raw/Garbage_Dataset_Classification/images/glass/glass_03861.jpg,trash,glass,kaggle
../data/raw/Garbage_Dataset_Classification/images/glass/glass_03981.jpg,trash,glass,kaggle
../data/raw/Garbage_Dataset_Classification/images/plastic/plastic_01662.jpg,metal_plastic,plastic,kaggle
../data/raw/Garbage_Dataset_Classification/images/plastic/plastic_02165.jpg,metal_plastic,plastic,kaggle
../data/raw/Garbage_Dataset_Classification/images/cardboard/cardboard_02172.jpg,cardboard_paper,cardboard,kaggle
../data/raw/Garbage_Dataset_Classification/images/paper/paper_02371.jpg,cardboard_paper,paper,kaggle
../data/raw/Garbage_Dataset_Classification/images/paper/paper_00536.jpg,cardboard_paper,paper,kaggle
../data/raw/Garbage_Dataset_Classification/images/paper/paper_01896.jpg,cardboard_paper,paper,kaggle
../data/raw/Garbage_Dataset_Classification/images/glass/glass_02091.jpg,trash,glass,kaggle
../data/raw/Garbage_Dataset_Classification/images/cardboard/cardboard_01817.jpg,cardboard_paper,cardboard,kaggle
../data/raw/Garbage_Dataset_Classification/images/metal/metal_02472.jpg,metal_plastic,metal,kaggle
../data/raw/Garbage_Dataset_Classification/images/paper/paper_02594.jpg,cardboard_paper,paper,kaggle
../data/raw/Garbage_Dataset_Classification/images/metal/metal_02073.jpg,metal_plastic,metal,kaggle
../data/raw/Garbage_Dataset_Classification/images/trash/trash_02490.jpg,trash,trash,kaggle
../data/raw/Garbage_Dataset_Classification/images/plastic/plastic_01547.jpg,metal_plastic,plastic,kaggle
../data/raw/Garbage_Dataset_Classification/images/glass/glass_03190.jpg,trash,glass,kaggle
../data/raw/Garbage_Dataset_Classification/images/paper/paper_01908.jpg,cardboard_paper,paper,kaggle
../data/raw/Garbage_Dataset_Classification/images/cardboard/cardboard_00214.jpg,cardboard_paper,cardboard,kaggle
../data/raw/Garbage_Dataset_Classification/images/glass/glass_03110.jpg,trash,glass,kaggle
../data/raw/Garbage_Dataset_Classification/images/paper/paper_00013.jpg,cardboard_paper,paper,kaggle
../data/raw/Garbage_Dataset_Classification/images/cardboard/cardboard_02576.jpg,cardboard_paper,cardboard,kaggle
../data/raw/Garbage_Dataset_Classification/images/cardboard/cardboard_00747.jpg,cardboard_paper,cardboard,kaggle
../data/raw/Garbage_Dataset_Classification/images/cardboard/cardboard_02341.jpg,cardboard_paper,cardboard,kaggle
../data/raw/Garbage_Dataset_Classification/images/paper/paper_01401.jpg,cardboard_paper,paper,kaggle
../data/raw/Garbage_Dataset_Classification/images/plastic/plastic_02940.jpg,metal_plastic,plastic,kaggle
../data/raw/Garbage_Dataset_Classification/images/cardboard/cardboard_02781.jpg,cardboard_paper,cardboard,kaggle
../data/raw/Garbage_Dataset_Classification/images/trash/trash_13648.jpg,trash,trash,kaggle
../data/raw/Garbage_Dataset_Classification/images/metal/metal_02629.jpg,metal_plastic,metal,kaggle
../data/raw/Garbage_Dataset_Classification/images/cardboard/cardboard_02955.jpg,cardboard_paper,cardboard,kaggle
../data/raw/Garbage_Dataset_Classification/images/cardboard/cardboard_02993.jpg,cardboard_paper,cardboard,kaggle
../data/raw/Garbage_Dataset_Classification/images/metal/metal_01632.jpg,metal_plastic,metal,kaggle
../data/raw/Garbage_Dataset_Classification/images/paper/paper_01665.jpg,cardboard_paper,paper,kaggle
../data/raw/Garbage_Dataset_Classification/images/trash/trash_15418.jpg,trash,trash,kaggle
../data/raw/Garbage_Dataset_Classification/images/plastic/plastic_02173.jpg,metal_plastic,plastic,kaggle
../data/raw/Garbage_Dataset_Classification/images/metal/metal_00111.jpg,metal_plastic,metal,kaggle
../data/raw/Garbage_Dataset_Classification/images/cardboard/cardboard_01820.jpg,cardboard_paper,cardboard,kaggle
../data/raw/Garbage_Dataset_Classification/images/plastic/plastic_02773.jpg,metal_plastic,plastic,kaggle
../data/raw/Garbage_Dataset_Classification/images/cardboard/cardboard_02195.jpg,cardboard_paper,cardboard,kaggle
../data/raw/Garbage_Dataset_Classification/images/plastic/plastic_03227.jpg,metal_plastic,plastic,kaggle
../data/raw/Garbage_Dataset_Classification/images/metal/metal_01903.jpg,metal_plastic,metal,kaggle
../data/raw/Garbage_Dataset_Classification/images/paper/paper_02319.jpg,cardboard_paper,paper,kaggle
../data/raw/Garbage_Dataset_Classification/images/glass/glass_04625.jpg,trash,glass,kaggle
../data/raw/Garbage_Dataset_Classification/images/plastic/plastic_01607.jpg,metal_plastic,plastic,kaggle
../data/raw/Garbage_Dataset_Classification/images/plastic/plastic_02180.jpg,metal_plastic,plastic,kaggle
../data/raw/Garbage_Dataset_Classification/images/plastic/plastic_02607.jpg,metal_plastic,plastic,kaggle
../data/raw/Garbage_Dataset_Classification/images/trash/trash_03938.jpg,trash,trash,kaggle
../data/raw/Garbage_Dataset_Classification/images/paper/paper_01440.jpg,cardboard_paper,paper,kaggle
../data/raw/Garbage_Dataset_Classification/images/trash/trash_05002.jpg,trash,trash,kaggle
../data/raw/Garbage_Dataset_Classification/images/metal/metal_01361.jpg,metal_plastic,metal,kaggle
../data/raw/Garbage_Dataset_Classification/images/metal/metal_02399.jpg,metal_plastic,metal,kaggle
../data/raw/Garbage_Dataset_Classification/images/cardboard/cardboard_00665.jpg,cardboard_paper,cardboard,kaggle
../data/raw/Garbage_Dataset_Classification/images/trash/trash_11306.jpg,trash,trash,kaggle
../data/raw/Garbage_Dataset_Classification/images/plastic/plastic_01784.jpg,metal_plastic,plastic,kaggle
../data/raw/Garbage_Dataset_Classification/images/plastic/plastic_02769.jpg,metal_plastic,plastic,kaggle
../data/raw/Garbage_Dataset_Classification/images/metal/metal_02291.jpg,metal_plastic,metal,kaggle
../data/raw/Garbage_Dataset_Classification/images/plastic/plastic_02296.jpg,metal_plastic,plastic,kaggle
../data/raw/Garbage_Dataset_Classification/images/glass/glass_02686.jpg,trash,glass,kaggle
../data/raw/Garbage_Dataset_Classification/images/trash/trash_02099.jpg,trash,trash,kaggle
../data/raw/Garbage_Dataset_Classification/images/paper/paper_02142.jpg,cardboard_paper,paper,kaggle
../data/raw/Garbage_Dataset_Classification/images/plastic/plastic_01026.jpg,metal_plastic,plastic,kaggle
../data/raw/Garbage_Dataset_Classification/images/metal/metal_00105.jpg,metal_plastic,metal,kaggle
../data/raw/Garbage_Dataset_Classification/images/metal/metal_02155.jpg,metal_plastic,metal,kaggle
../data/raw/Garbage_Dataset_Classification/images/plastic/plastic_00487.jpg,metal_plastic,plastic,kaggle
../data/raw/Garbage_Dataset_Classification/images/metal/metal_02377.jpg,metal_plastic,metal,kaggle
../data/raw/Garbage_Dataset_Classification/images/cardboard/cardboard_02500.jpg,cardboard_paper,cardboard,kaggle
../data/raw/Garbage_Dataset_Classification/images/cardboard/cardboard_02474.jpg,cardboard_paper,cardboard,kaggle
../data/raw/Garbage_Dataset_Classification/images/paper/paper_02548.jpg,cardboard_paper,paper,kaggle
../data/raw/Garbage_Dataset_Classification/images/metal/metal_02720.jpg,metal_plastic,metal,kaggle
../data/raw/Garbage_Dataset_Classification/images/paper/paper_00115.jpg,cardboard_paper,paper,kaggle
../data/raw/Garbage_Dataset_Classification/images/cardboard/cardboard_02977.jpg,cardboard_paper,cardboard,kaggle
../data/raw/Garbage_Dataset_Classification/images/cardboard/cardboard_01552.jpg,cardboard_paper,cardboard,kaggle
../data/raw/Garbage_Dataset_Classification/images/trash/trash_18806.jpg,trash,trash,kaggle
../data/raw/Garbage_Dataset_Classification/images/trash/trash_02419.jpg,trash,trash,kaggle
../data/raw/Garbage_Dataset_Classification/images/trash/trash_02282.jpg,trash,trash,kaggle
../data/raw/Garbage_Dataset_Classification/images/cardboard/cardboard_02257.jpg,cardboard_paper,cardboard,kaggle
../data/raw/Garbage_Dataset_Classification/images/metal/metal_01357.jpg,metal_plastic,metal,kaggle
../data/raw/Garbage_Dataset_Classification/images/plastic/plastic_01175.jpg,metal_plastic,plastic,kaggle
../data/raw/Garbage_Dataset_Classification/images/cardboard/cardboard_01860.jpg,cardboard_paper,cardboard,kaggle
../data/raw/Garbage_Dataset_Classification/images/glass/glass_02911.jpg,trash,glass,kaggle
../data/raw/Garbage_Dataset_Classification/images/paper/paper_02148.jpg,cardboard_paper,paper,kaggle
../data/raw/Garbage_Dataset_Classification/images/metal/metal_01793.jpg,metal_plastic,metal,kaggle
../data/raw/Garbage_Dataset_Classification/images/paper/paper_01515.jpg,cardboard_paper,paper,kaggle
../data/raw/Garbage_Dataset_Classification/images/trash/trash_04865.jpg,trash,trash,kaggle
../data/raw/Garbage_Dataset_Classification/images/trash/trash_06085.jpg,trash,trash,kaggle
../data/raw/Garbage_Dataset_Classification/images/cardboard/cardboard_00560.jpg,cardboard_paper,cardboard,kaggle
../data/raw/Garbage_Dataset_Classification/images/cardboard/cardboard_01577.jpg,cardboard_paper,cardboard,kaggle
../data/raw/Garbage_Dataset_Classification/images/trash/trash_10463.jpg,trash,trash,kaggle
../data/raw/Garbage_Dataset_Classification/images/glass/glass_03888.jpg,trash,glass,kaggle
../data/raw/Garbage_Dataset_Classification/images/paper/paper_00817.jpg,cardboard_paper,paper,kaggle
../data/raw/Garbage_Dataset_Classification/images/trash/trash_08235.jpg,trash,trash,kaggle
../data/raw/Garbage_Dataset_Classification/images/glass/glass_02869.jpg,trash,glass,kaggle
../data/raw/Garbage_Dataset_Classification/images/trash/trash_01750.jpg,trash,trash,kaggle
../data/raw/Garbage_Dataset_Classification/images/trash/trash_01178.jpg,trash,trash,kaggle
../data/raw/Garbage_Dataset_Classification/images/paper/paper_00444.jpg,cardboard_paper,paper,kaggle
../data/raw/Garbage_Dataset_Classification/images/trash/trash_08217.jpg,trash,trash,kaggle
../data/raw/Garbage_Dataset_Classification/images/trash/trash_09044.jpg,trash,trash,kaggle
../data/raw/Garbage_Dataset_Classification/images/paper/paper_02891.jpg,cardboard_paper,paper,kaggle
../data/raw/Garbage_Dataset_Classification/images/paper/paper_00758.jpg,cardboard_paper,paper,kaggle
../data/raw/Garbage_Dataset_Classification/images/glass/glass_03778.jpg,trash,glass,kaggle
../data/raw/Garbage_Dataset_Classification/images/cardboard/cardboard_00645.jpg,cardboard_paper,cardboard,kaggle
../data/raw/Garbage_Dataset_Classification/images/cardboard/cardboard_02157.jpg,cardboard_paper,cardboard,kaggle
../data/raw/Garbage_Dataset_Classification/images/trash/trash_03691.jpg,trash,trash,kaggle
../data/raw/Garbage_Dataset_Classification/images/cardboard/cardboard_02262.jpg,cardboard_paper,cardboard,kaggle
../data/raw/Garbage_Dataset_Classification/images/cardboard/cardboard_02728.jpg,cardboard_paper,cardboard,kaggle
../data/raw/Garbage_Dataset_Classification/images/metal/metal_01431.jpg,metal_plastic,metal,kaggle
../data/raw/Garbage_Dataset_Classification/images/plastic/plastic_00345.jpg,metal_plastic,plastic,kaggle
../data/raw/Garbage_Dataset_Classification/images/glass/glass_02769.jpg,trash,glass,kaggle
../data/raw/Garbage_Dataset_Classification/images/paper/paper_02713.jpg,cardboard_paper,paper,kaggle
../data/raw/Garbage_Dataset_Classification/images/paper/paper_02508.jpg,cardboard_paper,paper,kaggle
../data/raw/Garbage_Dataset_Classification/images/glass/glass_05203.jpg,trash,glass,kaggle
../data/raw/Garbage_Dataset_Classification/images/metal/metal_01448.jpg,metal_plastic,metal,kaggle
../data/raw/Garbage_Dataset_Classification/images/trash/trash_14867.jpg,trash,trash,kaggle
../data/raw/Garbage_Dataset_Classification/images/metal/metal_02387.jpg,metal_plastic,metal,kaggle
../data/raw/Garbage_Dataset_Classification/images/trash/trash_12962.jpg,trash,trash,kaggle
../data/raw/Garbage_Dataset_Classification/images/glass/glass_03637.jpg,trash,glass,kaggle
../data/raw/Garbage_Dataset_Classification/images/glass/glass_02243.jpg,trash,glass,kaggle
../data/raw/Garbage_Dataset_Classification/images/paper/paper_00922.jpg,cardboard_paper,paper,kaggle
../data/raw/Garbage_Dataset_Classification/images/plastic/plastic_02239.jpg,metal_plastic,plastic,kaggle
../data/raw/Garbage_Dataset_Classification/images/glass/glass_00551.jpg,trash,glass,kaggle
../data/raw/Garbage_Dataset_Classification/images/plastic/plastic_03316.jpg,metal_plastic,plastic,kaggle
../data/raw/Garbage_Dataset_Classification/images/paper/paper_02277.jpg,cardboard_paper,paper,kaggle
../data/raw/Garbage_Dataset_Classification/images/metal/metal_00672.jpg,metal_plastic,metal,kaggle
../data/raw/Garbage_Dataset_Classification/images/cardboard/cardboard_02866.jpg,cardboard_paper,cardboard,kaggle
../data/raw/Garbage_Dataset_Classification/images/glass/glass_01687.jpg,trash,glass,kaggle
../data/raw/Garbage_Dataset_Classification/images/plastic/plastic_03242.jpg,metal_plastic,plastic,kaggle
../data/raw/Garbage_Dataset_Classification/images/metal/metal_02046.jpg,metal_plastic,metal,kaggle
../data/raw/Garbage_Dataset_Classification/images/trash/trash_02286.jpg,trash,trash,kaggle
../data/raw/Garbage_Dataset_Classification/images/trash/trash_18557.jpg,trash,trash,kaggle
../data/raw/Garbage_Dataset_Classification/images/metal/metal_02020.jpg,metal_plastic,metal,kaggle
../data/raw/Garbage_Dataset_Classification/images/glass/glass_02926.jpg,trash,glass,kaggle
../data/raw/Garbage_Dataset_Classification/images/plastic/plastic_01232.jpg,metal_plastic,plastic,kaggle
../data/raw/Garbage_Dataset_Classification/images/cardboard/cardboard_01837.jpg,cardboard_paper,cardboard,kaggle
../data/raw/Garbage_Dataset_Classification/images/trash/trash_16573.jpg,trash,trash,kaggle
../data/raw/Garbage_Dataset_Classification/images/glass/glass_03827.jpg,trash,glass,kaggle
../data/raw/Garbage_Dataset_Classification/images/metal/metal_01094.jpg,metal_plastic,metal,kaggle
../data/raw/Garbage_Dataset_Classification/images/glass/glass_01057.jpg,trash,glass,kaggle
../data/raw/Garbage_Dataset_Classification/images/glass/glass_02839.jpg,trash,glass,kaggle
../data/raw/Garbage_Dataset_Classification/images/cardboard/cardboard_01003.jpg,cardboard_paper,cardboard,kaggle
../data/raw/Garbage_Dataset_Classification/images/glass/glass_03477.jpg,trash,glass,kaggle
../data/raw/Garbage_Dataset_Classification/images/cardboard/cardboard_02764.jpg,cardboard_paper,cardboard,kaggle
../data/raw/Garbage_Dataset_Classification/images/metal/metal_01617.jpg,metal_plastic,metal,kaggle
../data/raw/Garbage_Dataset_Classification/images/paper/paper_02333.jpg,cardboard_paper,paper,kaggle
../data/raw/Garbage_Dataset_Classification/images/trash/trash_07372.jpg,trash,trash,kaggle
../data/raw/Garbage_Dataset_Classification/images/paper/paper_01563.jpg,cardboard_paper,paper,kaggle
../data/raw/Garbage_Dataset_Classification/images/metal/metal_02272.jpg,metal_plastic,metal,kaggle
../data/raw/Garbage_Dataset_Classification/images/glass/glass_02168.jpg,trash,glass,kaggle
../data/raw/Garbage_Dataset_Classification/images/glass/glass_04338.jpg,trash,glass,kaggle
../data/raw/Garbage_Dataset_Classification/images/paper/paper_00233.jpg,cardboard_paper,paper,kaggle
../data/raw/Garbage_Dataset_Classification/images/glass/glass_01494.jpg,trash,glass,kaggle
../data/raw/Garbage_Dataset_Classification/images/metal/metal_02373.jpg,metal_plastic,metal,kaggle
../data/raw/Garbage_Dataset_Classification/images/paper/paper_01566.jpg,cardboard_paper,paper,kaggle
../data/custom/ecoglasses/6AEF23D9-6AB0-4B63-8DFE-64FAC6158C69_1_105_c.jpeg,ecoglasses,custom_ecoglasses,custom
../data/raw/Garbage_Dataset_Classification/images/paper/paper_01504.jpg,cardboard_paper,paper,kaggle
../data/raw/Garbage_Dataset_Classification/images/cardboard/cardboard_02351.jpg,cardboard_paper,cardboard,kaggle
../data/raw/Garbage_Dataset_Classification/images/plastic/plastic_00606.jpg,metal_plastic,plastic,kaggle
../data/raw/Garbage_Dataset_Classification/images/trash/trash_01320.jpg,trash,trash,kaggle
../data/raw/Garbage_Dataset_Classification/images/trash/trash_19479.jpg,trash,trash,kaggle
../data/custom/ecoglasses/43B9B00E-4DC7-47B5-A25A-43547CBC9071_1_105_c.jpeg,ecoglasses,custom_ecoglasses,custom
../data/raw/Garbage_Dataset_Classification/images/metal/metal_02716.jpg,metal_plastic,metal,kaggle
../data/raw/Garbage_Dataset_Classification/images/plastic/plastic_00600.jpg,metal_plastic,plastic,kaggle
../data/raw/Garbage_Dataset_Classification/images/plastic/plastic_01405.jpg,metal_plastic,plastic,kaggle
../data/raw/Garbage_Dataset_Classification/images/metal/metal_01662.jpg,metal_plastic,metal,kaggle
../data/raw/Garbage_Dataset_Classification/images/metal/metal_01375.jpg,metal_plastic,metal,kaggle
../data/raw/Garbage_Dataset_Classification/images/glass/glass_03291.jpg,trash,glass,kaggle
../data/raw/Garbage_Dataset_Classification/images/glass/glass_00056.jpg,trash,glass,kaggle
../data/raw/Garbage_Dataset_Classification/images/glass/glass_02257.jpg,trash,glass,kaggle
../data/raw/Garbage_Dataset_Classification/images/glass/glass_02582.jpg,trash,glass,kaggle
../data/raw/Garbage_Dataset_Classification/images/paper/paper_03029.jpg,cardboard_paper,paper,kaggle
../data/raw/Garbage_Dataset_Classification/images/trash/trash_05860.jpg,trash,trash,kaggle
../data/raw/Garbage_Dataset_Classification/images/metal/metal_01391.jpg,metal_plastic,metal,kaggle
../data/raw/Garbage_Dataset_Classification/images/glass/glass_04139.jpg,trash,glass,kaggle
../data/raw/Garbage_Dataset_Classification/images/trash/trash_02599.jpg,trash,trash,kaggle
../data/raw/Garbage_Dataset_Classification/images/trash/trash_04708.jpg,trash,trash,kaggle
../data/raw/Garbage_Dataset_Classification/images/trash/trash_08505.jpg,trash,trash,kaggle
../data/raw/Garbage_Dataset_Classification/images/cardboard/cardboard_02639.jpg,cardboard_paper,cardboard,kaggle
../data/raw/Garbage_Dataset_Classification/images/trash/trash_14168.jpg,trash,trash,kaggle
../data/raw/Garbage_Dataset_Classification/images/plastic/plastic_01597.jpg,metal_plastic,plastic,kaggle
../data/raw/Garbage_Dataset_Classification/images/metal/metal_01349.jpg,metal_plastic,metal,kaggle
../data/raw/Garbage_Dataset_Classification/images/trash/trash_03598.jpg,trash,trash,kaggle
../data/raw/Garbage_Dataset_Classification/images/plastic/plastic_02756.jpg,metal_plastic,plastic,kaggle
../data/raw/Garbage_Dataset_Classification/images/metal/metal_01810.jpg,metal_plastic,metal,kaggle
../data/raw/Garbage_Dataset_Classification/images/glass/glass_01508.jpg,trash,glass,kaggle
../data/raw/Garbage_Dataset_Classification/images/cardboard/cardboard_02081.jpg,cardboard_paper,cardboard,kaggle
../data/raw/Garbage_Dataset_Classification/images/paper/paper_03020.jpg,cardboard_paper,paper,kaggle
../data/raw/Garbage_Dataset_Classification/images/cardboard/cardboard_01136.jpg,cardboard_paper,cardboard,kaggle
../data/raw/Garbage_Dataset_Classification/images/trash/trash_17380.jpg,trash,trash,kaggle
../data/raw/Garbage_Dataset_Classification/images/paper/paper_01935.jpg,cardboard_paper,paper,kaggle
../data/raw/Garbage_Dataset_Classification/images/cardboard/cardboard_00207.jpg,cardboard_paper,cardboard,kaggle
../data/raw/Garbage_Dataset_Classification/images/plastic/plastic_02009.jpg,metal_plastic,plastic,kaggle
../data/raw/Garbage_Dataset_Classification/images/trash/trash_19995.jpg,trash,trash,kaggle
../data/raw/Garbage_Dataset_Classification/images/plastic/plastic_01156.jpg,metal_plastic,plastic,kaggle
../data/raw/Garbage_Dataset_Classification/images/glass/glass_01254.jpg,trash,glass,kaggle
../data/raw/Garbage_Dataset_Classification/images/paper/paper_01726.jpg,cardboard_paper,paper,kaggle
../data/raw/Garbage_Dataset_Classification/images/glass/glass_02041.jpg,trash,glass,kaggle
../data/raw/Garbage_Dataset_Classification/images/plastic/plastic_01941.jpg,metal_plastic,plastic,kaggle
../data/raw/Garbage_Dataset_Classification/images/glass/glass_02886.jpg,trash,glass,kaggle
../data/raw/Garbage_Dataset_Classification/images/glass/glass_05274.jpg,trash,glass,kaggle
../data/raw/Garbage_Dataset_Classification/images/plastic/plastic_02435.jpg,metal_plastic,plastic,kaggle
../data/raw/Garbage_Dataset_Classification/images/cardboard/cardboard_03075.jpg,cardboard_paper,cardboard,kaggle
../data/raw/Garbage_Dataset_Classification/images/trash/trash_05355.jpg,trash,trash,kaggle
../data/raw/Garbage_Dataset_Classification/images/plastic/plastic_01660.jpg,metal_plastic,plastic,kaggle
../data/raw/Garbage_Dataset_Classification/images/paper/paper_02989.jpg,cardboard_paper,paper,kaggle
../data/raw/Garbage_Dataset_Classification/images/cardboard/cardboard_01468.jpg,cardboard_paper,cardboard,kaggle
../data/raw/Garbage_Dataset_Classification/images/trash/trash_15833.jpg,trash,trash,kaggle
../data/raw/Garbage_Dataset_Classification/images/plastic/plastic_02306.jpg,metal_plastic,plastic,kaggle
../data/raw/Garbage_Dataset_Classification/images/glass/glass_02156.jpg,trash,glass,kaggle
../data/raw/Garbage_Dataset_Classification/images/paper/paper_01530.jpg,cardboard_paper,paper,kaggle
../data/raw/Garbage_Dataset_Classification/images/trash/trash_02717.jpg,trash,trash,kaggle
../data/raw/Garbage_Dataset_Classification/images/paper/paper_02213.jpg,cardboard_paper,paper,kaggle
../data/raw/Garbage_Dataset_Classification/images/trash/trash_04954.jpg,trash,trash,kaggle
../data/raw/Garbage_Dataset_Classification/images/metal/metal_02160.jpg,metal_plastic,metal,kaggle
../data/raw/Garbage_Dataset_Classification/images/plastic/plastic_00641.jpg,metal_plastic,plastic,kaggle
../data/raw/Garbage_Dataset_Classification/images/paper/paper_02537.jpg,cardboard_paper,paper,kaggle
../data/raw/Garbage_Dataset_Classification/images/paper/paper_01754.jpg,cardboard_paper,paper,kaggle
../data/raw/Garbage_Dataset_Classification/images/plastic/plastic_01948.jpg,metal_plastic,plastic,kaggle
../data/raw/Garbage_Dataset_Classification/images/trash/trash_10479.jpg,trash,trash,kaggle
../data/raw/Garbage_Dataset_Classification/images/plastic/plastic_00556.jpg,metal_plastic,plastic,kaggle
../data/raw/Garbage_Dataset_Classification/images/plastic/plastic_00601.jpg,metal_plastic,plastic,kaggle
../data/raw/Garbage_Dataset_Classification/images/trash/trash_18649.jpg,trash,trash,kaggle
../data/raw/Garbage_Dataset_Classification/images/paper/paper_00184.jpg,cardboard_paper,paper,kaggle
../data/raw/Garbage_Dataset_Classification/images/cardboard/cardboard_02688.jpg,cardboard_paper,cardboard,kaggle
../data/raw/Garbage_Dataset_Classification/images/glass/glass_04020.jpg,trash,glass,kaggle
../data/raw/Garbage_Dataset_Classification/images/paper/paper_00414.jpg,cardboard_paper,paper,kaggle
../data/raw/Garbage_Dataset_Classification/images/plastic/plastic_03236.jpg,metal_plastic,plastic,kaggle
../data/raw/Garbage_Dataset_Classification/images/paper/paper_00713.jpg,cardboard_paper,paper,kaggle
../data/raw/Garbage_Dataset_Classification/images/plastic/plastic_01922.jpg,metal_plastic,plastic,kaggle
../data/raw/Garbage_Dataset_Classification/images/paper/paper_03152.jpg,cardboard_paper,paper,kaggle
../data/raw/Garbage_Dataset_Classification/images/cardboard/cardboard_00170.jpg,cardboard_paper,cardboard,kaggle
../data/raw/Garbage_Dataset_Classification/images/metal/metal_02024.jpg,metal_plastic,metal,kaggle
../data/raw/Garbage_Dataset_Classification/images/plastic/plastic_02152.jpg,metal_plastic,plastic,kaggle
../data/raw/Garbage_Dataset_Classification/images/cardboard/cardboard_03043.jpg,cardboard_paper,cardboard,kaggle
../data/raw/Garbage_Dataset_Classification/images/glass/glass_01766.jpg,trash,glass,kaggle
../data/raw/Garbage_Dataset_Classification/images/metal/metal_02083.jpg,metal_plastic,metal,kaggle
../data/raw/Garbage_Dataset_Classification/images/paper/paper_03082.jpg,cardboard_paper,paper,kaggle
../data/raw/Garbage_Dataset_Classification/images/paper/paper_02064.jpg,cardboard_paper,paper,kaggle
../data/raw/Garbage_Dataset_Classification/images/cardboard/cardboard_02554.jpg,cardboard_paper,cardboard,kaggle
../data/raw/Garbage_Dataset_Classification/images/cardboard/cardboard_00724.jpg,cardboard_paper,cardboard,kaggle
../data/raw/Garbage_Dataset_Classification/images/paper/paper_01315.jpg,cardboard_paper,paper,kaggle
../data/raw/Garbage_Dataset_Classification/images/glass/glass_02740.jpg,trash,glass,kaggle
../data/raw/Garbage_Dataset_Classification/images/metal/metal_02683.jpg,metal_plastic,metal,kaggle
../data/raw/Garbage_Dataset_Classification/images/cardboard/cardboard_02296.jpg,cardboard_paper,cardboard,kaggle
../data/raw/Garbage_Dataset_Classification/images/metal/metal_01354.jpg,metal_plastic,metal,kaggle
../data/raw/Garbage_Dataset_Classification/images/cardboard/cardboard_02509.jpg,cardboard_paper,cardboard,kaggle
../data/raw/Garbage_Dataset_Classification/images/cardboard/cardboard_00084.jpg,cardboard_paper,cardboard,kaggle
../data/raw/Garbage_Dataset_Classification/images/glass/glass_05052.jpg,trash,glass,kaggle
../data/raw/Garbage_Dataset_Classification/images/cardboard/cardboard_01984.jpg,cardboard_paper,cardboard,kaggle
../data/raw/Garbage_Dataset_Classification/images/paper/paper_02464.jpg,cardboard_paper,paper,kaggle
../data/raw/Garbage_Dataset_Classification/images/glass/glass_02063.jpg,trash,glass,kaggle
../data/raw/Garbage_Dataset_Classification/images/trash/trash_12793.jpg,trash,trash,kaggle
../data/raw/Garbage_Dataset_Classification/images/plastic/plastic_01844.jpg,metal_plastic,plastic,kaggle
../data/raw/Garbage_Dataset_Classification/images/metal/metal_01440.jpg,metal_plastic,metal,kaggle
../data/raw/Garbage_Dataset_Classification/images/plastic/plastic_02130.jpg,metal_plastic,plastic,kaggle
../data/raw/Garbage_Dataset_Classification/images/trash/trash_11122.jpg,trash,trash,kaggle
../data/raw/Garbage_Dataset_Classification/images/cardboard/cardboard_03010.jpg,cardboard_paper,cardboard,kaggle
../data/raw/Garbage_Dataset_Classification/images/cardboard/cardboard_01913.jpg,cardboard_paper,cardboard,kaggle
../data/raw/Garbage_Dataset_Classification/images/trash/trash_00305.jpg,trash,trash,kaggle
../data/raw/Garbage_Dataset_Classification/images/glass/glass_03966.jpg,trash,glass,kaggle
../data/raw/Garbage_Dataset_Classification/images/trash/trash_19383.jpg,trash,trash,kaggle
../data/raw/Garbage_Dataset_Classification/images/glass/glass_05466.jpg,trash,glass,kaggle
../data/raw/Garbage_Dataset_Classification/images/metal/metal_02257.jpg,metal_plastic,metal,kaggle
../data/raw/Garbage_Dataset_Classification/images/cardboard/cardboard_00501.jpg,cardboard_paper,cardboard,kaggle
../data/raw/Garbage_Dataset_Classification/images/plastic/plastic_01992.jpg,metal_plastic,plastic,kaggle
../data/raw/Garbage_Dataset_Classification/images/trash/trash_12447.jpg,trash,trash,kaggle
../data/raw/Garbage_Dataset_Classification/images/cardboard/cardboard_00794.jpg,cardboard_paper,cardboard,kaggle
../data/raw/Garbage_Dataset_Classification/images/trash/trash_06183.jpg,trash,trash,kaggle
../data/raw/Garbage_Dataset_Classification/images/glass/glass_00201.jpg,trash,glass,kaggle
../data/raw/Garbage_Dataset_Classification/images/glass/glass_02697.jpg,trash,glass,kaggle
../data/raw/Garbage_Dataset_Classification/images/plastic/plastic_01942.jpg,metal_plastic,plastic,kaggle
../data/raw/Garbage_Dataset_Classification/images/cardboard/cardboard_02506.jpg,cardboard_paper,cardboard,kaggle
../data/raw/Garbage_Dataset_Classification/images/cardboard/cardboard_01823.jpg,cardboard_paper,cardboard,kaggle
../data/raw/Garbage_Dataset_Classification/images/glass/glass_00087.jpg,trash,glass,kaggle
../data/raw/Garbage_Dataset_Classification/images/glass/glass_02688.jpg,trash,glass,kaggle
../data/raw/Garbage_Dataset_Classification/images/metal/metal_01091.jpg,metal_plastic,metal,kaggle
../data/raw/Garbage_Dataset_Classification/images/paper/paper_00768.jpg,cardboard_paper,paper,kaggle
../data/raw/Garbage_Dataset_Classification/images/metal/metal_00977.jpg,metal_plastic,metal,kaggle
../data/raw/Garbage_Dataset_Classification/images/cardboard/cardboard_00985.jpg,cardboard_paper,cardboard,kaggle
../data/raw/Garbage_Dataset_Classification/images/plastic/plastic_02697.jpg,metal_plastic,plastic,kaggle
../data/raw/Garbage_Dataset_Classification/images/metal/metal_02652.jpg,metal_plastic,metal,kaggle
../data/raw/Garbage_Dataset_Classification/images/plastic/plastic_03261.jpg,metal_plastic,plastic,kaggle
../data/raw/Garbage_Dataset_Classification/images/trash/trash_13785.jpg,trash,trash,kaggle
../data/raw/Garbage_Dataset_Classification/images/trash/trash_13425.jpg,trash,trash,kaggle
../data/raw/Garbage_Dataset_Classification/images/paper/paper_01787.jpg,cardboard_paper,paper,kaggle
../data/raw/Garbage_Dataset_Classification/images/plastic/plastic_02676.jpg,metal_plastic,plastic,kaggle
../data/raw/Garbage_Dataset_Classification/images/plastic/plastic_02459.jpg,metal_plastic,plastic,kaggle
../data/raw/Garbage_Dataset_Classification/images/metal/metal_02308.jpg,metal_plastic,metal,kaggle
../data/raw/Garbage_Dataset_Classification/images/paper/paper_01716.jpg,cardboard_paper,paper,kaggle
../data/raw/Garbage_Dataset_Classification/images/trash/trash_02927.jpg,trash,trash,kaggle
../data/raw/Garbage_Dataset_Classification/images/trash/trash_06732.jpg,trash,trash,kaggle
../data/raw/Garbage_Dataset_Classification/images/plastic/plastic_02079.jpg,metal_plastic,plastic,kaggle
../data/raw/Garbage_Dataset_Classification/images/metal/metal_01215.jpg,metal_plastic,metal,kaggle
../data/raw/Garbage_Dataset_Classification/images/trash/trash_06864.jpg,trash,trash,kaggle
../data/raw/Garbage_Dataset_Classification/images/paper/paper_00812.jpg,cardboard_paper,paper,kaggle
../data/raw/Garbage_Dataset_Classification/images/metal/metal_01655.jpg,metal_plastic,metal,kaggle
../data/raw/Garbage_Dataset_Classification/images/plastic/plastic_02907.jpg,metal_plastic,plastic,kaggle
../data/raw/Garbage_Dataset_Classification/images/plastic/plastic_01048.jpg,metal_plastic,plastic,kaggle
../data/raw/Garbage_Dataset_Classification/images/trash/trash_10711.jpg,trash,trash,kaggle
../data/raw/Garbage_Dataset_Classification/images/cardboard/cardboard_00779.jpg,cardboard_paper,cardboard,kaggle
../data/raw/Garbage_Dataset_Classification/images/trash/trash_00277.jpg,trash,trash,kaggle
../data/raw/Garbage_Dataset_Classification/images/paper/paper_02115.jpg,cardboard_paper,paper,kaggle
../data/raw/Garbage_Dataset_Classification/images/metal/metal_00407.jpg,metal_plastic,metal,kaggle
../data/raw/Garbage_Dataset_Classification/images/cardboard/cardboard_01349.jpg,cardboard_paper,cardboard,kaggle
../data/raw/Garbage_Dataset_Classification/images/glass/glass_04622.jpg,trash,glass,kaggle
../data/raw/Garbage_Dataset_Classification/images/trash/trash_13380.jpg,trash,trash,kaggle
../data/raw/Garbage_Dataset_Classification/images/trash/trash_14538.jpg,trash,trash,kaggle
../data/custom/ecoglasses/544C2562-C1D0-4620-B201-2C6ED5657BB1_1_105_c.jpeg,ecoglasses,custom_ecoglasses,custom
../data/raw/Garbage_Dataset_Classification/images/cardboard/cardboard_00939.jpg,cardboard_paper,cardboard,kaggle
../data/raw/Garbage_Dataset_Classification/images/glass/glass_03166.jpg,trash,glass,kaggle
../data/custom/ecoglasses/58EED193-9DC3-4635-B83B-44E0BAF56DA4_1_105_c.jpeg,ecoglasses,custom_ecoglasses,custom
../data/raw/Garbage_Dataset_Classification/images/cardboard/cardboard_01751.jpg,cardboard_paper,cardboard,kaggle
../data/raw/Garbage_Dataset_Classification/images/plastic/plastic_01634.jpg,metal_plastic,plastic,kaggle
../data/raw/Garbage_Dataset_Classification/images/glass/glass_00947.jpg,trash,glass,kaggle
../data/raw/Garbage_Dataset_Classification/images/trash/trash_10789.jpg,trash,trash,kaggle
../data/raw/Garbage_Dataset_Classification/images/plastic/plastic_00810.jpg,metal_plastic,plastic,kaggle
../data/raw/Garbage_Dataset_Classification/images/cardboard/cardboard_01644.jpg,cardboard_paper,cardboard,kaggle
../data/raw/Garbage_Dataset_Classification/images/trash/trash_02212.jpg,trash,trash,kaggle
../data/raw/Garbage_Dataset_Classification/images/plastic/plastic_02110.jpg,metal_plastic,plastic,kaggle
../data/raw/Garbage_Dataset_Classification/images/paper/paper_02796.jpg,cardboard_paper,paper,kaggle
../data/raw/Garbage_Dataset_Classification/images/paper/paper_00195.jpg,cardboard_paper,paper,kaggle
../data/raw/Garbage_Dataset_Classification/images/metal/metal_01676.jpg,metal_plastic,metal,kaggle
../data/raw/Garbage_Dataset_Classification/images/plastic/plastic_01822.jpg,metal_plastic,plastic,kaggle
../data/raw/Garbage_Dataset_Classification/images/plastic/plastic_01706.jpg,metal_plastic,plastic,kaggle
../data/raw/Garbage_Dataset_Classification/images/trash/trash_00181.jpg,trash,trash,kaggle
../data/raw/Garbage_Dataset_Classification/images/paper/paper_00841.jpg,cardboard_paper,paper,kaggle
../data/raw/Garbage_Dataset_Classification/images/plastic/plastic_02321.jpg,metal_plastic,plastic,kaggle
../data/raw/Garbage_Dataset_Classification/images/plastic/plastic_02051.jpg,metal_plastic,plastic,kaggle
../data/raw/Garbage_Dataset_Classification/images/trash/trash_07796.jpg,trash,trash,kaggle
../data/raw/Garbage_Dataset_Classification/images/glass/glass_05256.jpg,trash,glass,kaggle
../data/raw/Garbage_Dataset_Classification/images/cardboard/cardboard_02276.jpg,cardboard_paper,cardboard,kaggle
../data/raw/Garbage_Dataset_Classification/images/metal/metal_01419.jpg,metal_plastic,metal,kaggle
../data/raw/Garbage_Dataset_Classification/images/metal/metal_01276.jpg,metal_plastic,metal,kaggle
../data/raw/Garbage_Dataset_Classification/images/trash/trash_13146.jpg,trash,trash,kaggle
../data/raw/Garbage_Dataset_Classification/images/trash/trash_16206.jpg,trash,trash,kaggle
../data/raw/Garbage_Dataset_Classification/images/plastic/plastic_00260.jpg,metal_plastic,plastic,kaggle
../data/raw/Garbage_Dataset_Classification/images/metal/metal_01519.jpg,metal_plastic,metal,kaggle
../data/raw/Garbage_Dataset_Classification/images/paper/paper_02214.jpg,cardboard_paper,paper,kaggle
../data/raw/Garbage_Dataset_Classification/images/trash/trash_00802.jpg,trash,trash,kaggle
../data/raw/Garbage_Dataset_Classification/images/plastic/plastic_01031.jpg,metal_plastic,plastic,kaggle
../data/raw/Garbage_Dataset_Classification/images/trash/trash_19429.jpg,trash,trash,kaggle
../data/raw/Garbage_Dataset_Classification/images/trash/trash_09355.jpg,trash,trash,kaggle
../data/raw/Garbage_Dataset_Classification/images/trash/trash_05898.jpg,trash,trash,kaggle
../data/raw/Garbage_Dataset_Classification/images/paper/paper_01873.jpg,cardboard_paper,paper,kaggle
../data/raw/Garbage_Dataset_Classification/images/paper/paper_02295.jpg,cardboard_paper,paper,kaggle
../data/raw/Garbage_Dataset_Classification/images/glass/glass_00390.jpg,trash,glass,kaggle
../data/raw/Garbage_Dataset_Classification/images/metal/metal_00610.jpg,metal_plastic,metal,kaggle
../data/raw/Garbage_Dataset_Classification/images/glass/glass_01594.jpg,trash,glass,kaggle
../data/raw/Garbage_Dataset_Classification/images/trash/trash_02055.jpg,trash,trash,kaggle
../data/raw/Garbage_Dataset_Classification/images/metal/metal_00978.jpg,metal_plastic,metal,kaggle
../data/raw/Garbage_Dataset_Classification/images/metal/metal_00649.jpg,metal_plastic,metal,kaggle
../data/raw/Garbage_Dataset_Classification/images/glass/glass_02988.jpg,trash,glass,kaggle
../data/raw/Garbage_Dataset_Classification/images/metal/metal_00804.jpg,metal_plastic,metal,kaggle
../data/raw/Garbage_Dataset_Classification/images/paper/paper_02207.jpg,cardboard_paper,paper,kaggle
../data/raw/Garbage_Dataset_Classification/images/cardboard/cardboard_00878.jpg,cardboard_paper,cardboard,kaggle
../data/raw/Garbage_Dataset_Classification/images/metal/metal_02614.jpg,metal_plastic,metal,kaggle
../data/raw/Garbage_Dataset_Classification/images/plastic/plastic_02373.jpg,metal_plastic,plastic,kaggle
../data/raw/Garbage_Dataset_Classification/images/cardboard/cardboard_00338.jpg,cardboard_paper,cardboard,kaggle
../data/raw/Garbage_Dataset_Classification/images/glass/glass_04235.jpg,trash,glass,kaggle
../data/raw/Garbage_Dataset_Classification/images/cardboard/cardboard_02996.jpg,cardboard_paper,cardboard,kaggle
../data/raw/Garbage_Dataset_Classification/images/trash/trash_08257.jpg,trash,trash,kaggle
../data/raw/Garbage_Dataset_Classification/images/trash/trash_11303.jpg,trash,trash,kaggle
../data/raw/Garbage_Dataset_Classification/images/plastic/plastic_01210.jpg,metal_plastic,plastic,kaggle
../data/raw/Garbage_Dataset_Classification/images/plastic/plastic_03141.jpg,metal_plastic,plastic,kaggle
../data/raw/Garbage_Dataset_Classification/images/paper/paper_01642.jpg,cardboard_paper,paper,kaggle
../data/raw/Garbage_Dataset_Classification/images/plastic/plastic_01409.jpg,metal_plastic,plastic,kaggle
../data/raw/Garbage_Dataset_Classification/images/cardboard/cardboard_01914.jpg,cardboard_paper,cardboard,kaggle
../data/raw/Garbage_Dataset_Classification/images/metal/metal_01351.jpg,metal_plastic,metal,kaggle
../data/raw/Garbage_Dataset_Classification/images/glass/glass_03618.jpg,trash,glass,kaggle
../data/raw/Garbage_Dataset_Classification/images/trash/trash_13747.jpg,trash,trash,kaggle
../data/raw/Garbage_Dataset_Classification/images/plastic/plastic_01020.jpg,metal_plastic,plastic,kaggle
../data/raw/Garbage_Dataset_Classification/images/cardboard/cardboard_02264.jpg,cardboard_paper,cardboard,kaggle
../data/raw/Garbage_Dataset_Classification/images/glass/glass_02347.jpg,trash,glass,kaggle
../data/raw/Garbage_Dataset_Classification/images/glass/glass_04819.jpg,trash,glass,kaggle
../data/raw/Garbage_Dataset_Classification/images/metal/metal_01983.jpg,metal_plastic,metal,kaggle
../data/raw/Garbage_Dataset_Classification/images/paper/paper_02462.jpg,cardboard_paper,paper,kaggle
../data/raw/Garbage_Dataset_Classification/images/paper/paper_01676.jpg,cardboard_paper,paper,kaggle
../data/raw/Garbage_Dataset_Classification/images/glass/glass_04602.jpg,trash,glass,kaggle
../data/raw/Garbage_Dataset_Classification/images/cardboard/cardboard_02533.jpg,cardboard_paper,cardboard,kaggle
../data/raw/Garbage_Dataset_Classification/images/metal/metal_01381.jpg,metal_plastic,metal,kaggle
../data/raw/Garbage_Dataset_Classification/images/plastic/plastic_01947.jpg,metal_plastic,plastic,kaggle
../data/raw/Garbage_Dataset_Classification/images/metal/metal_02429.jpg,metal_plastic,metal,kaggle
../data/raw/Garbage_Dataset_Classification/images/plastic/plastic_02369.jpg,metal_plastic,plastic,kaggle
../data/raw/Garbage_Dataset_Classification/images/metal/metal_01233.jpg,metal_plastic,metal,kaggle
../data/raw/Garbage_Dataset_Classification/images/trash/trash_00410.jpg,trash,trash,kaggle
../data/raw/Garbage_Dataset_Classification/images/plastic/plastic_00855.jpg,metal_plastic,plastic,kaggle
../data/raw/Garbage_Dataset_Classification/images/cardboard/cardboard_01722.jpg,cardboard_paper,cardboard,kaggle
../data/raw/Garbage_Dataset_Classification/images/cardboard/cardboard_01663.jpg,cardboard_paper,cardboard,kaggle
../data/raw/Garbage_Dataset_Classification/images/metal/metal_01760.jpg,metal_plastic,metal,kaggle
../data/raw/Garbage_Dataset_Classification/images/cardboard/cardboard_02915.jpg,cardboard_paper,cardboard,kaggle
../data/raw/Garbage_Dataset_Classification/images/cardboard/cardboard_02403.jpg,cardboard_paper,cardboard,kaggle
../data/raw/Garbage_Dataset_Classification/images/trash/trash_03839.jpg,trash,trash,kaggle
../data/raw/Garbage_Dataset_Classification/images/cardboard/cardboard_02743.jpg,cardboard_paper,cardboard,kaggle
../data/raw/Garbage_Dataset_Classification/images/plastic/plastic_01670.jpg,metal_plastic,plastic,kaggle
../data/raw/Garbage_Dataset_Classification/images/trash/trash_08177.jpg,trash,trash,kaggle
../data/raw/Garbage_Dataset_Classification/images/cardboard/cardboard_02156.jpg,cardboard_paper,cardboard,kaggle
../data/raw/Garbage_Dataset_Classification/images/glass/glass_04620.jpg,trash,glass,kaggle
../data/raw/Garbage_Dataset_Classification/images/cardboard/cardboard_00433.jpg,cardboard_paper,cardboard,kaggle
../data/raw/Garbage_Dataset_Classification/images/paper/paper_01253.jpg,cardboard_paper,paper,kaggle
../data/raw/Garbage_Dataset_Classification/images/trash/trash_11909.jpg,trash,trash,kaggle
../data/raw/Garbage_Dataset_Classification/images/glass/glass_05137.jpg,trash,glass,kaggle
../data/raw/Garbage_Dataset_Classification/images/trash/trash_06225.jpg,trash,trash,kaggle
../data/raw/Garbage_Dataset_Classification/images/trash/trash_06027.jpg,trash,trash,kaggle
../data/raw/Garbage_Dataset_Classification/images/metal/metal_01422.jpg,metal_plastic,metal,kaggle
../data/raw/Garbage_Dataset_Classification/images/plastic/plastic_02212.jpg,metal_plastic,plastic,kaggle
../data/raw/Garbage_Dataset_Classification/images/metal/metal_01581.jpg,metal_plastic,metal,kaggle
../data/raw/Garbage_Dataset_Classification/images/trash/trash_17342.jpg,trash,trash,kaggle
../data/raw/Garbage_Dataset_Classification/images/metal/metal_01564.jpg,metal_plastic,metal,kaggle
../data/raw/Garbage_Dataset_Classification/images/metal/metal_01484.jpg,metal_plastic,metal,kaggle
../data/raw/Garbage_Dataset_Classification/images/trash/trash_09105.jpg,trash,trash,kaggle
../data/raw/Garbage_Dataset_Classification/images/plastic/plastic_02529.jpg,metal_plastic,plastic,kaggle
../data/raw/Garbage_Dataset_Classification/images/cardboard/cardboard_02027.jpg,cardboard_paper,cardboard,kaggle
../data/raw/Garbage_Dataset_Classification/images/cardboard/cardboard_00386.jpg,cardboard_paper,cardboard,kaggle
../data/custom/ecoglasses/E2F9ECEB-5EB0-4FDA-98F3-03BD6E5718CE_1_105_c.jpeg,ecoglasses,custom_ecoglasses,custom
../data/raw/Garbage_Dataset_Classification/images/cardboard/cardboard_00373.jpg,cardboard_paper,cardboard,kaggle
../data/raw/Garbage_Dataset_Classification/images/cardboard/cardboard_01961.jpg,cardboard_paper,cardboard,kaggle
../data/raw/Garbage_Dataset_Classification/images/plastic/plastic_00582.jpg,metal_plastic,plastic,kaggle
../data/raw/Garbage_Dataset_Classification/images/plastic/plastic_00771.jpg,metal_plastic,plastic,kaggle
../data/raw/Garbage_Dataset_Classification/images/metal/metal_01622.jpg,metal_plastic,metal,kaggle
../data/raw/Garbage_Dataset_Classification/images/trash/trash_19730.jpg,trash,trash,kaggle
../data/raw/Garbage_Dataset_Classification/images/metal/metal_00279.jpg,metal_plastic,metal,kaggle
../data/raw/Garbage_Dataset_Classification/images/cardboard/cardboard_01893.jpg,cardboard_paper,cardboard,kaggle
../data/raw/Garbage_Dataset_Classification/images/metal/metal_00245.jpg,metal_plastic,metal,kaggle
../data/raw/Garbage_Dataset_Classification/images/metal/metal_02245.jpg,metal_plastic,metal,kaggle
../data/raw/Garbage_Dataset_Classification/images/paper/paper_02284.jpg,cardboard_paper,paper,kaggle
../data/raw/Garbage_Dataset_Classification/images/glass/glass_03703.jpg,trash,glass,kaggle
../data/raw/Garbage_Dataset_Classification/images/cardboard/cardboard_01608.jpg,cardboard_paper,cardboard,kaggle
../data/raw/Garbage_Dataset_Classification/images/metal/metal_01008.jpg,metal_plastic,metal,kaggle
../data/raw/Garbage_Dataset_Classification/images/metal/metal_01463.jpg,metal_plastic,metal,kaggle
../data/raw/Garbage_Dataset_Classification/images/plastic/plastic_01561.jpg,metal_plastic,plastic,kaggle
../data/raw/Garbage_Dataset_Classification/images/plastic/plastic_03069.jpg,metal_plastic,plastic,kaggle
../data/raw/Garbage_Dataset_Classification/images/trash/trash_07325.jpg,trash,trash,kaggle
../data/raw/Garbage_Dataset_Classification/images/trash/trash_12288.jpg,trash,trash,kaggle
../data/raw/Garbage_Dataset_Classification/images/glass/glass_02735.jpg,trash,glass,kaggle
../data/raw/Garbage_Dataset_Classification/images/paper/paper_02723.jpg,cardboard_paper,paper,kaggle
../data/raw/Garbage_Dataset_Classification/images/trash/trash_17282.jpg,trash,trash,kaggle
../data/raw/Garbage_Dataset_Classification/images/trash/trash_19605.jpg,trash,trash,kaggle
../data/raw/Garbage_Dataset_Classification/images/metal/metal_02527.jpg,metal_plastic,metal,kaggle
../data/raw/Garbage_Dataset_Classification/images/glass/glass_05038.jpg,trash,glass,kaggle
../data/raw/Garbage_Dataset_Classification/images/cardboard/cardboard_02086.jpg,cardboard_paper,cardboard,kaggle
../data/raw/Garbage_Dataset_Classification/images/plastic/plastic_01422.jpg,metal_plastic,plastic,kaggle
../data/raw/Garbage_Dataset_Classification/images/paper/paper_00573.jpg,cardboard_paper,paper,kaggle
../data/raw/Garbage_Dataset_Classification/images/trash/trash_01646.jpg,trash,trash,kaggle
../data/raw/Garbage_Dataset_Classification/images/metal/metal_01306.jpg,metal_plastic,metal,kaggle
../data/raw/Garbage_Dataset_Classification/images/metal/metal_01176.jpg,metal_plastic,metal,kaggle
../data/raw/Garbage_Dataset_Classification/images/plastic/plastic_02876.jpg,metal_plastic,plastic,kaggle
../data/raw/Garbage_Dataset_Classification/images/metal/metal_01878.jpg,metal_plastic,metal,kaggle
../data/raw/Garbage_Dataset_Classification/images/glass/glass_00568.jpg,trash,glass,kaggle
../data/raw/Garbage_Dataset_Classification/images/metal/metal_02323.jpg,metal_plastic,metal,kaggle
../data/raw/Garbage_Dataset_Classification/images/glass/glass_00505.jpg,trash,glass,kaggle
../data/raw/Garbage_Dataset_Classification/images/glass/glass_02919.jpg,trash,glass,kaggle
../data/raw/Garbage_Dataset_Classification/images/plastic/plastic_02128.jpg,metal_plastic,plastic,kaggle
../data/raw/Garbage_Dataset_Classification/images/trash/trash_16240.jpg,trash,trash,kaggle
../data/raw/Garbage_Dataset_Classification/images/glass/glass_02846.jpg,trash,glass,kaggle
../data/raw/Garbage_Dataset_Classification/images/plastic/plastic_02379.jpg,metal_plastic,plastic,kaggle
../data/raw/Garbage_Dataset_Classification/images/trash/trash_16285.jpg,trash,trash,kaggle
../data/raw/Garbage_Dataset_Classification/images/glass/glass_01359.jpg,trash,glass,kaggle
../data/raw/Garbage_Dataset_Classification/images/paper/paper_02538.jpg,cardboard_paper,paper,kaggle
../data/raw/Garbage_Dataset_Classification/images/plastic/plastic_01699.jpg,metal_plastic,plastic,kaggle
../data/raw/Garbage_Dataset_Classification/images/metal/metal_00183.jpg,metal_plastic,metal,kaggle
../data/raw/Garbage_Dataset_Classification/images/metal/metal_01634.jpg,metal_plastic,metal,kaggle
../data/raw/Garbage_Dataset_Classification/images/glass/glass_02845.jpg,trash,glass,kaggle
../data/raw/Garbage_Dataset_Classification/images/paper/paper_00912.jpg,cardboard_paper,paper,kaggle
../data/raw/Garbage_Dataset_Classification/images/metal/metal_01067.jpg,metal_plastic,metal,kaggle
../data/raw/Garbage_Dataset_Classification/images/plastic/plastic_00493.jpg,metal_plastic,plastic,kaggle
../data/raw/Garbage_Dataset_Classification/images/cardboard/cardboard_02686.jpg,cardboard_paper,cardboard,kaggle
../data/raw/Garbage_Dataset_Classification/images/plastic/plastic_02641.jpg,metal_plastic,plastic,kaggle
../data/raw/Garbage_Dataset_Classification/images/plastic/plastic_01472.jpg,metal_plastic,plastic,kaggle
../data/raw/Garbage_Dataset_Classification/images/trash/trash_17102.jpg,trash,trash,kaggle
../data/raw/Garbage_Dataset_Classification/images/paper/paper_02705.jpg,cardboard_paper,paper,kaggle
../data/raw/Garbage_Dataset_Classification/images/metal/metal_00747.jpg,metal_plastic,metal,kaggle
../data/raw/Garbage_Dataset_Classification/images/metal/metal_02357.jpg,metal_plastic,metal,kaggle
../data/raw/Garbage_Dataset_Classification/images/metal/metal_02304.jpg,metal_plastic,metal,kaggle
../data/raw/Garbage_Dataset_Classification/images/plastic/plastic_00817.jpg,metal_plastic,plastic,kaggle
../data/raw/Garbage_Dataset_Classification/images/glass/glass_05490.jpg,trash,glass,kaggle
../data/raw/Garbage_Dataset_Classification/images/cardboard/cardboard_02426.jpg,cardboard_paper,cardboard,kaggle
../data/raw/Garbage_Dataset_Classification/images/metal/metal_02294.jpg,metal_plastic,metal,kaggle
../data/raw/Garbage_Dataset_Classification/images/plastic/plastic_01414.jpg,metal_plastic,plastic,kaggle
../data/raw/Garbage_Dataset_Classification/images/cardboard/cardboard_02652.jpg,cardboard_paper,cardboard,kaggle
../data/raw/Garbage_Dataset_Classification/images/cardboard/cardboard_00251.jpg,cardboard_paper,cardboard,kaggle
../data/raw/Garbage_Dataset_Classification/images/paper/paper_02720.jpg,cardboard_paper,paper,kaggle
../data/raw/Garbage_Dataset_Classification/images/plastic/plastic_01545.jpg,metal_plastic,plastic,kaggle
../data/raw/Garbage_Dataset_Classification/images/trash/trash_13229.jpg,trash,trash,kaggle
../data/raw/Garbage_Dataset_Classification/images/plastic/plastic_03092.jpg,metal_plastic,plastic,kaggle
../data/raw/Garbage_Dataset_Classification/images/glass/glass_02349.jpg,trash,glass,kaggle
../data/raw/Garbage_Dataset_Classification/images/trash/trash_14688.jpg,trash,trash,kaggle
../data/raw/Garbage_Dataset_Classification/images/paper/paper_02800.jpg,cardboard_paper,paper,kaggle
../data/raw/Garbage_Dataset_Classification/images/metal/metal_01079.jpg,metal_plastic,metal,kaggle
../data/raw/Garbage_Dataset_Classification/images/metal/metal_02197.jpg,metal_plastic,metal,kaggle
../data/raw/Garbage_Dataset_Classification/images/paper/paper_01933.jpg,cardboard_paper,paper,kaggle
../data/raw/Garbage_Dataset_Classification/images/plastic/plastic_03106.jpg,metal_plastic,plastic,kaggle
../data/raw/Garbage_Dataset_Classification/images/plastic/plastic_02437.jpg,metal_plastic,plastic,kaggle
../data/custom/ecoglasses/06CA313F-37E5-4191-BA73-A7DEC896D64F_1_105_c.jpeg,ecoglasses,custom_ecoglasses,custom
../data/raw/Garbage_Dataset_Classification/images/metal/metal_01717.jpg,metal_plastic,metal,kaggle
../data/raw/Garbage_Dataset_Classification/images/glass/glass_02653.jpg,trash,glass,kaggle
../data/raw/Garbage_Dataset_Classification/images/plastic/plastic_02854.jpg,metal_plastic,plastic,kaggle
../data/raw/Garbage_Dataset_Classification/images/metal/metal_02060.jpg,metal_plastic,metal,kaggle
../data/raw/Garbage_Dataset_Classification/images/glass/glass_03997.jpg,trash,glass,kaggle
../data/raw/Garbage_Dataset_Classification/images/cardboard/cardboard_01900.jpg,cardboard_paper,cardboard,kaggle
../data/raw/Garbage_Dataset_Classification/images/metal/metal_00943.jpg,metal_plastic,metal,kaggle
../data/raw/Garbage_Dataset_Classification/images/paper/paper_02973.jpg,cardboard_paper,paper,kaggle
../data/raw/Garbage_Dataset_Classification/images/glass/glass_00926.jpg,trash,glass,kaggle
../data/raw/Garbage_Dataset_Classification/images/cardboard/cardboard_01025.jpg,cardboard_paper,cardboard,kaggle
../data/raw/Garbage_Dataset_Classification/images/trash/trash_17931.jpg,trash,trash,kaggle
../data/raw/Garbage_Dataset_Classification/images/paper/paper_02346.jpg,cardboard_paper,paper,kaggle
../data/raw/Garbage_Dataset_Classification/images/metal/metal_01006.jpg,metal_plastic,metal,kaggle
../data/raw/Garbage_Dataset_Classification/images/cardboard/cardboard_02884.jpg,cardboard_paper,cardboard,kaggle
../data/raw/Garbage_Dataset_Classification/images/metal/metal_02478.jpg,metal_plastic,metal,kaggle
../data/raw/Garbage_Dataset_Classification/images/glass/glass_03303.jpg,trash,glass,kaggle
../data/raw/Garbage_Dataset_Classification/images/trash/trash_16866.jpg,trash,trash,kaggle
../data/raw/Garbage_Dataset_Classification/images/trash/trash_00805.jpg,trash,trash,kaggle
../data/raw/Garbage_Dataset_Classification/images/metal/metal_01147.jpg,metal_plastic,metal,kaggle
../data/raw/Garbage_Dataset_Classification/images/metal/metal_02226.jpg,metal_plastic,metal,kaggle
../data/raw/Garbage_Dataset_Classification/images/trash/trash_13842.jpg,trash,trash,kaggle
../data/raw/Garbage_Dataset_Classification/images/paper/paper_00939.jpg,cardboard_paper,paper,kaggle
../data/raw/Garbage_Dataset_Classification/images/trash/trash_13056.jpg,trash,trash,kaggle
../data/raw/Garbage_Dataset_Classification/images/metal/metal_02002.jpg,metal_plastic,metal,kaggle
../data/raw/Garbage_Dataset_Classification/images/paper/paper_02050.jpg,cardboard_paper,paper,kaggle
../data/raw/Garbage_Dataset_Classification/images/trash/trash_15846.jpg,trash,trash,kaggle
../data/raw/Garbage_Dataset_Classification/images/paper/paper_02310.jpg,cardboard_paper,paper,kaggle
../data/raw/Garbage_Dataset_Classification/images/glass/glass_00521.jpg,trash,glass,kaggle
../data/raw/Garbage_Dataset_Classification/images/trash/trash_17868.jpg,trash,trash,kaggle
../data/raw/Garbage_Dataset_Classification/images/paper/paper_03261.jpg,cardboard_paper,paper,kaggle
../data/raw/Garbage_Dataset_Classification/images/glass/glass_04833.jpg,trash,glass,kaggle
../data/raw/Garbage_Dataset_Classification/images/plastic/plastic_01704.jpg,metal_plastic,plastic,kaggle
../data/raw/Garbage_Dataset_Classification/images/trash/trash_07196.jpg,trash,trash,kaggle
../data/raw/Garbage_Dataset_Classification/images/cardboard/cardboard_02464.jpg,cardboard_paper,cardboard,kaggle
../data/raw/Garbage_Dataset_Classification/images/paper/paper_03055.jpg,cardboard_paper,paper,kaggle
../data/raw/Garbage_Dataset_Classification/images/plastic/plastic_00232.jpg,metal_plastic,plastic,kaggle
../data/raw/Garbage_Dataset_Classification/images/trash/trash_11598.jpg,trash,trash,kaggle
../data/raw/Garbage_Dataset_Classification/images/trash/trash_03040.jpg,trash,trash,kaggle
../data/raw/Garbage_Dataset_Classification/images/paper/paper_00677.jpg,cardboard_paper,paper,kaggle
../data/raw/Garbage_Dataset_Classification/images/cardboard/cardboard_02696.jpg,cardboard_paper,cardboard,kaggle
../data/raw/Garbage_Dataset_Classification/images/plastic/plastic_03302.jpg,metal_plastic,plastic,kaggle
../data/raw/Garbage_Dataset_Classification/images/paper/paper_01031.jpg,cardboard_paper,paper,kaggle
../data/raw/Garbage_Dataset_Classification/images/trash/trash_00843.jpg,trash,trash,kaggle
../data/raw/Garbage_Dataset_Classification/images/plastic/plastic_01752.jpg,metal_plastic,plastic,kaggle
../data/raw/Garbage_Dataset_Classification/images/paper/paper_02507.jpg,cardboard_paper,paper,kaggle
../data/raw/Garbage_Dataset_Classification/images/trash/trash_18433.jpg,trash,trash,kaggle
../data/raw/Garbage_Dataset_Classification/images/metal/metal_02095.jpg,metal_plastic,metal,kaggle
../data/raw/Garbage_Dataset_Classification/images/glass/glass_03650.jpg,trash,glass,kaggle
../data/raw/Garbage_Dataset_Classification/images/paper/paper_02866.jpg,cardboard_paper,paper,kaggle
../data/raw/Garbage_Dataset_Classification/images/trash/trash_09556.jpg,trash,trash,kaggle
../data/raw/Garbage_Dataset_Classification/images/paper/paper_02271.jpg,cardboard_paper,paper,kaggle
../data/raw/Garbage_Dataset_Classification/images/trash/trash_02368.jpg,trash,trash,kaggle
../data/raw/Garbage_Dataset_Classification/images/trash/trash_04053.jpg,trash,trash,kaggle
../data/raw/Garbage_Dataset_Classification/images/metal/metal_02632.jpg,metal_plastic,metal,kaggle
../data/custom/ecoglasses/6DEA4625-85CF-492A-9730-9D269A11230A_1_105_c.jpeg,ecoglasses,custom_ecoglasses,custom
../data/raw/Garbage_Dataset_Classification/images/trash/trash_02349.jpg,trash,trash,kaggle
../data/raw/Garbage_Dataset_Classification/images/plastic/plastic_02305.jpg,metal_plastic,plastic,kaggle
../data/raw/Garbage_Dataset_Classification/images/trash/trash_11324.jpg,trash,trash,kaggle
../data/raw/Garbage_Dataset_Classification/images/paper/paper_00586.jpg,cardboard_paper,paper,kaggle
../data/raw/Garbage_Dataset_Classification/images/glass/glass_03568.jpg,trash,glass,kaggle
../data/raw/Garbage_Dataset_Classification/images/cardboard/cardboard_00445.jpg,cardboard_paper,cardboard,kaggle
../data/raw/Garbage_Dataset_Classification/images/trash/trash_19346.jpg,trash,trash,kaggle
../data/raw/Garbage_Dataset_Classification/images/paper/paper_01795.jpg,cardboard_paper,paper,kaggle
../data/raw/Garbage_Dataset_Classification/images/cardboard/cardboard_02788.jpg,cardboard_paper,cardboard,kaggle
../data/raw/Garbage_Dataset_Classification/images/paper/paper_01481.jpg,cardboard_paper,paper,kaggle
../data/raw/Garbage_Dataset_Classification/images/trash/trash_10570.jpg,trash,trash,kaggle
../data/raw/Garbage_Dataset_Classification/images/trash/trash_10841.jpg,trash,trash,kaggle
../data/raw/Garbage_Dataset_Classification/images/paper/paper_00445.jpg,cardboard_paper,paper,kaggle
../data/raw/Garbage_Dataset_Classification/images/cardboard/cardboard_02001.jpg,cardboard_paper,cardboard,kaggle
../data/raw/Garbage_Dataset_Classification/images/trash/trash_13854.jpg,trash,trash,kaggle
../data/raw/Garbage_Dataset_Classification/images/trash/trash_03755.jpg,trash,trash,kaggle
../data/raw/Garbage_Dataset_Classification/images/plastic/plastic_02176.jpg,metal_plastic,plastic,kaggle
../data/raw/Garbage_Dataset_Classification/images/paper/paper_02139.jpg,cardboard_paper,paper,kaggle
../data/raw/Garbage_Dataset_Classification/images/metal/metal_01352.jpg,metal_plastic,metal,kaggle
../data/raw/Garbage_Dataset_Classification/images/glass/glass_04264.jpg,trash,glass,kaggle
../data/raw/Garbage_Dataset_Classification/images/glass/glass_01082.jpg,trash,glass,kaggle
../data/raw/Garbage_Dataset_Classification/images/cardboard/cardboard_01716.jpg,cardboard_paper,cardboard,kaggle
../data/raw/Garbage_Dataset_Classification/images/trash/trash_02346.jpg,trash,trash,kaggle
../data/raw/Garbage_Dataset_Classification/images/trash/trash_04678.jpg,trash,trash,kaggle
../data/raw/Garbage_Dataset_Classification/images/plastic/plastic_03210.jpg,metal_plastic,plastic,kaggle
../data/raw/Garbage_Dataset_Classification/images/metal/metal_01316.jpg,metal_plastic,metal,kaggle
../data/raw/Garbage_Dataset_Classification/images/plastic/plastic_01152.jpg,metal_plastic,plastic,kaggle
../data/raw/Garbage_Dataset_Classification/images/glass/glass_02828.jpg,trash,glass,kaggle
../data/raw/Garbage_Dataset_Classification/images/plastic/plastic_00368.jpg,metal_plastic,plastic,kaggle
../data/raw/Garbage_Dataset_Classification/images/cardboard/cardboard_01824.jpg,cardboard_paper,cardboard,kaggle
../data/raw/Garbage_Dataset_Classification/images/plastic/plastic_02976.jpg,metal_plastic,plastic,kaggle
../data/raw/Garbage_Dataset_Classification/images/glass/glass_04559.jpg,trash,glass,kaggle
../data/raw/Garbage_Dataset_Classification/images/plastic/plastic_03071.jpg,metal_plastic,plastic,kaggle
../data/raw/Garbage_Dataset_Classification/images/plastic/plastic_03229.jpg,metal_plastic,plastic,kaggle
../data/raw/Garbage_Dataset_Classification/images/plastic/plastic_02111.jpg,metal_plastic,plastic,kaggle
../data/raw/Garbage_Dataset_Classification/images/plastic/plastic_01114.jpg,metal_plastic,plastic,kaggle
../data/raw/Garbage_Dataset_Classification/images/glass/glass_01037.jpg,trash,glass,kaggle
../data/raw/Garbage_Dataset_Classification/images/paper/paper_02864.jpg,cardboard_paper,paper,kaggle
../data/raw/Garbage_Dataset_Classification/images/trash/trash_04490.jpg,trash,trash,kaggle
../data/raw/Garbage_Dataset_Classification/images/plastic/plastic_01859.jpg,metal_plastic,plastic,kaggle
../data/raw/Garbage_Dataset_Classification/images/glass/glass_05346.jpg,trash,glass,kaggle
../data/raw/Garbage_Dataset_Classification/images/trash/trash_11444.jpg,trash,trash,kaggle
../data/raw/Garbage_Dataset_Classification/images/trash/trash_18712.jpg,trash,trash,kaggle
../data/raw/Garbage_Dataset_Classification/images/cardboard/cardboard_00596.jpg,cardboard_paper,cardboard,kaggle
../data/raw/Garbage_Dataset_Classification/images/glass/glass_00055.jpg,trash,glass,kaggle
../data/raw/Garbage_Dataset_Classification/images/trash/trash_03964.jpg,trash,trash,kaggle
../data/raw/Garbage_Dataset_Classification/images/paper/paper_01390.jpg,cardboard_paper,paper,kaggle
../data/raw/Garbage_Dataset_Classification/images/paper/paper_01124.jpg,cardboard_paper,paper,kaggle
../data/raw/Garbage_Dataset_Classification/images/plastic/plastic_02000.jpg,metal_plastic,plastic,kaggle
../data/raw/Garbage_Dataset_Classification/images/glass/glass_04068.jpg,trash,glass,kaggle
../data/raw/Garbage_Dataset_Classification/images/trash/trash_13846.jpg,trash,trash,kaggle
../data/raw/Garbage_Dataset_Classification/images/cardboard/cardboard_00871.jpg,cardboard_paper,cardboard,kaggle
../data/raw/Garbage_Dataset_Classification/images/paper/paper_00834.jpg,cardboard_paper,paper,kaggle
../data/raw/Garbage_Dataset_Classification/images/trash/trash_11373.jpg,trash,trash,kaggle
../data/raw/Garbage_Dataset_Classification/images/plastic/plastic_02434.jpg,metal_plastic,plastic,kaggle
../data/raw/Garbage_Dataset_Classification/images/glass/glass_03248.jpg,trash,glass,kaggle
../data/raw/Garbage_Dataset_Classification/images/metal/metal_01004.jpg,metal_plastic,metal,kaggle
../data/raw/Garbage_Dataset_Classification/images/plastic/plastic_02266.jpg,metal_plastic,plastic,kaggle
../data/raw/Garbage_Dataset_Classification/images/paper/paper_02575.jpg,cardboard_paper,paper,kaggle
../data/raw/Garbage_Dataset_Classification/images/metal/metal_01658.jpg,metal_plastic,metal,kaggle
../data/raw/Garbage_Dataset_Classification/images/cardboard/cardboard_02293.jpg,cardboard_paper,cardboard,kaggle
../data/raw/Garbage_Dataset_Classification/images/metal/metal_02327.jpg,metal_plastic,metal,kaggle
../data/raw/Garbage_Dataset_Classification/images/cardboard/cardboard_02034.jpg,cardboard_paper,cardboard,kaggle
../data/raw/Garbage_Dataset_Classification/images/trash/trash_10792.jpg,trash,trash,kaggle
../data/raw/Garbage_Dataset_Classification/images/glass/glass_04415.jpg,trash,glass,kaggle
../data/raw/Garbage_Dataset_Classification/images/trash/trash_03584.jpg,trash,trash,kaggle
../data/raw/Garbage_Dataset_Classification/images/metal/metal_01598.jpg,metal_plastic,metal,kaggle
../data/raw/Garbage_Dataset_Classification/images/paper/paper_02536.jpg,cardboard_paper,paper,kaggle
../data/raw/Garbage_Dataset_Classification/images/paper/paper_01876.jpg,cardboard_paper,paper,kaggle
../data/raw/Garbage_Dataset_Classification/images/paper/paper_01644.jpg,cardboard_paper,paper,kaggle
../data/raw/Garbage_Dataset_Classification/images/glass/glass_05032.jpg,trash,glass,kaggle
../data/raw/Garbage_Dataset_Classification/images/glass/glass_03103.jpg,trash,glass,kaggle
../data/raw/Garbage_Dataset_Classification/images/paper/paper_03279.jpg,cardboard_paper,paper,kaggle
../data/raw/Garbage_Dataset_Classification/images/glass/glass_02447.jpg,trash,glass,kaggle
../data/raw/Garbage_Dataset_Classification/images/cardboard/cardboard_00400.jpg,cardboard_paper,cardboard,kaggle
../data/raw/Garbage_Dataset_Classification/images/glass/glass_05093.jpg,trash,glass,kaggle
../data/raw/Garbage_Dataset_Classification/images/trash/trash_14563.jpg,trash,trash,kaggle
../data/raw/Garbage_Dataset_Classification/images/trash/trash_00778.jpg,trash,trash,kaggle
../data/raw/Garbage_Dataset_Classification/images/trash/trash_04461.jpg,trash,trash,kaggle
../data/raw/Garbage_Dataset_Classification/images/trash/trash_02839.jpg,trash,trash,kaggle
../data/raw/Garbage_Dataset_Classification/images/plastic/plastic_00697.jpg,metal_plastic,plastic,kaggle
../data/raw/Garbage_Dataset_Classification/images/paper/paper_01106.jpg,cardboard_paper,paper,kaggle
../data/raw/Garbage_Dataset_Classification/images/paper/paper_00926.jpg,cardboard_paper,paper,kaggle
../data/raw/Garbage_Dataset_Classification/images/metal/metal_02205.jpg,metal_plastic,metal,kaggle
../data/raw/Garbage_Dataset_Classification/images/paper/paper_01533.jpg,cardboard_paper,paper,kaggle
../data/raw/Garbage_Dataset_Classification/images/plastic/plastic_00466.jpg,metal_plastic,plastic,kaggle
../data/raw/Garbage_Dataset_Classification/images/paper/paper_00134.jpg,cardboard_paper,paper,kaggle
../data/raw/Garbage_Dataset_Classification/images/cardboard/cardboard_00003.jpg,cardboard_paper,cardboard,kaggle
../data/raw/Garbage_Dataset_Classification/images/plastic/plastic_01079.jpg,metal_plastic,plastic,kaggle
../data/raw/Garbage_Dataset_Classification/images/glass/glass_02118.jpg,trash,glass,kaggle
../data/raw/Garbage_Dataset_Classification/images/glass/glass_04160.jpg,trash,glass,kaggle
../data/raw/Garbage_Dataset_Classification/images/metal/metal_01656.jpg,metal_plastic,metal,kaggle
../data/raw/Garbage_Dataset_Classification/images/metal/metal_02337.jpg,metal_plastic,metal,kaggle
../data/raw/Garbage_Dataset_Classification/images/glass/glass_03030.jpg,trash,glass,kaggle
../data/raw/Garbage_Dataset_Classification/images/cardboard/cardboard_01739.jpg,cardboard_paper,cardboard,kaggle
../data/raw/Garbage_Dataset_Classification/images/cardboard/cardboard_01958.jpg,cardboard_paper,cardboard,kaggle
../data/raw/Garbage_Dataset_Classification/images/glass/glass_05161.jpg,trash,glass,kaggle
../data/raw/Garbage_Dataset_Classification/images/plastic/plastic_02827.jpg,metal_plastic,plastic,kaggle
../data/raw/Garbage_Dataset_Classification/images/metal/metal_02590.jpg,metal_plastic,metal,kaggle
../data/raw/Garbage_Dataset_Classification/images/plastic/plastic_02334.jpg,metal_plastic,plastic,kaggle
../data/raw/Garbage_Dataset_Classification/images/cardboard/cardboard_00224.jpg,cardboard_paper,cardboard,kaggle
../data/raw/Garbage_Dataset_Classification/images/cardboard/cardboard_01640.jpg,cardboard_paper,cardboard,kaggle
../data/raw/Garbage_Dataset_Classification/images/paper/paper_01181.jpg,cardboard_paper,paper,kaggle
../data/raw/Garbage_Dataset_Classification/images/trash/trash_06816.jpg,trash,trash,kaggle
../data/raw/Garbage_Dataset_Classification/images/plastic/plastic_01278.jpg,metal_plastic,plastic,kaggle
../data/raw/Garbage_Dataset_Classification/images/cardboard/cardboard_00438.jpg,cardboard_paper,cardboard,kaggle
../data/raw/Garbage_Dataset_Classification/images/cardboard/cardboard_02940.jpg,cardboard_paper,cardboard,kaggle
../data/raw/Garbage_Dataset_Classification/images/trash/trash_15849.jpg,trash,trash,kaggle
../data/raw/Garbage_Dataset_Classification/images/trash/trash_19765.jpg,trash,trash,kaggle
../data/raw/Garbage_Dataset_Classification/images/glass/glass_03678.jpg,trash,glass,kaggle
../data/raw/Garbage_Dataset_Classification/images/glass/glass_02022.jpg,trash,glass,kaggle
../data/raw/Garbage_Dataset_Classification/images/glass/glass_04811.jpg,trash,glass,kaggle
../data/raw/Garbage_Dataset_Classification/images/metal/metal_00997.jpg,metal_plastic,metal,kaggle
../data/raw/Garbage_Dataset_Classification/images/paper/paper_01399.jpg,cardboard_paper,paper,kaggle
../data/raw/Garbage_Dataset_Classification/images/plastic/plastic_00826.jpg,metal_plastic,plastic,kaggle
../data/raw/Garbage_Dataset_Classification/images/cardboard/cardboard_02667.jpg,cardboard_paper,cardboard,kaggle
../data/raw/Garbage_Dataset_Classification/images/trash/trash_12651.jpg,trash,trash,kaggle
../data/raw/Garbage_Dataset_Classification/images/paper/paper_01137.jpg,cardboard_paper,paper,kaggle
../data/raw/Garbage_Dataset_Classification/images/trash/trash_05856.jpg,trash,trash,kaggle
../data/raw/Garbage_Dataset_Classification/images/glass/glass_01592.jpg,trash,glass,kaggle
../data/raw/Garbage_Dataset_Classification/images/trash/trash_15412.jpg,trash,trash,kaggle
../data/raw/Garbage_Dataset_Classification/images/plastic/plastic_01693.jpg,metal_plastic,plastic,kaggle
../data/raw/Garbage_Dataset_Classification/images/plastic/plastic_02047.jpg,metal_plastic,plastic,kaggle
../data/raw/Garbage_Dataset_Classification/images/paper/paper_02304.jpg,cardboard_paper,paper,kaggle
../data/raw/Garbage_Dataset_Classification/images/paper/paper_03053.jpg,cardboard_paper,paper,kaggle
../data/raw/Garbage_Dataset_Classification/images/paper/paper_03257.jpg,cardboard_paper,paper,kaggle
../data/raw/Garbage_Dataset_Classification/images/plastic/plastic_01838.jpg,metal_plastic,plastic,kaggle
../data/raw/Garbage_Dataset_Classification/images/plastic/plastic_00134.jpg,metal_plastic,plastic,kaggle
../data/raw/Garbage_Dataset_Classification/images/glass/glass_03348.jpg,trash,glass,kaggle
../data/raw/Garbage_Dataset_Classification/images/trash/trash_01487.jpg,trash,trash,kaggle
../data/raw/Garbage_Dataset_Classification/images/cardboard/cardboard_02616.jpg,cardboard_paper,cardboard,kaggle
../data/raw/Garbage_Dataset_Classification/images/plastic/plastic_01562.jpg,metal_plastic,plastic,kaggle
../data/raw/Garbage_Dataset_Classification/images/trash/trash_14640.jpg,trash,trash,kaggle
../data/raw/Garbage_Dataset_Classification/images/paper/paper_02230.jpg,cardboard_paper,paper,kaggle
../data/raw/Garbage_Dataset_Classification/images/trash/trash_01360.jpg,trash,trash,kaggle
../data/raw/Garbage_Dataset_Classification/images/trash/trash_02213.jpg,trash,trash,kaggle
../data/raw/Garbage_Dataset_Classification/images/trash/trash_02474.jpg,trash,trash,kaggle
../data/raw/Garbage_Dataset_Classification/images/metal/metal_01283.jpg,metal_plastic,metal,kaggle
../data/raw/Garbage_Dataset_Classification/images/paper/paper_00674.jpg,cardboard_paper,paper,kaggle
../data/raw/Garbage_Dataset_Classification/images/paper/paper_00791.jpg,cardboard_paper,paper,kaggle
../data/raw/Garbage_Dataset_Classification/images/metal/metal_01210.jpg,metal_plastic,metal,kaggle
../data/raw/Garbage_Dataset_Classification/images/paper/paper_03185.jpg,cardboard_paper,paper,kaggle
../data/custom/ecoglasses/55366018-B320-4693-8437-36645865008A_1_105_c.jpeg,ecoglasses,custom_ecoglasses,custom
../data/raw/Garbage_Dataset_Classification/images/plastic/plastic_01388.jpg,metal_plastic,plastic,kaggle
../data/raw/Garbage_Dataset_Classification/images/trash/trash_17894.jpg,trash,trash,kaggle
../data/raw/Garbage_Dataset_Classification/images/metal/metal_01716.jpg,metal_plastic,metal,kaggle
../data/raw/Garbage_Dataset_Classification/images/trash/trash_01045.jpg,trash,trash,kaggle
../data/raw/Garbage_Dataset_Classification/images/plastic/plastic_03103.jpg,metal_plastic,plastic,kaggle
../data/raw/Garbage_Dataset_Classification/images/metal/metal_01563.jpg,metal_plastic,metal,kaggle
../data/raw/Garbage_Dataset_Classification/images/trash/trash_11626.jpg,trash,trash,kaggle
../data/raw/Garbage_Dataset_Classification/images/trash/trash_10542.jpg,trash,trash,kaggle
../data/raw/Garbage_Dataset_Classification/images/metal/metal_01891.jpg,metal_plastic,metal,kaggle
../data/raw/Garbage_Dataset_Classification/images/plastic/plastic_03230.jpg,metal_plastic,plastic,kaggle
../data/raw/Garbage_Dataset_Classification/images/paper/paper_03199.jpg,cardboard_paper,paper,kaggle
../data/raw/Garbage_Dataset_Classification/images/cardboard/cardboard_01698.jpg,cardboard_paper,cardboard,kaggle
../data/raw/Garbage_Dataset_Classification/images/paper/paper_02908.jpg,cardboard_paper,paper,kaggle
../data/raw/Garbage_Dataset_Classification/images/trash/trash_08014.jpg,trash,trash,kaggle
../data/raw/Garbage_Dataset_Classification/images/paper/paper_02285.jpg,cardboard_paper,paper,kaggle
../data/raw/Garbage_Dataset_Classification/images/glass/glass_00643.jpg,trash,glass,kaggle
../data/raw/Garbage_Dataset_Classification/images/plastic/plastic_02574.jpg,metal_plastic,plastic,kaggle
../data/raw/Garbage_Dataset_Classification/images/plastic/plastic_02743.jpg,metal_plastic,plastic,kaggle
../data/raw/Garbage_Dataset_Classification/images/paper/paper_00889.jpg,cardboard_paper,paper,kaggle
../data/raw/Garbage_Dataset_Classification/images/glass/glass_01460.jpg,trash,glass,kaggle
../data/raw/Garbage_Dataset_Classification/images/metal/metal_01217.jpg,metal_plastic,metal,kaggle
../data/raw/Garbage_Dataset_Classification/images/metal/metal_01728.jpg,metal_plastic,metal,kaggle
../data/raw/Garbage_Dataset_Classification/images/metal/metal_00592.jpg,metal_plastic,metal,kaggle
../data/raw/Garbage_Dataset_Classification/images/paper/paper_01398.jpg,cardboard_paper,paper,kaggle
../data/raw/Garbage_Dataset_Classification/images/paper/paper_02520.jpg,cardboard_paper,paper,kaggle
../data/raw/Garbage_Dataset_Classification/images/paper/paper_01432.jpg,cardboard_paper,paper,kaggle
../data/raw/Garbage_Dataset_Classification/images/trash/trash_03053.jpg,trash,trash,kaggle
../data/raw/Garbage_Dataset_Classification/images/paper/paper_02345.jpg,cardboard_paper,paper,kaggle
../data/raw/Garbage_Dataset_Classification/images/cardboard/cardboard_00451.jpg,cardboard_paper,cardboard,kaggle
../data/raw/Garbage_Dataset_Classification/images/trash/trash_19556.jpg,trash,trash,kaggle
../data/raw/Garbage_Dataset_Classification/images/glass/glass_02759.jpg,trash,glass,kaggle
../data/raw/Garbage_Dataset_Classification/images/trash/trash_02085.jpg,trash,trash,kaggle
../data/raw/Garbage_Dataset_Classification/images/glass/glass_03183.jpg,trash,glass,kaggle
../data/raw/Garbage_Dataset_Classification/images/plastic/plastic_02848.jpg,metal_plastic,plastic,kaggle
../data/raw/Garbage_Dataset_Classification/images/trash/trash_16217.jpg,trash,trash,kaggle
../data/raw/Garbage_Dataset_Classification/images/plastic/plastic_02382.jpg,metal_plastic,plastic,kaggle
../data/raw/Garbage_Dataset_Classification/images/paper/paper_00716.jpg,cardboard_paper,paper,kaggle
../data/raw/Garbage_Dataset_Classification/images/trash/trash_09012.jpg,trash,trash,kaggle
../data/raw/Garbage_Dataset_Classification/images/plastic/plastic_01841.jpg,metal_plastic,plastic,kaggle
../data/raw/Garbage_Dataset_Classification/images/glass/glass_02951.jpg,trash,glass,kaggle
../data/raw/Garbage_Dataset_Classification/images/plastic/plastic_00158.jpg,metal_plastic,plastic,kaggle
../data/raw/Garbage_Dataset_Classification/images/plastic/plastic_02156.jpg,metal_plastic,plastic,kaggle
../data/raw/Garbage_Dataset_Classification/images/trash/trash_00251.jpg,trash,trash,kaggle
../data/raw/Garbage_Dataset_Classification/images/trash/trash_04829.jpg,trash,trash,kaggle
../data/raw/Garbage_Dataset_Classification/images/cardboard/cardboard_01248.jpg,cardboard_paper,cardboard,kaggle
../data/raw/Garbage_Dataset_Classification/images/trash/trash_05357.jpg,trash,trash,kaggle
../data/raw/Garbage_Dataset_Classification/images/cardboard/cardboard_02942.jpg,cardboard_paper,cardboard,kaggle
../data/raw/Garbage_Dataset_Classification/images/cardboard/cardboard_02899.jpg,cardboard_paper,cardboard,kaggle
../data/raw/Garbage_Dataset_Classification/images/cardboard/cardboard_01381.jpg,cardboard_paper,cardboard,kaggle
../data/raw/Garbage_Dataset_Classification/images/cardboard/cardboard_01719.jpg,cardboard_paper,cardboard,kaggle
../data/raw/Garbage_Dataset_Classification/images/metal/metal_01986.jpg,metal_plastic,metal,kaggle
../data/raw/Garbage_Dataset_Classification/images/glass/glass_05232.jpg,trash,glass,kaggle
../data/raw/Garbage_Dataset_Classification/images/metal/metal_02588.jpg,metal_plastic,metal,kaggle
../data/raw/Garbage_Dataset_Classification/images/trash/trash_03820.jpg,trash,trash,kaggle
../data/raw/Garbage_Dataset_Classification/images/paper/paper_02832.jpg,cardboard_paper,paper,kaggle
../data/raw/Garbage_Dataset_Classification/images/glass/glass_04575.jpg,trash,glass,kaggle
../data/raw/Garbage_Dataset_Classification/images/cardboard/cardboard_01604.jpg,cardboard_paper,cardboard,kaggle
../data/raw/Garbage_Dataset_Classification/images/trash/trash_10164.jpg,trash,trash,kaggle
../data/raw/Garbage_Dataset_Classification/images/trash/trash_18987.jpg,trash,trash,kaggle
../data/raw/Garbage_Dataset_Classification/images/cardboard/cardboard_02823.jpg,cardboard_paper,cardboard,kaggle
../data/raw/Garbage_Dataset_Classification/images/plastic/plastic_03064.jpg,metal_plastic,plastic,kaggle
../data/raw/Garbage_Dataset_Classification/images/trash/trash_06990.jpg,trash,trash,kaggle
../data/raw/Garbage_Dataset_Classification/images/paper/paper_01088.jpg,cardboard_paper,paper,kaggle
../data/raw/Garbage_Dataset_Classification/images/glass/glass_02526.jpg,trash,glass,kaggle
../data/raw/Garbage_Dataset_Classification/images/plastic/plastic_01903.jpg,metal_plastic,plastic,kaggle
../data/raw/Garbage_Dataset_Classification/images/cardboard/cardboard_02471.jpg,cardboard_paper,cardboard,kaggle
../data/raw/Garbage_Dataset_Classification/images/trash/trash_04376.jpg,trash,trash,kaggle
../data/raw/Garbage_Dataset_Classification/images/cardboard/cardboard_02956.jpg,cardboard_paper,cardboard,kaggle
../data/raw/Garbage_Dataset_Classification/images/paper/paper_02967.jpg,cardboard_paper,paper,kaggle
../data/raw/Garbage_Dataset_Classification/images/trash/trash_14204.jpg,trash,trash,kaggle
../data/raw/Garbage_Dataset_Classification/images/glass/glass_02616.jpg,trash,glass,kaggle
../data/raw/Garbage_Dataset_Classification/images/paper/paper_03298.jpg,cardboard_paper,paper,kaggle
../data/raw/Garbage_Dataset_Classification/images/cardboard/cardboard_02171.jpg,cardboard_paper,cardboard,kaggle
../data/raw/Garbage_Dataset_Classification/images/plastic/plastic_00274.jpg,metal_plastic,plastic,kaggle
../data/raw/Garbage_Dataset_Classification/images/plastic/plastic_02652.jpg,metal_plastic,plastic,kaggle
../data/raw/Garbage_Dataset_Classification/images/cardboard/cardboard_02892.jpg,cardboard_paper,cardboard,kaggle
../data/raw/Garbage_Dataset_Classification/images/trash/trash_19606.jpg,trash,trash,kaggle
../data/raw/Garbage_Dataset_Classification/images/trash/trash_07509.jpg,trash,trash,kaggle
../data/raw/Garbage_Dataset_Classification/images/glass/glass_01656.jpg,trash,glass,kaggle
../data/raw/Garbage_Dataset_Classification/images/paper/paper_01550.jpg,cardboard_paper,paper,kaggle
../data/raw/Garbage_Dataset_Classification/images/paper/paper_02060.jpg,cardboard_paper,paper,kaggle
../data/raw/Garbage_Dataset_Classification/images/plastic/plastic_02981.jpg,metal_plastic,plastic,kaggle
../data/raw/Garbage_Dataset_Classification/images/paper/paper_00187.jpg,cardboard_paper,paper,kaggle
../data/raw/Garbage_Dataset_Classification/images/glass/glass_02039.jpg,trash,glass,kaggle
../data/raw/Garbage_Dataset_Classification/images/paper/paper_02395.jpg,cardboard_paper,paper,kaggle
../data/raw/Garbage_Dataset_Classification/images/cardboard/cardboard_01803.jpg,cardboard_paper,cardboard,kaggle
../data/raw/Garbage_Dataset_Classification/images/glass/glass_03272.jpg,trash,glass,kaggle
../data/raw/Garbage_Dataset_Classification/images/plastic/plastic_00503.jpg,metal_plastic,plastic,kaggle
../data/raw/Garbage_Dataset_Classification/images/plastic/plastic_02159.jpg,metal_plastic,plastic,kaggle
../data/raw/Garbage_Dataset_Classification/images/metal/metal_01647.jpg,metal_plastic,metal,kaggle
../data/raw/Garbage_Dataset_Classification/images/cardboard/cardboard_01383.jpg,cardboard_paper,cardboard,kaggle
../data/raw/Garbage_Dataset_Classification/images/trash/trash_04010.jpg,trash,trash,kaggle
../data/raw/Garbage_Dataset_Classification/images/glass/glass_01067.jpg,trash,glass,kaggle
../data/raw/Garbage_Dataset_Classification/images/cardboard/cardboard_02187.jpg,cardboard_paper,cardboard,kaggle
../data/raw/Garbage_Dataset_Classification/images/plastic/plastic_02440.jpg,metal_plastic,plastic,kaggle
../data/raw/Garbage_Dataset_Classification/images/plastic/plastic_03203.jpg,metal_plastic,plastic,kaggle
../data/raw/Garbage_Dataset_Classification/images/plastic/plastic_01785.jpg,metal_plastic,plastic,kaggle
../data/raw/Garbage_Dataset_Classification/images/plastic/plastic_02184.jpg,metal_plastic,plastic,kaggle
../data/raw/Garbage_Dataset_Classification/images/plastic/plastic_02474.jpg,metal_plastic,plastic,kaggle
../data/raw/Garbage_Dataset_Classification/images/glass/glass_05548.jpg,trash,glass,kaggle
../data/raw/Garbage_Dataset_Classification/images/trash/trash_12243.jpg,trash,trash,kaggle
../data/raw/Garbage_Dataset_Classification/images/paper/paper_01835.jpg,cardboard_paper,paper,kaggle
../data/raw/Garbage_Dataset_Classification/images/plastic/plastic_03255.jpg,metal_plastic,plastic,kaggle
../data/raw/Garbage_Dataset_Classification/images/trash/trash_19544.jpg,trash,trash,kaggle
../data/raw/Garbage_Dataset_Classification/images/plastic/plastic_01495.jpg,metal_plastic,plastic,kaggle
../data/raw/Garbage_Dataset_Classification/images/metal/metal_01582.jpg,metal_plastic,metal,kaggle
../data/raw/Garbage_Dataset_Classification/images/glass/glass_02889.jpg,trash,glass,kaggle
../data/raw/Garbage_Dataset_Classification/images/plastic/plastic_03080.jpg,metal_plastic,plastic,kaggle
../data/raw/Garbage_Dataset_Classification/images/paper/paper_02541.jpg,cardboard_paper,paper,kaggle
../data/raw/Garbage_Dataset_Classification/images/glass/glass_01835.jpg,trash,glass,kaggle
../data/raw/Garbage_Dataset_Classification/images/plastic/plastic_02268.jpg,metal_plastic,plastic,kaggle
../data/raw/Garbage_Dataset_Classification/images/paper/paper_02327.jpg,cardboard_paper,paper,kaggle
../data/raw/Garbage_Dataset_Classification/images/metal/metal_01693.jpg,metal_plastic,metal,kaggle
../data/raw/Garbage_Dataset_Classification/images/cardboard/cardboard_02750.jpg,cardboard_paper,cardboard,kaggle
../data/raw/Garbage_Dataset_Classification/images/plastic/plastic_02405.jpg,metal_plastic,plastic,kaggle
../data/raw/Garbage_Dataset_Classification/images/glass/glass_03004.jpg,trash,glass,kaggle
../data/raw/Garbage_Dataset_Classification/images/trash/trash_11436.jpg,trash,trash,kaggle
../data/raw/Garbage_Dataset_Classification/images/trash/trash_09410.jpg,trash,trash,kaggle
../data/raw/Garbage_Dataset_Classification/images/plastic/plastic_00943.jpg,metal_plastic,plastic,kaggle
../data/custom/ecoglasses/C4248563-8468-4189-A7CC-310058E5107E_1_105_c.jpeg,ecoglasses,custom_ecoglasses,custom
../data/raw/Garbage_Dataset_Classification/images/plastic/plastic_00878.jpg,metal_plastic,plastic,kaggle
../data/raw/Garbage_Dataset_Classification/images/trash/trash_14684.jpg,trash,trash,kaggle
../data/raw/Garbage_Dataset_Classification/images/glass/glass_00253.jpg,trash,glass,kaggle
../data/raw/Garbage_Dataset_Classification/images/trash/trash_17727.jpg,trash,trash,kaggle
../data/raw/Garbage_Dataset_Classification/images/glass/glass_00970.jpg,trash,glass,kaggle
../data/raw/Garbage_Dataset_Classification/images/trash/trash_06269.jpg,trash,trash,kaggle
../data/raw/Garbage_Dataset_Classification/images/glass/glass_01242.jpg,trash,glass,kaggle
../data/raw/Garbage_Dataset_Classification/images/trash/trash_05968.jpg,trash,trash,kaggle
../data/raw/Garbage_Dataset_Classification/images/metal/metal_00438.jpg,metal_plastic,metal,kaggle
../data/raw/Garbage_Dataset_Classification/images/plastic/plastic_00176.jpg,metal_plastic,plastic,kaggle
../data/raw/Garbage_Dataset_Classification/images/trash/trash_17586.jpg,trash,trash,kaggle
../data/raw/Garbage_Dataset_Classification/images/plastic/plastic_01875.jpg,metal_plastic,plastic,kaggle
../data/raw/Garbage_Dataset_Classification/images/paper/paper_02526.jpg,cardboard_paper,paper,kaggle
../data/raw/Garbage_Dataset_Classification/images/plastic/plastic_01887.jpg,metal_plastic,plastic,kaggle
../data/raw/Garbage_Dataset_Classification/images/metal/metal_02525.jpg,metal_plastic,metal,kaggle
../data/raw/Garbage_Dataset_Classification/images/glass/glass_03875.jpg,trash,glass,kaggle
../data/raw/Garbage_Dataset_Classification/images/glass/glass_01008.jpg,trash,glass,kaggle
../data/raw/Garbage_Dataset_Classification/images/cardboard/cardboard_02272.jpg,cardboard_paper,cardboard,kaggle
../data/raw/Garbage_Dataset_Classification/images/metal/metal_00581.jpg,metal_plastic,metal,kaggle
../data/raw/Garbage_Dataset_Classification/images/paper/paper_02932.jpg,cardboard_paper,paper,kaggle
../data/raw/Garbage_Dataset_Classification/images/paper/paper_02721.jpg,cardboard_paper,paper,kaggle
../data/raw/Garbage_Dataset_Classification/images/metal/metal_01503.jpg,metal_plastic,metal,kaggle
../data/raw/Garbage_Dataset_Classification/images/plastic/plastic_01330.jpg,metal_plastic,plastic,kaggle
../data/raw/Garbage_Dataset_Classification/images/glass/glass_03505.jpg,trash,glass,kaggle
../data/raw/Garbage_Dataset_Classification/images/cardboard/cardboard_02568.jpg,cardboard_paper,cardboard,kaggle
../data/raw/Garbage_Dataset_Classification/images/metal/metal_02575.jpg,metal_plastic,metal,kaggle
../data/custom/ecoglasses/271DFF5A-F2EC-4597-949B-2C2AA1814373_1_105_c.jpeg,ecoglasses,custom_ecoglasses,custom
../data/raw/Garbage_Dataset_Classification/images/metal/metal_02452.jpg,metal_plastic,metal,kaggle
../data/raw/Garbage_Dataset_Classification/images/glass/glass_02224.jpg,trash,glass,kaggle
../data/raw/Garbage_Dataset_Classification/images/trash/trash_09845.jpg,trash,trash,kaggle
../data/raw/Garbage_Dataset_Classification/images/plastic/plastic_01279.jpg,metal_plastic,plastic,kaggle
../data/raw/Garbage_Dataset_Classification/images/paper/paper_02318.jpg,cardboard_paper,paper,kaggle
../data/raw/Garbage_Dataset_Classification/images/glass/glass_05112.jpg,trash,glass,kaggle
../data/raw/Garbage_Dataset_Classification/images/cardboard/cardboard_03024.jpg,cardboard_paper,cardboard,kaggle
../data/raw/Garbage_Dataset_Classification/images/glass/glass_00255.jpg,trash,glass,kaggle
../data/raw/Garbage_Dataset_Classification/images/metal/metal_01825.jpg,metal_plastic,metal,kaggle
../data/raw/Garbage_Dataset_Classification/images/plastic/plastic_01075.jpg,metal_plastic,plastic,kaggle
../data/raw/Garbage_Dataset_Classification/images/plastic/plastic_02781.jpg,metal_plastic,plastic,kaggle
../data/raw/Garbage_Dataset_Classification/images/trash/trash_10970.jpg,trash,trash,kaggle
../data/raw/Garbage_Dataset_Classification/images/cardboard/cardboard_02163.jpg,cardboard_paper,cardboard,kaggle
../data/raw/Garbage_Dataset_Classification/images/metal/metal_01889.jpg,metal_plastic,metal,kaggle
../data/raw/Garbage_Dataset_Classification/images/trash/trash_04134.jpg,trash,trash,kaggle
../data/raw/Garbage_Dataset_Classification/images/plastic/plastic_01988.jpg,metal_plastic,plastic,kaggle
../data/raw/Garbage_Dataset_Classification/images/trash/trash_11563.jpg,trash,trash,kaggle
../data/raw/Garbage_Dataset_Classification/images/glass/glass_00457.jpg,trash,glass,kaggle
../data/raw/Garbage_Dataset_Classification/images/cardboard/cardboard_02385.jpg,cardboard_paper,cardboard,kaggle
../data/raw/Garbage_Dataset_Classification/images/glass/glass_01983.jpg,trash,glass,kaggle
../data/raw/Garbage_Dataset_Classification/images/metal/metal_00255.jpg,metal_plastic,metal,kaggle
../data/raw/Garbage_Dataset_Classification/images/trash/trash_20199.jpg,trash,trash,kaggle
../data/raw/Garbage_Dataset_Classification/images/plastic/plastic_00440.jpg,metal_plastic,plastic,kaggle
../data/raw/Garbage_Dataset_Classification/images/glass/glass_00728.jpg,trash,glass,kaggle
../data/raw/Garbage_Dataset_Classification/images/glass/glass_05167.jpg,trash,glass,kaggle
../data/raw/Garbage_Dataset_Classification/images/plastic/plastic_02600.jpg,metal_plastic,plastic,kaggle
../data/raw/Garbage_Dataset_Classification/images/paper/paper_00387.jpg,cardboard_paper,paper,kaggle
../data/raw/Garbage_Dataset_Classification/images/paper/paper_02131.jpg,cardboard_paper,paper,kaggle
../data/raw/Garbage_Dataset_Classification/images/paper/paper_03017.jpg,cardboard_paper,paper,kaggle
../data/raw/Garbage_Dataset_Classification/images/cardboard/cardboard_01728.jpg,cardboard_paper,cardboard,kaggle
../data/raw/Garbage_Dataset_Classification/images/metal/metal_01868.jpg,metal_plastic,metal,kaggle
../data/raw/Garbage_Dataset_Classification/images/trash/trash_11663.jpg,trash,trash,kaggle
../data/raw/Garbage_Dataset_Classification/images/trash/trash_00757.jpg,trash,trash,kaggle
../data/raw/Garbage_Dataset_Classification/images/glass/glass_05330.jpg,trash,glass,kaggle
../data/raw/Garbage_Dataset_Classification/images/metal/metal_01943.jpg,metal_plastic,metal,kaggle
../data/raw/Garbage_Dataset_Classification/images/plastic/plastic_00353.jpg,metal_plastic,plastic,kaggle
../data/raw/Garbage_Dataset_Classification/images/plastic/plastic_02818.jpg,metal_plastic,plastic,kaggle
../data/raw/Garbage_Dataset_Classification/images/glass/glass_02358.jpg,trash,glass,kaggle
../data/raw/Garbage_Dataset_Classification/images/plastic/plastic_02066.jpg,metal_plastic,plastic,kaggle
../data/raw/Garbage_Dataset_Classification/images/glass/glass_02431.jpg,trash,glass,kaggle
../data/raw/Garbage_Dataset_Classification/images/cardboard/cardboard_02593.jpg,cardboard_paper,cardboard,kaggle
../data/raw/Garbage_Dataset_Classification/images/metal/metal_02298.jpg,metal_plastic,metal,kaggle
../data/raw/Garbage_Dataset_Classification/images/plastic/plastic_02723.jpg,metal_plastic,plastic,kaggle
../data/raw/Garbage_Dataset_Classification/images/metal/metal_02182.jpg,metal_plastic,metal,kaggle
../data/raw/Garbage_Dataset_Classification/images/glass/glass_03434.jpg,trash,glass,kaggle
../data/raw/Garbage_Dataset_Classification/images/paper/paper_02416.jpg,cardboard_paper,paper,kaggle
../data/raw/Garbage_Dataset_Classification/images/plastic/plastic_00348.jpg,metal_plastic,plastic,kaggle
../data/raw/Garbage_Dataset_Classification/images/paper/paper_02736.jpg,cardboard_paper,paper,kaggle
../data/raw/Garbage_Dataset_Classification/images/metal/metal_02210.jpg,metal_plastic,metal,kaggle
../data/raw/Garbage_Dataset_Classification/images/cardboard/cardboard_02821.jpg,cardboard_paper,cardboard,kaggle
../data/raw/Garbage_Dataset_Classification/images/glass/glass_03523.jpg,trash,glass,kaggle
../data/raw/Garbage_Dataset_Classification/images/glass/glass_02897.jpg,trash,glass,kaggle
../data/raw/Garbage_Dataset_Classification/images/trash/trash_16091.jpg,trash,trash,kaggle
../data/raw/Garbage_Dataset_Classification/images/trash/trash_02521.jpg,trash,trash,kaggle
../data/raw/Garbage_Dataset_Classification/images/paper/paper_01667.jpg,cardboard_paper,paper,kaggle
../data/raw/Garbage_Dataset_Classification/images/paper/paper_02053.jpg,cardboard_paper,paper,kaggle
../data/raw/Garbage_Dataset_Classification/images/trash/trash_09308.jpg,trash,trash,kaggle
../data/raw/Garbage_Dataset_Classification/images/trash/trash_11989.jpg,trash,trash,kaggle
../data/raw/Garbage_Dataset_Classification/images/plastic/plastic_02182.jpg,metal_plastic,plastic,kaggle
../data/raw/Garbage_Dataset_Classification/images/plastic/plastic_00391.jpg,metal_plastic,plastic,kaggle
../data/raw/Garbage_Dataset_Classification/images/trash/trash_11593.jpg,trash,trash,kaggle
../data/raw/Garbage_Dataset_Classification/images/glass/glass_03450.jpg,trash,glass,kaggle
../data/raw/Garbage_Dataset_Classification/images/plastic/plastic_02185.jpg,metal_plastic,plastic,kaggle
../data/raw/Garbage_Dataset_Classification/images/glass/glass_00062.jpg,trash,glass,kaggle
../data/raw/Garbage_Dataset_Classification/images/plastic/plastic_01555.jpg,metal_plastic,plastic,kaggle
../data/raw/Garbage_Dataset_Classification/images/plastic/plastic_02650.jpg,metal_plastic,plastic,kaggle
../data/raw/Garbage_Dataset_Classification/images/paper/paper_02681.jpg,cardboard_paper,paper,kaggle
../data/raw/Garbage_Dataset_Classification/images/metal/metal_01773.jpg,metal_plastic,metal,kaggle
../data/raw/Garbage_Dataset_Classification/images/metal/metal_02700.jpg,metal_plastic,metal,kaggle
../data/raw/Garbage_Dataset_Classification/images/metal/metal_00296.jpg,metal_plastic,metal,kaggle
../data/raw/Garbage_Dataset_Classification/images/trash/trash_12700.jpg,trash,trash,kaggle
../data/raw/Garbage_Dataset_Classification/images/paper/paper_02790.jpg,cardboard_paper,paper,kaggle
../data/raw/Garbage_Dataset_Classification/images/paper/paper_03148.jpg,cardboard_paper,paper,kaggle
../data/raw/Garbage_Dataset_Classification/images/trash/trash_12746.jpg,trash,trash,kaggle
../data/raw/Garbage_Dataset_Classification/images/glass/glass_05228.jpg,trash,glass,kaggle
../data/raw/Garbage_Dataset_Classification/images/cardboard/cardboard_01139.jpg,cardboard_paper,cardboard,kaggle
../data/raw/Garbage_Dataset_Classification/images/metal/metal_02345.jpg,metal_plastic,metal,kaggle
../data/raw/Garbage_Dataset_Classification/images/glass/glass_02016.jpg,trash,glass,kaggle
../data/raw/Garbage_Dataset_Classification/images/plastic/plastic_01705.jpg,metal_plastic,plastic,kaggle
../data/raw/Garbage_Dataset_Classification/images/trash/trash_08468.jpg,trash,trash,kaggle
../data/raw/Garbage_Dataset_Classification/images/plastic/plastic_02624.jpg,metal_plastic,plastic,kaggle
../data/raw/Garbage_Dataset_Classification/images/metal/metal_01882.jpg,metal_plastic,metal,kaggle
../data/raw/Garbage_Dataset_Classification/images/trash/trash_09277.jpg,trash,trash,kaggle
../data/raw/Garbage_Dataset_Classification/images/paper/paper_01867.jpg,cardboard_paper,paper,kaggle
../data/raw/Garbage_Dataset_Classification/images/trash/trash_13638.jpg,trash,trash,kaggle
../data/raw/Garbage_Dataset_Classification/images/plastic/plastic_01469.jpg,metal_plastic,plastic,kaggle
../data/raw/Garbage_Dataset_Classification/images/paper/paper_00848.jpg,cardboard_paper,paper,kaggle
../data/raw/Garbage_Dataset_Classification/images/cardboard/cardboard_00810.jpg,cardboard_paper,cardboard,kaggle
../data/raw/Garbage_Dataset_Classification/images/cardboard/cardboard_02193.jpg,cardboard_paper,cardboard,kaggle
../data/raw/Garbage_Dataset_Classification/images/paper/paper_02118.jpg,cardboard_paper,paper,kaggle
../data/raw/Garbage_Dataset_Classification/images/paper/paper_02625.jpg,cardboard_paper,paper,kaggle
../data/raw/Garbage_Dataset_Classification/images/paper/paper_01360.jpg,cardboard_paper,paper,kaggle
../data/raw/Garbage_Dataset_Classification/images/plastic/plastic_02973.jpg,metal_plastic,plastic,kaggle
../data/raw/Garbage_Dataset_Classification/images/cardboard/cardboard_02900.jpg,cardboard_paper,cardboard,kaggle
../data/raw/Garbage_Dataset_Classification/images/glass/glass_05465.jpg,trash,glass,kaggle
../data/raw/Garbage_Dataset_Classification/images/metal/metal_01558.jpg,metal_plastic,metal,kaggle
../data/raw/Garbage_Dataset_Classification/images/paper/paper_01207.jpg,cardboard_paper,paper,kaggle
../data/raw/Garbage_Dataset_Classification/images/metal/metal_02326.jpg,metal_plastic,metal,kaggle
../data/raw/Garbage_Dataset_Classification/images/plastic/plastic_02005.jpg,metal_plastic,plastic,kaggle
../data/raw/Garbage_Dataset_Classification/images/glass/glass_04234.jpg,trash,glass,kaggle
../data/raw/Garbage_Dataset_Classification/images/plastic/plastic_03259.jpg,metal_plastic,plastic,kaggle
../data/raw/Garbage_Dataset_Classification/images/metal/metal_02645.jpg,metal_plastic,metal,kaggle
../data/raw/Garbage_Dataset_Classification/images/plastic/plastic_02946.jpg,metal_plastic,plastic,kaggle
../data/raw/Garbage_Dataset_Classification/images/paper/paper_02641.jpg,cardboard_paper,paper,kaggle
../data/raw/Garbage_Dataset_Classification/images/metal/metal_02350.jpg,metal_plastic,metal,kaggle
../data/raw/Garbage_Dataset_Classification/images/metal/metal_00372.jpg,metal_plastic,metal,kaggle
../data/raw/Garbage_Dataset_Classification/images/trash/trash_01614.jpg,trash,trash,kaggle
../data/raw/Garbage_Dataset_Classification/images/glass/glass_01569.jpg,trash,glass,kaggle
../data/raw/Garbage_Dataset_Classification/images/trash/trash_09146.jpg,trash,trash,kaggle
../data/raw/Garbage_Dataset_Classification/images/metal/metal_00152.jpg,metal_plastic,metal,kaggle
../data/raw/Garbage_Dataset_Classification/images/glass/glass_01603.jpg,trash,glass,kaggle
../data/raw/Garbage_Dataset_Classification/images/cardboard/cardboard_02844.jpg,cardboard_paper,cardboard,kaggle
../data/raw/Garbage_Dataset_Classification/images/plastic/plastic_01758.jpg,metal_plastic,plastic,kaggle
../data/raw/Garbage_Dataset_Classification/images/paper/paper_01913.jpg,cardboard_paper,paper,kaggle
../data/raw/Garbage_Dataset_Classification/images/trash/trash_12018.jpg,trash,trash,kaggle
../data/raw/Garbage_Dataset_Classification/images/cardboard/cardboard_01649.jpg,cardboard_paper,cardboard,kaggle
../data/raw/Garbage_Dataset_Classification/images/plastic/plastic_02390.jpg,metal_plastic,plastic,kaggle
../data/raw/Garbage_Dataset_Classification/images/cardboard/cardboard_01527.jpg,cardboard_paper,cardboard,kaggle
../data/raw/Garbage_Dataset_Classification/images/metal/metal_02244.jpg,metal_plastic,metal,kaggle
../data/raw/Garbage_Dataset_Classification/images/plastic/plastic_02747.jpg,metal_plastic,plastic,kaggle
../data/raw/Garbage_Dataset_Classification/images/cardboard/cardboard_02732.jpg,cardboard_paper,cardboard,kaggle
../data/raw/Garbage_Dataset_Classification/images/paper/paper_01159.jpg,cardboard_paper,paper,kaggle
../data/custom/ecoglasses/3F75FC51-9165-4D32-96FA-28A523A97368_1_105_c.jpeg,ecoglasses,custom_ecoglasses,custom
../data/raw/Garbage_Dataset_Classification/images/metal/metal_02449.jpg,metal_plastic,metal,kaggle
../data/raw/Garbage_Dataset_Classification/images/paper/paper_02097.jpg,cardboard_paper,paper,kaggle
../data/raw/Garbage_Dataset_Classification/images/trash/trash_16071.jpg,trash,trash,kaggle
../data/raw/Garbage_Dataset_Classification/images/paper/paper_00167.jpg,cardboard_paper,paper,kaggle
../data/raw/Garbage_Dataset_Classification/images/paper/paper_02770.jpg,cardboard_paper,paper,kaggle
../data/raw/Garbage_Dataset_Classification/images/plastic/plastic_01820.jpg,metal_plastic,plastic,kaggle
../data/raw/Garbage_Dataset_Classification/images/cardboard/cardboard_01279.jpg,cardboard_paper,cardboard,kaggle
../data/raw/Garbage_Dataset_Classification/images/cardboard/cardboard_01498.jpg,cardboard_paper,cardboard,kaggle
../data/raw/Garbage_Dataset_Classification/images/trash/trash_15871.jpg,trash,trash,kaggle
../data/raw/Garbage_Dataset_Classification/images/cardboard/cardboard_00483.jpg,cardboard_paper,cardboard,kaggle
../data/raw/Garbage_Dataset_Classification/images/glass/glass_02935.jpg,trash,glass,kaggle
../data/raw/Garbage_Dataset_Classification/images/paper/paper_02374.jpg,cardboard_paper,paper,kaggle
../data/raw/Garbage_Dataset_Classification/images/glass/glass_03047.jpg,trash,glass,kaggle
../data/raw/Garbage_Dataset_Classification/images/plastic/plastic_01375.jpg,metal_plastic,plastic,kaggle
../data/raw/Garbage_Dataset_Classification/images/cardboard/cardboard_00818.jpg,cardboard_paper,cardboard,kaggle
../data/raw/Garbage_Dataset_Classification/images/paper/paper_01378.jpg,cardboard_paper,paper,kaggle
../data/raw/Garbage_Dataset_Classification/images/plastic/plastic_01772.jpg,metal_plastic,plastic,kaggle
../data/raw/Garbage_Dataset_Classification/images/metal/metal_01816.jpg,metal_plastic,metal,kaggle
../data/raw/Garbage_Dataset_Classification/images/glass/glass_04844.jpg,trash,glass,kaggle
../data/raw/Garbage_Dataset_Classification/images/paper/paper_01915.jpg,cardboard_paper,paper,kaggle
../data/raw/Garbage_Dataset_Classification/images/metal/metal_01754.jpg,metal_plastic,metal,kaggle
../data/raw/Garbage_Dataset_Classification/images/trash/trash_12170.jpg,trash,trash,kaggle
../data/raw/Garbage_Dataset_Classification/images/trash/trash_01810.jpg,trash,trash,kaggle
../data/raw/Garbage_Dataset_Classification/images/glass/glass_04904.jpg,trash,glass,kaggle
../data/raw/Garbage_Dataset_Classification/images/glass/glass_02936.jpg,trash,glass,kaggle
../data/raw/Garbage_Dataset_Classification/images/metal/metal_02005.jpg,metal_plastic,metal,kaggle
../data/raw/Garbage_Dataset_Classification/images/metal/metal_01671.jpg,metal_plastic,metal,kaggle
../data/raw/Garbage_Dataset_Classification/images/plastic/plastic_02786.jpg,metal_plastic,plastic,kaggle
../data/raw/Garbage_Dataset_Classification/images/cardboard/cardboard_02230.jpg,cardboard_paper,cardboard,kaggle
../data/raw/Garbage_Dataset_Classification/images/glass/glass_02763.jpg,trash,glass,kaggle
../data/raw/Garbage_Dataset_Classification/images/glass/glass_05474.jpg,trash,glass,kaggle
../data/raw/Garbage_Dataset_Classification/images/plastic/plastic_02890.jpg,metal_plastic,plastic,kaggle
../data/raw/Garbage_Dataset_Classification/images/glass/glass_01960.jpg,trash,glass,kaggle
../data/raw/Garbage_Dataset_Classification/images/trash/trash_11913.jpg,trash,trash,kaggle
../data/raw/Garbage_Dataset_Classification/images/metal/metal_00230.jpg,metal_plastic,metal,kaggle
../data/raw/Garbage_Dataset_Classification/images/metal/metal_01382.jpg,metal_plastic,metal,kaggle
../data/raw/Garbage_Dataset_Classification/images/cardboard/cardboard_02224.jpg,cardboard_paper,cardboard,kaggle
../data/raw/Garbage_Dataset_Classification/images/plastic/plastic_03097.jpg,metal_plastic,plastic,kaggle
../data/raw/Garbage_Dataset_Classification/images/metal/metal_02617.jpg,metal_plastic,metal,kaggle
../data/raw/Garbage_Dataset_Classification/images/metal/metal_01953.jpg,metal_plastic,metal,kaggle
../data/raw/Garbage_Dataset_Classification/images/plastic/plastic_03090.jpg,metal_plastic,plastic,kaggle
../data/raw/Garbage_Dataset_Classification/images/glass/glass_04407.jpg,trash,glass,kaggle
../data/raw/Garbage_Dataset_Classification/images/cardboard/cardboard_02115.jpg,cardboard_paper,cardboard,kaggle
../data/raw/Garbage_Dataset_Classification/images/metal/metal_00142.jpg,metal_plastic,metal,kaggle
../data/raw/Garbage_Dataset_Classification/images/plastic/plastic_02772.jpg,metal_plastic,plastic,kaggle
../data/raw/Garbage_Dataset_Classification/images/cardboard/cardboard_02837.jpg,cardboard_paper,cardboard,kaggle
../data/raw/Garbage_Dataset_Classification/images/metal/metal_01954.jpg,metal_plastic,metal,kaggle
../data/raw/Garbage_Dataset_Classification/images/paper/paper_00752.jpg,cardboard_paper,paper,kaggle
../data/raw/Garbage_Dataset_Classification/images/metal/metal_02595.jpg,metal_plastic,metal,kaggle
../data/raw/Garbage_Dataset_Classification/images/plastic/plastic_02439.jpg,metal_plastic,plastic,kaggle
../data/raw/Garbage_Dataset_Classification/images/trash/trash_17769.jpg,trash,trash,kaggle
../data/raw/Garbage_Dataset_Classification/images/trash/trash_05086.jpg,trash,trash,kaggle
../data/raw/Garbage_Dataset_Classification/images/paper/paper_01683.jpg,cardboard_paper,paper,kaggle
../data/raw/Garbage_Dataset_Classification/images/plastic/plastic_03221.jpg,metal_plastic,plastic,kaggle
../data/raw/Garbage_Dataset_Classification/images/trash/trash_06995.jpg,trash,trash,kaggle
../data/raw/Garbage_Dataset_Classification/images/cardboard/cardboard_01063.jpg,cardboard_paper,cardboard,kaggle
../data/raw/Garbage_Dataset_Classification/images/metal/metal_02503.jpg,metal_plastic,metal,kaggle
../data/raw/Garbage_Dataset_Classification/images/trash/trash_06435.jpg,trash,trash,kaggle
../data/raw/Garbage_Dataset_Classification/images/glass/glass_01628.jpg,trash,glass,kaggle
../data/raw/Garbage_Dataset_Classification/images/cardboard/cardboard_01075.jpg,cardboard_paper,cardboard,kaggle
../data/raw/Garbage_Dataset_Classification/images/glass/glass_03353.jpg,trash,glass,kaggle
../data/raw/Garbage_Dataset_Classification/images/glass/glass_00070.jpg,trash,glass,kaggle
../data/raw/Garbage_Dataset_Classification/images/metal/metal_00957.jpg,metal_plastic,metal,kaggle
../data/raw/Garbage_Dataset_Classification/images/trash/trash_00921.jpg,trash,trash,kaggle
../data/custom/ecoglasses/6DFD0EE6-F10A-4EA1-9BCE-889709C54B32_1_105_c.jpeg,ecoglasses,custom_ecoglasses,custom
../data/raw/Garbage_Dataset_Classification/images/metal/metal_01749.jpg,metal_plastic,metal,kaggle
../data/raw/Garbage_Dataset_Classification/images/cardboard/cardboard_03042.jpg,cardboard_paper,cardboard,kaggle
../data/raw/Garbage_Dataset_Classification/images/trash/trash_00371.jpg,trash,trash,kaggle
../data/raw/Garbage_Dataset_Classification/images/cardboard/cardboard_02003.jpg,cardboard_paper,cardboard,kaggle
../data/raw/Garbage_Dataset_Classification/images/trash/trash_14517.jpg,trash,trash,kaggle
../data/raw/Garbage_Dataset_Classification/images/paper/paper_03161.jpg,cardboard_paper,paper,kaggle
../data/raw/Garbage_Dataset_Classification/images/cardboard/cardboard_01156.jpg,cardboard_paper,cardboard,kaggle
../data/raw/Garbage_Dataset_Classification/images/metal/metal_00750.jpg,metal_plastic,metal,kaggle
../data/raw/Garbage_Dataset_Classification/images/glass/glass_04341.jpg,trash,glass,kaggle
../data/raw/Garbage_Dataset_Classification/images/metal/metal_02474.jpg,metal_plastic,metal,kaggle
../data/raw/Garbage_Dataset_Classification/images/cardboard/cardboard_02701.jpg,cardboard_paper,cardboard,kaggle
../data/raw/Garbage_Dataset_Classification/images/glass/glass_02872.jpg,trash,glass,kaggle
../data/raw/Garbage_Dataset_Classification/images/plastic/plastic_02722.jpg,metal_plastic,plastic,kaggle
../data/raw/Garbage_Dataset_Classification/images/metal/metal_02313.jpg,metal_plastic,metal,kaggle
../data/raw/Garbage_Dataset_Classification/images/glass/glass_05362.jpg,trash,glass,kaggle
../data/raw/Garbage_Dataset_Classification/images/trash/trash_04782.jpg,trash,trash,kaggle
../data/raw/Garbage_Dataset_Classification/images/plastic/plastic_01521.jpg,metal_plastic,plastic,kaggle
../data/raw/Garbage_Dataset_Classification/images/paper/paper_01698.jpg,cardboard_paper,paper,kaggle
../data/raw/Garbage_Dataset_Classification/images/glass/glass_03245.jpg,trash,glass,kaggle
../data/raw/Garbage_Dataset_Classification/images/cardboard/cardboard_01941.jpg,cardboard_paper,cardboard,kaggle
../data/raw/Garbage_Dataset_Classification/images/metal/metal_00561.jpg,metal_plastic,metal,kaggle
../data/raw/Garbage_Dataset_Classification/images/glass/glass_02832.jpg,trash,glass,kaggle
../data/raw/Garbage_Dataset_Classification/images/paper/paper_02797.jpg,cardboard_paper,paper,kaggle
../data/raw/Garbage_Dataset_Classification/images/glass/glass_04022.jpg,trash,glass,kaggle
../data/raw/Garbage_Dataset_Classification/images/cardboard/cardboard_02393.jpg,cardboard_paper,cardboard,kaggle
../data/raw/Garbage_Dataset_Classification/images/cardboard/cardboard_02223.jpg,cardboard_paper,cardboard,kaggle
../data/raw/Garbage_Dataset_Classification/images/cardboard/cardboard_00450.jpg,cardboard_paper,cardboard,kaggle
../data/raw/Garbage_Dataset_Classification/images/cardboard/cardboard_02988.jpg,cardboard_paper,cardboard,kaggle
../data/raw/Garbage_Dataset_Classification/images/plastic/plastic_01954.jpg,metal_plastic,plastic,kaggle
../data/raw/Garbage_Dataset_Classification/images/paper/paper_00788.jpg,cardboard_paper,paper,kaggle
../data/raw/Garbage_Dataset_Classification/images/glass/glass_02065.jpg,trash,glass,kaggle
../data/raw/Garbage_Dataset_Classification/images/glass/glass_01220.jpg,trash,glass,kaggle
../data/raw/Garbage_Dataset_Classification/images/plastic/plastic_02911.jpg,metal_plastic,plastic,kaggle
../data/raw/Garbage_Dataset_Classification/images/plastic/plastic_02469.jpg,metal_plastic,plastic,kaggle
../data/raw/Garbage_Dataset_Classification/images/plastic/plastic_00927.jpg,metal_plastic,plastic,kaggle
../data/raw/Garbage_Dataset_Classification/images/paper/paper_02956.jpg,cardboard_paper,paper,kaggle
../data/raw/Garbage_Dataset_Classification/images/paper/paper_02100.jpg,cardboard_paper,paper,kaggle
../data/raw/Garbage_Dataset_Classification/images/plastic/plastic_01893.jpg,metal_plastic,plastic,kaggle
../data/raw/Garbage_Dataset_Classification/images/trash/trash_02151.jpg,trash,trash,kaggle
../data/raw/Garbage_Dataset_Classification/images/cardboard/cardboard_02929.jpg,cardboard_paper,cardboard,kaggle
../data/raw/Garbage_Dataset_Classification/images/glass/glass_01604.jpg,trash,glass,kaggle
../data/raw/Garbage_Dataset_Classification/images/paper/paper_00719.jpg,cardboard_paper,paper,kaggle
../data/raw/Garbage_Dataset_Classification/images/metal/metal_00015.jpg,metal_plastic,metal,kaggle
../data/raw/Garbage_Dataset_Classification/images/metal/metal_01372.jpg,metal_plastic,metal,kaggle
../data/raw/Garbage_Dataset_Classification/images/metal/metal_01862.jpg,metal_plastic,metal,kaggle
../data/raw/Garbage_Dataset_Classification/images/plastic/plastic_03304.jpg,metal_plastic,plastic,kaggle
../data/raw/Garbage_Dataset_Classification/images/plastic/plastic_01832.jpg,metal_plastic,plastic,kaggle
../data/raw/Garbage_Dataset_Classification/images/glass/glass_00442.jpg,trash,glass,kaggle
../data/raw/Garbage_Dataset_Classification/images/paper/paper_02961.jpg,cardboard_paper,paper,kaggle
../data/raw/Garbage_Dataset_Classification/images/trash/trash_20195.jpg,trash,trash,kaggle
../data/raw/Garbage_Dataset_Classification/images/trash/trash_15347.jpg,trash,trash,kaggle
../data/raw/Garbage_Dataset_Classification/images/plastic/plastic_00387.jpg,metal_plastic,plastic,kaggle
../data/raw/Garbage_Dataset_Classification/images/paper/paper_01618.jpg,cardboard_paper,paper,kaggle
../data/raw/Garbage_Dataset_Classification/images/metal/metal_01645.jpg,metal_plastic,metal,kaggle
../data/raw/Garbage_Dataset_Classification/images/cardboard/cardboard_02200.jpg,cardboard_paper,cardboard,kaggle
../data/raw/Garbage_Dataset_Classification/images/trash/trash_13710.jpg,trash,trash,kaggle
../data/raw/Garbage_Dataset_Classification/images/metal/metal_01220.jpg,metal_plastic,metal,kaggle
../data/raw/Garbage_Dataset_Classification/images/glass/glass_01131.jpg,trash,glass,kaggle
../data/raw/Garbage_Dataset_Classification/images/glass/glass_04567.jpg,trash,glass,kaggle
../data/raw/Garbage_Dataset_Classification/images/metal/metal_01932.jpg,metal_plastic,metal,kaggle
../data/raw/Garbage_Dataset_Classification/images/plastic/plastic_00063.jpg,metal_plastic,plastic,kaggle
../data/raw/Garbage_Dataset_Classification/images/cardboard/cardboard_02544.jpg,cardboard_paper,cardboard,kaggle
../data/raw/Garbage_Dataset_Classification/images/glass/glass_04089.jpg,trash,glass,kaggle
../data/raw/Garbage_Dataset_Classification/images/plastic/plastic_02807.jpg,metal_plastic,plastic,kaggle
../data/raw/Garbage_Dataset_Classification/images/cardboard/cardboard_00793.jpg,cardboard_paper,cardboard,kaggle
../data/raw/Garbage_Dataset_Classification/images/cardboard/cardboard_01794.jpg,cardboard_paper,cardboard,kaggle
../data/raw/Garbage_Dataset_Classification/images/metal/metal_02179.jpg,metal_plastic,metal,kaggle
../data/raw/Garbage_Dataset_Classification/images/paper/paper_00830.jpg,cardboard_paper,paper,kaggle
../data/raw/Garbage_Dataset_Classification/images/metal/metal_01635.jpg,metal_plastic,metal,kaggle
../data/raw/Garbage_Dataset_Classification/images/paper/paper_01402.jpg,cardboard_paper,paper,kaggle
../data/raw/Garbage_Dataset_Classification/images/paper/paper_00529.jpg,cardboard_paper,paper,kaggle
../data/raw/Garbage_Dataset_Classification/images/paper/paper_02810.jpg,cardboard_paper,paper,kaggle
../data/raw/Garbage_Dataset_Classification/images/glass/glass_03899.jpg,trash,glass,kaggle
../data/raw/Garbage_Dataset_Classification/images/glass/glass_05355.jpg,trash,glass,kaggle
../data/raw/Garbage_Dataset_Classification/images/trash/trash_18366.jpg,trash,trash,kaggle
../data/raw/Garbage_Dataset_Classification/images/glass/glass_01855.jpg,trash,glass,kaggle
../data/raw/Garbage_Dataset_Classification/images/glass/glass_01222.jpg,trash,glass,kaggle
../data/raw/Garbage_Dataset_Classification/images/cardboard/cardboard_02444.jpg,cardboard_paper,cardboard,kaggle
../data/raw/Garbage_Dataset_Classification/images/cardboard/cardboard_02870.jpg,cardboard_paper,cardboard,kaggle
../data/raw/Garbage_Dataset_Classification/images/trash/trash_14361.jpg,trash,trash,kaggle
../data/raw/Garbage_Dataset_Classification/images/cardboard/cardboard_00576.jpg,cardboard_paper,cardboard,kaggle
../data/raw/Garbage_Dataset_Classification/images/glass/glass_04997.jpg,trash,glass,kaggle
../data/raw/Garbage_Dataset_Classification/images/plastic/plastic_02094.jpg,metal_plastic,plastic,kaggle
../data/raw/Garbage_Dataset_Classification/images/trash/trash_07296.jpg,trash,trash,kaggle
../data/raw/Garbage_Dataset_Classification/images/metal/metal_01553.jpg,metal_plastic,metal,kaggle
../data/raw/Garbage_Dataset_Classification/images/cardboard/cardboard_01316.jpg,cardboard_paper,cardboard,kaggle
../data/raw/Garbage_Dataset_Classification/images/trash/trash_08225.jpg,trash,trash,kaggle
../data/raw/Garbage_Dataset_Classification/images/plastic/plastic_03126.jpg,metal_plastic,plastic,kaggle
../data/raw/Garbage_Dataset_Classification/images/glass/glass_04216.jpg,trash,glass,kaggle
../data/raw/Garbage_Dataset_Classification/images/trash/trash_02563.jpg,trash,trash,kaggle
../data/raw/Garbage_Dataset_Classification/images/plastic/plastic_01964.jpg,metal_plastic,plastic,kaggle
../data/raw/Garbage_Dataset_Classification/images/glass/glass_03654.jpg,trash,glass,kaggle
../data/raw/Garbage_Dataset_Classification/images/trash/trash_04405.jpg,trash,trash,kaggle
../data/raw/Garbage_Dataset_Classification/images/paper/paper_00580.jpg,cardboard_paper,paper,kaggle
../data/raw/Garbage_Dataset_Classification/images/paper/paper_02709.jpg,cardboard_paper,paper,kaggle
../data/raw/Garbage_Dataset_Classification/images/trash/trash_08272.jpg,trash,trash,kaggle
../data/raw/Garbage_Dataset_Classification/images/glass/glass_03137.jpg,trash,glass,kaggle
../data/raw/Garbage_Dataset_Classification/images/plastic/plastic_02696.jpg,metal_plastic,plastic,kaggle
../data/raw/Garbage_Dataset_Classification/images/paper/paper_02246.jpg,cardboard_paper,paper,kaggle
../data/custom/ecoglasses/38599037-6548-4585-8F48-96FE93CE4E22_1_105_c.jpeg,ecoglasses,custom_ecoglasses,custom
../data/raw/Garbage_Dataset_Classification/images/plastic/plastic_01045.jpg,metal_plastic,plastic,kaggle
../data/raw/Garbage_Dataset_Classification/images/plastic/plastic_00243.jpg,metal_plastic,plastic,kaggle
../data/raw/Garbage_Dataset_Classification/images/trash/trash_09148.jpg,trash,trash,kaggle
../data/raw/Garbage_Dataset_Classification/images/metal/metal_02281.jpg,metal_plastic,metal,kaggle
../data/raw/Garbage_Dataset_Classification/images/glass/glass_01598.jpg,trash,glass,kaggle
../data/raw/Garbage_Dataset_Classification/images/paper/paper_01914.jpg,cardboard_paper,paper,kaggle
../data/raw/Garbage_Dataset_Classification/images/cardboard/cardboard_00761.jpg,cardboard_paper,cardboard,kaggle
../data/raw/Garbage_Dataset_Classification/images/plastic/plastic_01476.jpg,metal_plastic,plastic,kaggle
../data/raw/Garbage_Dataset_Classification/images/glass/glass_00974.jpg,trash,glass,kaggle
../data/custom/ecoglasses/B20B7D2C-2DA6-4107-9D46-F99A9E327795_1_105_c.jpeg,ecoglasses,custom_ecoglasses,custom
../data/raw/Garbage_Dataset_Classification/images/glass/glass_00981.jpg,trash,glass,kaggle
../data/raw/Garbage_Dataset_Classification/images/metal/metal_01686.jpg,metal_plastic,metal,kaggle
../data/raw/Garbage_Dataset_Classification/images/trash/trash_07800.jpg,trash,trash,kaggle
../data/raw/Garbage_Dataset_Classification/images/cardboard/cardboard_00489.jpg,cardboard_paper,cardboard,kaggle
../data/raw/Garbage_Dataset_Classification/images/glass/glass_03367.jpg,trash,glass,kaggle
../data/raw/Garbage_Dataset_Classification/images/metal/metal_00986.jpg,metal_plastic,metal,kaggle
../data/raw/Garbage_Dataset_Classification/images/cardboard/cardboard_00772.jpg,cardboard_paper,cardboard,kaggle
../data/raw/Garbage_Dataset_Classification/images/cardboard/cardboard_01758.jpg,cardboard_paper,cardboard,kaggle
../data/raw/Garbage_Dataset_Classification/images/metal/metal_02309.jpg,metal_plastic,metal,kaggle
../data/raw/Garbage_Dataset_Classification/images/cardboard/cardboard_02446.jpg,cardboard_paper,cardboard,kaggle
../data/raw/Garbage_Dataset_Classification/images/trash/trash_06438.jpg,trash,trash,kaggle
../data/raw/Garbage_Dataset_Classification/images/metal/metal_01083.jpg,metal_plastic,metal,kaggle
../data/raw/Garbage_Dataset_Classification/images/glass/glass_01866.jpg,trash,glass,kaggle
../data/raw/Garbage_Dataset_Classification/images/paper/paper_02352.jpg,cardboard_paper,paper,kaggle
../data/raw/Garbage_Dataset_Classification/images/metal/metal_01219.jpg,metal_plastic,metal,kaggle
../data/raw/Garbage_Dataset_Classification/images/glass/glass_03338.jpg,trash,glass,kaggle
../data/raw/Garbage_Dataset_Classification/images/metal/metal_01119.jpg,metal_plastic,metal,kaggle
../data/raw/Garbage_Dataset_Classification/images/trash/trash_13684.jpg,trash,trash,kaggle
../data/raw/Garbage_Dataset_Classification/images/metal/metal_00435.jpg,metal_plastic,metal,kaggle
../data/raw/Garbage_Dataset_Classification/images/trash/trash_18543.jpg,trash,trash,kaggle
../data/raw/Garbage_Dataset_Classification/images/plastic/plastic_02774.jpg,metal_plastic,plastic,kaggle
../data/raw/Garbage_Dataset_Classification/images/cardboard/cardboard_02197.jpg,cardboard_paper,cardboard,kaggle
../data/raw/Garbage_Dataset_Classification/images/plastic/plastic_00691.jpg,metal_plastic,plastic,kaggle
../data/raw/Garbage_Dataset_Classification/images/glass/glass_03443.jpg,trash,glass,kaggle
../data/raw/Garbage_Dataset_Classification/images/paper/paper_02825.jpg,cardboard_paper,paper,kaggle
../data/raw/Garbage_Dataset_Classification/images/trash/trash_06696.jpg,trash,trash,kaggle
../data/raw/Garbage_Dataset_Classification/images/glass/glass_03605.jpg,trash,glass,kaggle
../data/raw/Garbage_Dataset_Classification/images/plastic/plastic_02656.jpg,metal_plastic,plastic,kaggle
../data/raw/Garbage_Dataset_Classification/images/trash/trash_10246.jpg,trash,trash,kaggle
../data/raw/Garbage_Dataset_Classification/images/glass/glass_02930.jpg,trash,glass,kaggle
../data/raw/Garbage_Dataset_Classification/images/metal/metal_02630.jpg,metal_plastic,metal,kaggle
../data/raw/Garbage_Dataset_Classification/images/trash/trash_12598.jpg,trash,trash,kaggle
../data/raw/Garbage_Dataset_Classification/images/plastic/plastic_02338.jpg,metal_plastic,plastic,kaggle
../data/raw/Garbage_Dataset_Classification/images/cardboard/cardboard_00718.jpg,cardboard_paper,cardboard,kaggle
../data/raw/Garbage_Dataset_Classification/images/cardboard/cardboard_00293.jpg,cardboard_paper,cardboard,kaggle
../data/raw/Garbage_Dataset_Classification/images/cardboard/cardboard_02556.jpg,cardboard_paper,cardboard,kaggle
../data/raw/Garbage_Dataset_Classification/images/cardboard/cardboard_00466.jpg,cardboard_paper,cardboard,kaggle
../data/raw/Garbage_Dataset_Classification/images/cardboard/cardboard_02759.jpg,cardboard_paper,cardboard,kaggle
../data/raw/Garbage_Dataset_Classification/images/cardboard/cardboard_00511.jpg,cardboard_paper,cardboard,kaggle
../data/raw/Garbage_Dataset_Classification/images/glass/glass_04304.jpg,trash,glass,kaggle
../data/raw/Garbage_Dataset_Classification/images/cardboard/cardboard_02805.jpg,cardboard_paper,cardboard,kaggle
../data/raw/Garbage_Dataset_Classification/images/plastic/plastic_02397.jpg,metal_plastic,plastic,kaggle
../data/raw/Garbage_Dataset_Classification/images/trash/trash_10630.jpg,trash,trash,kaggle
../data/raw/Garbage_Dataset_Classification/images/paper/paper_01174.jpg,cardboard_paper,paper,kaggle
../data/raw/Garbage_Dataset_Classification/images/paper/paper_03013.jpg,cardboard_paper,paper,kaggle
../data/raw/Garbage_Dataset_Classification/images/trash/trash_07836.jpg,trash,trash,kaggle
../data/raw/Garbage_Dataset_Classification/images/plastic/plastic_02829.jpg,metal_plastic,plastic,kaggle
../data/raw/Garbage_Dataset_Classification/images/metal/metal_01543.jpg,metal_plastic,metal,kaggle
../data/raw/Garbage_Dataset_Classification/images/paper/paper_03079.jpg,cardboard_paper,paper,kaggle
../data/raw/Garbage_Dataset_Classification/images/plastic/plastic_01532.jpg,metal_plastic,plastic,kaggle
../data/raw/Garbage_Dataset_Classification/images/plastic/plastic_01817.jpg,metal_plastic,plastic,kaggle
../data/raw/Garbage_Dataset_Classification/images/metal/metal_02271.jpg,metal_plastic,metal,kaggle
../data/raw/Garbage_Dataset_Classification/images/plastic/plastic_01588.jpg,metal_plastic,plastic,kaggle
../data/raw/Garbage_Dataset_Classification/images/cardboard/cardboard_02452.jpg,cardboard_paper,cardboard,kaggle
../data/raw/Garbage_Dataset_Classification/images/cardboard/cardboard_02806.jpg,cardboard_paper,cardboard,kaggle
../data/raw/Garbage_Dataset_Classification/images/metal/metal_02713.jpg,metal_plastic,metal,kaggle
../data/raw/Garbage_Dataset_Classification/images/plastic/plastic_01778.jpg,metal_plastic,plastic,kaggle
../data/raw/Garbage_Dataset_Classification/images/paper/paper_01418.jpg,cardboard_paper,paper,kaggle
../data/raw/Garbage_Dataset_Classification/images/plastic/plastic_00560.jpg,metal_plastic,plastic,kaggle
../data/raw/Garbage_Dataset_Classification/images/paper/paper_03262.jpg,cardboard_paper,paper,kaggle
../data/raw/Garbage_Dataset_Classification/images/metal/metal_02543.jpg,metal_plastic,metal,kaggle
../data/raw/Garbage_Dataset_Classification/images/trash/trash_16603.jpg,trash,trash,kaggle
../data/raw/Garbage_Dataset_Classification/images/glass/glass_02852.jpg,trash,glass,kaggle
../data/raw/Garbage_Dataset_Classification/images/paper/paper_02875.jpg,cardboard_paper,paper,kaggle
../data/raw/Garbage_Dataset_Classification/images/metal/metal_01314.jpg,metal_plastic,metal,kaggle
../data/raw/Garbage_Dataset_Classification/images/metal/metal_00481.jpg,metal_plastic,metal,kaggle
../data/raw/Garbage_Dataset_Classification/images/plastic/plastic_00639.jpg,metal_plastic,plastic,kaggle
../data/raw/Garbage_Dataset_Classification/images/trash/trash_00992.jpg,trash,trash,kaggle
../data/raw/Garbage_Dataset_Classification/images/cardboard/cardboard_01213.jpg,cardboard_paper,cardboard,kaggle
../data/raw/Garbage_Dataset_Classification/images/plastic/plastic_02605.jpg,metal_plastic,plastic,kaggle
../data/raw/Garbage_Dataset_Classification/images/plastic/plastic_02927.jpg,metal_plastic,plastic,kaggle
../data/raw/Garbage_Dataset_Classification/images/plastic/plastic_00611.jpg,metal_plastic,plastic,kaggle
../data/custom/ecoglasses/1412A6A0-5744-4C55-B1C6-320F713D7F4E_1_105_c.jpeg,ecoglasses,custom_ecoglasses,custom
../data/raw/Garbage_Dataset_Classification/images/trash/trash_11865.jpg,trash,trash,kaggle
../data/raw/Garbage_Dataset_Classification/images/paper/paper_03105.jpg,cardboard_paper,paper,kaggle
../data/raw/Garbage_Dataset_Classification/images/trash/trash_16659.jpg,trash,trash,kaggle
../data/raw/Garbage_Dataset_Classification/images/paper/paper_03178.jpg,cardboard_paper,paper,kaggle
../data/raw/Garbage_Dataset_Classification/images/cardboard/cardboard_02064.jpg,cardboard_paper,cardboard,kaggle
../data/raw/Garbage_Dataset_Classification/images/cardboard/cardboard_00578.jpg,cardboard_paper,cardboard,kaggle
../data/raw/Garbage_Dataset_Classification/images/trash/trash_18581.jpg,trash,trash,kaggle
../data/raw/Garbage_Dataset_Classification/images/glass/glass_04905.jpg,trash,glass,kaggle
../data/raw/Garbage_Dataset_Classification/images/paper/paper_01666.jpg,cardboard_paper,paper,kaggle
../data/raw/Garbage_Dataset_Classification/images/glass/glass_02949.jpg,trash,glass,kaggle
../data/raw/Garbage_Dataset_Classification/images/glass/glass_03408.jpg,trash,glass,kaggle
../data/raw/Garbage_Dataset_Classification/images/trash/trash_18715.jpg,trash,trash,kaggle
../data/raw/Garbage_Dataset_Classification/images/cardboard/cardboard_03053.jpg,cardboard_paper,cardboard,kaggle
../data/raw/Garbage_Dataset_Classification/images/cardboard/cardboard_03017.jpg,cardboard_paper,cardboard,kaggle
../data/raw/Garbage_Dataset_Classification/images/metal/metal_01589.jpg,metal_plastic,metal,kaggle
../data/raw/Garbage_Dataset_Classification/images/cardboard/cardboard_00630.jpg,cardboard_paper,cardboard,kaggle
../data/raw/Garbage_Dataset_Classification/images/paper/paper_02242.jpg,cardboard_paper,paper,kaggle
../data/raw/Garbage_Dataset_Classification/images/paper/paper_01967.jpg,cardboard_paper,paper,kaggle
../data/raw/Garbage_Dataset_Classification/images/plastic/plastic_02944.jpg,metal_plastic,plastic,kaggle
../data/raw/Garbage_Dataset_Classification/images/trash/trash_04236.jpg,trash,trash,kaggle
../data/raw/Garbage_Dataset_Classification/images/plastic/plastic_02478.jpg,metal_plastic,plastic,kaggle
../data/raw/Garbage_Dataset_Classification/images/metal/metal_01240.jpg,metal_plastic,metal,kaggle
../data/raw/Garbage_Dataset_Classification/images/plastic/plastic_01424.jpg,metal_plastic,plastic,kaggle
../data/raw/Garbage_Dataset_Classification/images/metal/metal_00020.jpg,metal_plastic,metal,kaggle
../data/raw/Garbage_Dataset_Classification/images/plastic/plastic_03197.jpg,metal_plastic,plastic,kaggle
../data/raw/Garbage_Dataset_Classification/images/trash/trash_10142.jpg,trash,trash,kaggle
../data/raw/Garbage_Dataset_Classification/images/plastic/plastic_03117.jpg,metal_plastic,plastic,kaggle
../data/raw/Garbage_Dataset_Classification/images/trash/trash_13902.jpg,trash,trash,kaggle
../data/raw/Garbage_Dataset_Classification/images/paper/paper_00294.jpg,cardboard_paper,paper,kaggle
../data/raw/Garbage_Dataset_Classification/images/glass/glass_01925.jpg,trash,glass,kaggle
../data/raw/Garbage_Dataset_Classification/images/metal/metal_02514.jpg,metal_plastic,metal,kaggle
../data/raw/Garbage_Dataset_Classification/images/trash/trash_18284.jpg,trash,trash,kaggle
../data/raw/Garbage_Dataset_Classification/images/trash/trash_11034.jpg,trash,trash,kaggle
../data/raw/Garbage_Dataset_Classification/images/glass/glass_00104.jpg,trash,glass,kaggle
../data/raw/Garbage_Dataset_Classification/images/glass/glass_03513.jpg,trash,glass,kaggle
../data/raw/Garbage_Dataset_Classification/images/paper/paper_00541.jpg,cardboard_paper,paper,kaggle
../data/raw/Garbage_Dataset_Classification/images/metal/metal_01164.jpg,metal_plastic,metal,kaggle
../data/raw/Garbage_Dataset_Classification/images/glass/glass_00579.jpg,trash,glass,kaggle
../data/raw/Garbage_Dataset_Classification/images/cardboard/cardboard_00873.jpg,cardboard_paper,cardboard,kaggle
../data/raw/Garbage_Dataset_Classification/images/glass/glass_05120.jpg,trash,glass,kaggle
../data/raw/Garbage_Dataset_Classification/images/trash/trash_04890.jpg,trash,trash,kaggle
../data/raw/Garbage_Dataset_Classification/images/trash/trash_19659.jpg,trash,trash,kaggle
../data/raw/Garbage_Dataset_Classification/images/plastic/plastic_02680.jpg,metal_plastic,plastic,kaggle
../data/raw/Garbage_Dataset_Classification/images/plastic/plastic_00189.jpg,metal_plastic,plastic,kaggle
../data/raw/Garbage_Dataset_Classification/images/glass/glass_01280.jpg,trash,glass,kaggle
../data/raw/Garbage_Dataset_Classification/images/trash/trash_12346.jpg,trash,trash,kaggle
../data/raw/Garbage_Dataset_Classification/images/cardboard/cardboard_02645.jpg,cardboard_paper,cardboard,kaggle
../data/raw/Garbage_Dataset_Classification/images/glass/glass_01554.jpg,trash,glass,kaggle
../data/raw/Garbage_Dataset_Classification/images/glass/glass_01886.jpg,trash,glass,kaggle
../data/custom/ecoglasses/0BB4C35B-E8B2-404F-BF3E-4639CD208AB4_1_105_c.jpeg,ecoglasses,custom_ecoglasses,custom
../data/raw/Garbage_Dataset_Classification/images/trash/trash_05546.jpg,trash,trash,kaggle
../data/raw/Garbage_Dataset_Classification/images/metal/metal_02371.jpg,metal_plastic,metal,kaggle
../data/raw/Garbage_Dataset_Classification/images/paper/paper_02477.jpg,cardboard_paper,paper,kaggle
../data/raw/Garbage_Dataset_Classification/images/paper/paper_03058.jpg,cardboard_paper,paper,kaggle
../data/raw/Garbage_Dataset_Classification/images/paper/paper_00389.jpg,cardboard_paper,paper,kaggle
../data/raw/Garbage_Dataset_Classification/images/glass/glass_04285.jpg,trash,glass,kaggle
../data/raw/Garbage_Dataset_Classification/images/glass/glass_00833.jpg,trash,glass,kaggle
../data/raw/Garbage_Dataset_Classification/images/glass/glass_03124.jpg,trash,glass,kaggle
../data/raw/Garbage_Dataset_Classification/images/trash/trash_04021.jpg,trash,trash,kaggle
../data/raw/Garbage_Dataset_Classification/images/plastic/plastic_02381.jpg,metal_plastic,plastic,kaggle
../data/raw/Garbage_Dataset_Classification/images/plastic/plastic_01457.jpg,metal_plastic,plastic,kaggle
../data/raw/Garbage_Dataset_Classification/images/trash/trash_04431.jpg,trash,trash,kaggle
../data/raw/Garbage_Dataset_Classification/images/plastic/plastic_02050.jpg,metal_plastic,plastic,kaggle
../data/raw/Garbage_Dataset_Classification/images/cardboard/cardboard_00819.jpg,cardboard_paper,cardboard,kaggle
../data/raw/Garbage_Dataset_Classification/images/trash/trash_12216.jpg,trash,trash,kaggle
../data/raw/Garbage_Dataset_Classification/images/paper/paper_02731.jpg,cardboard_paper,paper,kaggle
../data/raw/Garbage_Dataset_Classification/images/plastic/plastic_01311.jpg,metal_plastic,plastic,kaggle
../data/raw/Garbage_Dataset_Classification/images/cardboard/cardboard_02558.jpg,cardboard_paper,cardboard,kaggle
../data/raw/Garbage_Dataset_Classification/images/trash/trash_03766.jpg,trash,trash,kaggle
../data/raw/Garbage_Dataset_Classification/images/plastic/plastic_02957.jpg,metal_plastic,plastic,kaggle
../data/raw/Garbage_Dataset_Classification/images/plastic/plastic_02613.jpg,metal_plastic,plastic,kaggle
../data/raw/Garbage_Dataset_Classification/images/paper/paper_03307.jpg,cardboard_paper,paper,kaggle
../data/raw/Garbage_Dataset_Classification/images/paper/paper_02153.jpg,cardboard_paper,paper,kaggle
../data/raw/Garbage_Dataset_Classification/images/metal/metal_01141.jpg,metal_plastic,metal,kaggle
../data/raw/Garbage_Dataset_Classification/images/cardboard/cardboard_02069.jpg,cardboard_paper,cardboard,kaggle
../data/raw/Garbage_Dataset_Classification/images/plastic/plastic_02787.jpg,metal_plastic,plastic,kaggle
../data/raw/Garbage_Dataset_Classification/images/cardboard/cardboard_01986.jpg,cardboard_paper,cardboard,kaggle
../data/raw/Garbage_Dataset_Classification/images/metal/metal_00114.jpg,metal_plastic,metal,kaggle
../data/raw/Garbage_Dataset_Classification/images/paper/paper_02673.jpg,cardboard_paper,paper,kaggle
../data/raw/Garbage_Dataset_Classification/images/metal/metal_00829.jpg,metal_plastic,metal,kaggle
../data/raw/Garbage_Dataset_Classification/images/plastic/plastic_02739.jpg,metal_plastic,plastic,kaggle
../data/raw/Garbage_Dataset_Classification/images/paper/paper_03322.jpg,cardboard_paper,paper,kaggle
../data/raw/Garbage_Dataset_Classification/images/metal/metal_02598.jpg,metal_plastic,metal,kaggle
../data/raw/Garbage_Dataset_Classification/images/paper/paper_02385.jpg,cardboard_paper,paper,kaggle
../data/raw/Garbage_Dataset_Classification/images/cardboard/cardboard_01331.jpg,cardboard_paper,cardboard,kaggle
../data/raw/Garbage_Dataset_Classification/images/glass/glass_00245.jpg,trash,glass,kaggle
../data/raw/Garbage_Dataset_Classification/images/cardboard/cardboard_02463.jpg,cardboard_paper,cardboard,kaggle
../data/raw/Garbage_Dataset_Classification/images/metal/metal_02042.jpg,metal_plastic,metal,kaggle
../data/raw/Garbage_Dataset_Classification/images/paper/paper_03285.jpg,cardboard_paper,paper,kaggle
../data/raw/Garbage_Dataset_Classification/images/glass/glass_03470.jpg,trash,glass,kaggle
../data/raw/Garbage_Dataset_Classification/images/plastic/plastic_01560.jpg,metal_plastic,plastic,kaggle
../data/raw/Garbage_Dataset_Classification/images/trash/trash_12891.jpg,trash,trash,kaggle
../data/raw/Garbage_Dataset_Classification/images/trash/trash_05821.jpg,trash,trash,kaggle
../data/raw/Garbage_Dataset_Classification/images/cardboard/cardboard_00348.jpg,cardboard_paper,cardboard,kaggle
../data/raw/Garbage_Dataset_Classification/images/cardboard/cardboard_00698.jpg,cardboard_paper,cardboard,kaggle
../data/raw/Garbage_Dataset_Classification/images/cardboard/cardboard_00508.jpg,cardboard_paper,cardboard,kaggle
../data/raw/Garbage_Dataset_Classification/images/paper/paper_02940.jpg,cardboard_paper,paper,kaggle
../data/raw/Garbage_Dataset_Classification/images/paper/paper_01939.jpg,cardboard_paper,paper,kaggle
../data/raw/Garbage_Dataset_Classification/images/plastic/plastic_01933.jpg,metal_plastic,plastic,kaggle
../data/raw/Garbage_Dataset_Classification/images/trash/trash_02586.jpg,trash,trash,kaggle
../data/raw/Garbage_Dataset_Classification/images/glass/glass_05263.jpg,trash,glass,kaggle
../data/raw/Garbage_Dataset_Classification/images/plastic/plastic_01978.jpg,metal_plastic,plastic,kaggle
../data/raw/Garbage_Dataset_Classification/images/glass/glass_03415.jpg,trash,glass,kaggle
../data/raw/Garbage_Dataset_Classification/images/paper/paper_02322.jpg,cardboard_paper,paper,kaggle
../data/raw/Garbage_Dataset_Classification/images/plastic/plastic_00789.jpg,metal_plastic,plastic,kaggle
../data/raw/Garbage_Dataset_Classification/images/glass/glass_04192.jpg,trash,glass,kaggle
../data/raw/Garbage_Dataset_Classification/images/metal/metal_01640.jpg,metal_plastic,metal,kaggle
../data/raw/Garbage_Dataset_Classification/images/metal/metal_02594.jpg,metal_plastic,metal,kaggle
../data/raw/Garbage_Dataset_Classification/images/plastic/plastic_00938.jpg,metal_plastic,plastic,kaggle
../data/raw/Garbage_Dataset_Classification/images/paper/paper_01117.jpg,cardboard_paper,paper,kaggle
../data/raw/Garbage_Dataset_Classification/images/metal/metal_02697.jpg,metal_plastic,metal,kaggle
../data/raw/Garbage_Dataset_Classification/images/paper/paper_00870.jpg,cardboard_paper,paper,kaggle
../data/raw/Garbage_Dataset_Classification/images/paper/paper_01653.jpg,cardboard_paper,paper,kaggle
../data/raw/Garbage_Dataset_Classification/images/glass/glass_05078.jpg,trash,glass,kaggle
../data/raw/Garbage_Dataset_Classification/images/paper/paper_00136.jpg,cardboard_paper,paper,kaggle
../data/raw/Garbage_Dataset_Classification/images/cardboard/cardboard_01855.jpg,cardboard_paper,cardboard,kaggle
../data/raw/Garbage_Dataset_Classification/images/cardboard/cardboard_00922.jpg,cardboard_paper,cardboard,kaggle
../data/raw/Garbage_Dataset_Classification/images/glass/glass_04630.jpg,trash,glass,kaggle
../data/raw/Garbage_Dataset_Classification/images/metal/metal_00055.jpg,metal_plastic,metal,kaggle
../data/raw/Garbage_Dataset_Classification/images/trash/trash_07375.jpg,trash,trash,kaggle
../data/raw/Garbage_Dataset_Classification/images/plastic/plastic_02784.jpg,metal_plastic,plastic,kaggle
../data/raw/Garbage_Dataset_Classification/images/glass/glass_04753.jpg,trash,glass,kaggle
../data/raw/Garbage_Dataset_Classification/images/cardboard/cardboard_01077.jpg,cardboard_paper,cardboard,kaggle
../data/raw/Garbage_Dataset_Classification/images/metal/metal_01402.jpg,metal_plastic,metal,kaggle
../data/raw/Garbage_Dataset_Classification/images/paper/paper_01828.jpg,cardboard_paper,paper,kaggle
../data/raw/Garbage_Dataset_Classification/images/trash/trash_11753.jpg,trash,trash,kaggle
../data/raw/Garbage_Dataset_Classification/images/trash/trash_17229.jpg,trash,trash,kaggle
../data/raw/Garbage_Dataset_Classification/images/paper/paper_02373.jpg,cardboard_paper,paper,kaggle
../data/raw/Garbage_Dataset_Classification/images/trash/trash_09136.jpg,trash,trash,kaggle
../data/raw/Garbage_Dataset_Classification/images/paper/paper_02122.jpg,cardboard_paper,paper,kaggle
../data/raw/Garbage_Dataset_Classification/images/glass/glass_01021.jpg,trash,glass,kaggle
../data/raw/Garbage_Dataset_Classification/images/glass/glass_00373.jpg,trash,glass,kaggle
../data/raw/Garbage_Dataset_Classification/images/trash/trash_14843.jpg,trash,trash,kaggle
../data/raw/Garbage_Dataset_Classification/images/glass/glass_04992.jpg,trash,glass,kaggle
../data/raw/Garbage_Dataset_Classification/images/trash/trash_04384.jpg,trash,trash,kaggle
../data/raw/Garbage_Dataset_Classification/images/cardboard/cardboard_01121.jpg,cardboard_paper,cardboard,kaggle
../data/raw/Garbage_Dataset_Classification/images/metal/metal_02649.jpg,metal_plastic,metal,kaggle
../data/raw/Garbage_Dataset_Classification/images/plastic/plastic_00779.jpg,metal_plastic,plastic,kaggle
../data/raw/Garbage_Dataset_Classification/images/cardboard/cardboard_02716.jpg,cardboard_paper,cardboard,kaggle
../data/raw/Garbage_Dataset_Classification/images/cardboard/cardboard_00868.jpg,cardboard_paper,cardboard,kaggle
../data/raw/Garbage_Dataset_Classification/images/plastic/plastic_01398.jpg,metal_plastic,plastic,kaggle
../data/raw/Garbage_Dataset_Classification/images/glass/glass_02192.jpg,trash,glass,kaggle
../data/raw/Garbage_Dataset_Classification/images/plastic/plastic_02518.jpg,metal_plastic,plastic,kaggle
../data/raw/Garbage_Dataset_Classification/images/glass/glass_03333.jpg,trash,glass,kaggle
../data/raw/Garbage_Dataset_Classification/images/cardboard/cardboard_00764.jpg,cardboard_paper,cardboard,kaggle
../data/raw/Garbage_Dataset_Classification/images/trash/trash_14753.jpg,trash,trash,kaggle
../data/raw/Garbage_Dataset_Classification/images/trash/trash_06688.jpg,trash,trash,kaggle
../data/raw/Garbage_Dataset_Classification/images/glass/glass_02826.jpg,trash,glass,kaggle
../data/raw/Garbage_Dataset_Classification/images/paper/paper_01708.jpg,cardboard_paper,paper,kaggle
../data/raw/Garbage_Dataset_Classification/images/cardboard/cardboard_01760.jpg,cardboard_paper,cardboard,kaggle
../data/raw/Garbage_Dataset_Classification/images/cardboard/cardboard_01126.jpg,cardboard_paper,cardboard,kaggle
../data/raw/Garbage_Dataset_Classification/images/metal/metal_00025.jpg,metal_plastic,metal,kaggle
../data/raw/Garbage_Dataset_Classification/images/paper/paper_03002.jpg,cardboard_paper,paper,kaggle
../data/raw/Garbage_Dataset_Classification/images/plastic/plastic_01639.jpg,metal_plastic,plastic,kaggle
../data/raw/Garbage_Dataset_Classification/images/paper/paper_01406.jpg,cardboard_paper,paper,kaggle
../data/raw/Garbage_Dataset_Classification/images/paper/paper_02620.jpg,cardboard_paper,paper,kaggle
../data/raw/Garbage_Dataset_Classification/images/trash/trash_19980.jpg,trash,trash,kaggle
../data/raw/Garbage_Dataset_Classification/images/paper/paper_02702.jpg,cardboard_paper,paper,kaggle
../data/raw/Garbage_Dataset_Classification/images/cardboard/cardboard_02055.jpg,cardboard_paper,cardboard,kaggle
../data/raw/Garbage_Dataset_Classification/images/metal/metal_01924.jpg,metal_plastic,metal,kaggle
../data/raw/Garbage_Dataset_Classification/images/trash/trash_17399.jpg,trash,trash,kaggle
../data/raw/Garbage_Dataset_Classification/images/plastic/plastic_01733.jpg,metal_plastic,plastic,kaggle
../data/raw/Garbage_Dataset_Classification/images/cardboard/cardboard_02665.jpg,cardboard_paper,cardboard,kaggle
../data/raw/Garbage_Dataset_Classification/images/glass/glass_02784.jpg,trash,glass,kaggle
../data/raw/Garbage_Dataset_Classification/images/metal/metal_01939.jpg,metal_plastic,metal,kaggle
../data/raw/Garbage_Dataset_Classification/images/paper/paper_03301.jpg,cardboard_paper,paper,kaggle
../data/raw/Garbage_Dataset_Classification/images/trash/trash_18620.jpg,trash,trash,kaggle
../data/raw/Garbage_Dataset_Classification/images/cardboard/cardboard_02872.jpg,cardboard_paper,cardboard,kaggle
../data/raw/Garbage_Dataset_Classification/images/cardboard/cardboard_01101.jpg,cardboard_paper,cardboard,kaggle
../data/raw/Garbage_Dataset_Classification/images/glass/glass_04603.jpg,trash,glass,kaggle
../data/raw/Garbage_Dataset_Classification/images/trash/trash_19722.jpg,trash,trash,kaggle
../data/raw/Garbage_Dataset_Classification/images/glass/glass_04799.jpg,trash,glass,kaggle
../data/raw/Garbage_Dataset_Classification/images/cardboard/cardboard_01965.jpg,cardboard_paper,cardboard,kaggle
../data/raw/Garbage_Dataset_Classification/images/trash/trash_14459.jpg,trash,trash,kaggle
../data/raw/Garbage_Dataset_Classification/images/glass/glass_01330.jpg,trash,glass,kaggle
../data/raw/Garbage_Dataset_Classification/images/glass/glass_05065.jpg,trash,glass,kaggle
../data/raw/Garbage_Dataset_Classification/images/cardboard/cardboard_01520.jpg,cardboard_paper,cardboard,kaggle
../data/raw/Garbage_Dataset_Classification/images/paper/paper_03191.jpg,cardboard_paper,paper,kaggle
../data/raw/Garbage_Dataset_Classification/images/plastic/plastic_01717.jpg,metal_plastic,plastic,kaggle
../data/raw/Garbage_Dataset_Classification/images/trash/trash_05720.jpg,trash,trash,kaggle
../data/raw/Garbage_Dataset_Classification/images/cardboard/cardboard_01506.jpg,cardboard_paper,cardboard,kaggle
../data/raw/Garbage_Dataset_Classification/images/paper/paper_02329.jpg,cardboard_paper,paper,kaggle
../data/raw/Garbage_Dataset_Classification/images/plastic/plastic_02958.jpg,metal_plastic,plastic,kaggle
../data/raw/Garbage_Dataset_Classification/images/glass/glass_02605.jpg,trash,glass,kaggle
../data/raw/Garbage_Dataset_Classification/images/cardboard/cardboard_01564.jpg,cardboard_paper,cardboard,kaggle
../data/raw/Garbage_Dataset_Classification/images/metal/metal_01935.jpg,metal_plastic,metal,kaggle
../data/raw/Garbage_Dataset_Classification/images/trash/trash_10577.jpg,trash,trash,kaggle
../data/raw/Garbage_Dataset_Classification/images/glass/glass_04126.jpg,trash,glass,kaggle
../data/raw/Garbage_Dataset_Classification/images/metal/metal_00302.jpg,metal_plastic,metal,kaggle
../data/raw/Garbage_Dataset_Classification/images/paper/paper_00879.jpg,cardboard_paper,paper,kaggle
../data/raw/Garbage_Dataset_Classification/images/glass/glass_00789.jpg,trash,glass,kaggle
../data/raw/Garbage_Dataset_Classification/images/trash/trash_10578.jpg,trash,trash,kaggle
../data/raw/Garbage_Dataset_Classification/images/trash/trash_09219.jpg,trash,trash,kaggle
../data/raw/Garbage_Dataset_Classification/images/plastic/plastic_01779.jpg,metal_plastic,plastic,kaggle
../data/raw/Garbage_Dataset_Classification/images/glass/glass_02478.jpg,trash,glass,kaggle
../data/raw/Garbage_Dataset_Classification/images/cardboard/cardboard_00543.jpg,cardboard_paper,cardboard,kaggle
../data/raw/Garbage_Dataset_Classification/images/paper/paper_02795.jpg,cardboard_paper,paper,kaggle
../data/raw/Garbage_Dataset_Classification/images/cardboard/cardboard_02120.jpg,cardboard_paper,cardboard,kaggle
../data/raw/Garbage_Dataset_Classification/images/metal/metal_00557.jpg,metal_plastic,metal,kaggle
../data/raw/Garbage_Dataset_Classification/images/plastic/plastic_00085.jpg,metal_plastic,plastic,kaggle
../data/raw/Garbage_Dataset_Classification/images/metal/metal_01320.jpg,metal_plastic,metal,kaggle
../data/raw/Garbage_Dataset_Classification/images/paper/paper_02126.jpg,cardboard_paper,paper,kaggle
../data/raw/Garbage_Dataset_Classification/images/paper/paper_02168.jpg,cardboard_paper,paper,kaggle
../data/raw/Garbage_Dataset_Classification/images/glass/glass_01081.jpg,trash,glass,kaggle
../data/raw/Garbage_Dataset_Classification/images/cardboard/cardboard_01953.jpg,cardboard_paper,cardboard,kaggle
../data/raw/Garbage_Dataset_Classification/images/metal/metal_01116.jpg,metal_plastic,metal,kaggle
../data/raw/Garbage_Dataset_Classification/images/trash/trash_06868.jpg,trash,trash,kaggle
../data/raw/Garbage_Dataset_Classification/images/trash/trash_10232.jpg,trash,trash,kaggle
../data/raw/Garbage_Dataset_Classification/images/metal/metal_00328.jpg,metal_plastic,metal,kaggle
../data/raw/Garbage_Dataset_Classification/images/glass/glass_04395.jpg,trash,glass,kaggle
../data/raw/Garbage_Dataset_Classification/images/trash/trash_06585.jpg,trash,trash,kaggle
../data/raw/Garbage_Dataset_Classification/images/trash/trash_14043.jpg,trash,trash,kaggle
../data/raw/Garbage_Dataset_Classification/images/plastic/plastic_00360.jpg,metal_plastic,plastic,kaggle
../data/raw/Garbage_Dataset_Classification/images/plastic/plastic_03164.jpg,metal_plastic,plastic,kaggle
../data/raw/Garbage_Dataset_Classification/images/metal/metal_00325.jpg,metal_plastic,metal,kaggle
../data/raw/Garbage_Dataset_Classification/images/paper/paper_00650.jpg,cardboard_paper,paper,kaggle
../data/raw/Garbage_Dataset_Classification/images/cardboard/cardboard_01887.jpg,cardboard_paper,cardboard,kaggle
../data/raw/Garbage_Dataset_Classification/images/plastic/plastic_01008.jpg,metal_plastic,plastic,kaggle
../data/raw/Garbage_Dataset_Classification/images/paper/paper_03187.jpg,cardboard_paper,paper,kaggle
../data/raw/Garbage_Dataset_Classification/images/glass/glass_04699.jpg,trash,glass,kaggle
../data/raw/Garbage_Dataset_Classification/images/glass/glass_04695.jpg,trash,glass,kaggle
../data/raw/Garbage_Dataset_Classification/images/trash/trash_18153.jpg,trash,trash,kaggle
../data/raw/Garbage_Dataset_Classification/images/glass/glass_04864.jpg,trash,glass,kaggle
../data/raw/Garbage_Dataset_Classification/images/cardboard/cardboard_01457.jpg,cardboard_paper,cardboard,kaggle
../data/raw/Garbage_Dataset_Classification/images/paper/paper_03297.jpg,cardboard_paper,paper,kaggle
../data/raw/Garbage_Dataset_Classification/images/plastic/plastic_02625.jpg,metal_plastic,plastic,kaggle
../data/raw/Garbage_Dataset_Classification/images/plastic/plastic_01042.jpg,metal_plastic,plastic,kaggle
../data/raw/Garbage_Dataset_Classification/images/cardboard/cardboard_01808.jpg,cardboard_paper,cardboard,kaggle
../data/raw/Garbage_Dataset_Classification/images/trash/trash_11575.jpg,trash,trash,kaggle
../data/raw/Garbage_Dataset_Classification/images/cardboard/cardboard_02287.jpg,cardboard_paper,cardboard,kaggle
../data/raw/Garbage_Dataset_Classification/images/glass/glass_02888.jpg,trash,glass,kaggle
../data/custom/ecoglasses/521DAE08-F359-4120-935D-DEC25D51E0D6_1_105_c.jpeg,ecoglasses,custom_ecoglasses,custom
../data/raw/Garbage_Dataset_Classification/images/trash/trash_14707.jpg,trash,trash,kaggle
../data/raw/Garbage_Dataset_Classification/images/metal/metal_01583.jpg,metal_plastic,metal,kaggle
../data/raw/Garbage_Dataset_Classification/images/metal/metal_00911.jpg,metal_plastic,metal,kaggle
../data/raw/Garbage_Dataset_Classification/images/cardboard/cardboard_02926.jpg,cardboard_paper,cardboard,kaggle
../data/raw/Garbage_Dataset_Classification/images/trash/trash_13674.jpg,trash,trash,kaggle
../data/raw/Garbage_Dataset_Classification/images/glass/glass_02853.jpg,trash,glass,kaggle
../data/raw/Garbage_Dataset_Classification/images/plastic/plastic_00510.jpg,metal_plastic,plastic,kaggle
../data/raw/Garbage_Dataset_Classification/images/trash/trash_14165.jpg,trash,trash,kaggle
../data/raw/Garbage_Dataset_Classification/images/metal/metal_01913.jpg,metal_plastic,metal,kaggle
../data/raw/Garbage_Dataset_Classification/images/metal/metal_01300.jpg,metal_plastic,metal,kaggle
../data/raw/Garbage_Dataset_Classification/images/paper/paper_02338.jpg,cardboard_paper,paper,kaggle
../data/raw/Garbage_Dataset_Classification/images/plastic/plastic_01362.jpg,metal_plastic,plastic,kaggle
../data/raw/Garbage_Dataset_Classification/images/metal/metal_01323.jpg,metal_plastic,metal,kaggle
../data/raw/Garbage_Dataset_Classification/images/plastic/plastic_02332.jpg,metal_plastic,plastic,kaggle
../data/raw/Garbage_Dataset_Classification/images/glass/glass_01166.jpg,trash,glass,kaggle
../data/raw/Garbage_Dataset_Classification/images/glass/glass_01873.jpg,trash,glass,kaggle
../data/raw/Garbage_Dataset_Classification/images/paper/paper_02460.jpg,cardboard_paper,paper,kaggle
../data/raw/Garbage_Dataset_Classification/images/paper/paper_02150.jpg,cardboard_paper,paper,kaggle
../data/raw/Garbage_Dataset_Classification/images/trash/trash_07927.jpg,trash,trash,kaggle
../data/raw/Garbage_Dataset_Classification/images/paper/paper_01990.jpg,cardboard_paper,paper,kaggle
../data/raw/Garbage_Dataset_Classification/images/metal/metal_00177.jpg,metal_plastic,metal,kaggle
../data/raw/Garbage_Dataset_Classification/images/trash/trash_01558.jpg,trash,trash,kaggle
../data/raw/Garbage_Dataset_Classification/images/trash/trash_10294.jpg,trash,trash,kaggle
../data/raw/Garbage_Dataset_Classification/images/plastic/plastic_03174.jpg,metal_plastic,plastic,kaggle
../data/raw/Garbage_Dataset_Classification/images/glass/glass_01761.jpg,trash,glass,kaggle
../data/raw/Garbage_Dataset_Classification/images/paper/paper_02755.jpg,cardboard_paper,paper,kaggle
../data/raw/Garbage_Dataset_Classification/images/plastic/plastic_01453.jpg,metal_plastic,plastic,kaggle
../data/raw/Garbage_Dataset_Classification/images/paper/paper_02778.jpg,cardboard_paper,paper,kaggle
../data/raw/Garbage_Dataset_Classification/images/paper/paper_02979.jpg,cardboard_paper,paper,kaggle
../data/raw/Garbage_Dataset_Classification/images/paper/paper_01157.jpg,cardboard_paper,paper,kaggle
../data/raw/Garbage_Dataset_Classification/images/paper/paper_00972.jpg,cardboard_paper,paper,kaggle
../data/raw/Garbage_Dataset_Classification/images/trash/trash_16250.jpg,trash,trash,kaggle
../data/raw/Garbage_Dataset_Classification/images/glass/glass_05057.jpg,trash,glass,kaggle
../data/raw/Garbage_Dataset_Classification/images/cardboard/cardboard_02691.jpg,cardboard_paper,cardboard,kaggle
../data/raw/Garbage_Dataset_Classification/images/paper/paper_02722.jpg,cardboard_paper,paper,kaggle
../data/raw/Garbage_Dataset_Classification/images/paper/paper_02801.jpg,cardboard_paper,paper,kaggle
../data/raw/Garbage_Dataset_Classification/images/paper/paper_02688.jpg,cardboard_paper,paper,kaggle
../data/raw/Garbage_Dataset_Classification/images/metal/metal_00759.jpg,metal_plastic,metal,kaggle
../data/raw/Garbage_Dataset_Classification/images/trash/trash_16896.jpg,trash,trash,kaggle
../data/raw/Garbage_Dataset_Classification/images/paper/paper_02258.jpg,cardboard_paper,paper,kaggle
../data/raw/Garbage_Dataset_Classification/images/plastic/plastic_02045.jpg,metal_plastic,plastic,kaggle
../data/raw/Garbage_Dataset_Classification/images/trash/trash_17930.jpg,trash,trash,kaggle
../data/raw/Garbage_Dataset_Classification/images/glass/glass_03221.jpg,trash,glass,kaggle
../data/raw/Garbage_Dataset_Classification/images/metal/metal_01262.jpg,metal_plastic,metal,kaggle
../data/raw/Garbage_Dataset_Classification/images/glass/glass_03277.jpg,trash,glass,kaggle
../data/raw/Garbage_Dataset_Classification/images/plastic/plastic_00897.jpg,metal_plastic,plastic,kaggle
../data/raw/Garbage_Dataset_Classification/images/metal/metal_00748.jpg,metal_plastic,metal,kaggle
../data/raw/Garbage_Dataset_Classification/images/paper/paper_02136.jpg,cardboard_paper,paper,kaggle
../data/raw/Garbage_Dataset_Classification/images/cardboard/cardboard_01643.jpg,cardboard_paper,cardboard,kaggle
../data/raw/Garbage_Dataset_Classification/images/paper/paper_02235.jpg,cardboard_paper,paper,kaggle
../data/raw/Garbage_Dataset_Classification/images/paper/paper_00581.jpg,cardboard_paper,paper,kaggle
../data/raw/Garbage_Dataset_Classification/images/glass/glass_02694.jpg,trash,glass,kaggle
../data/raw/Garbage_Dataset_Classification/images/cardboard/cardboard_01020.jpg,cardboard_paper,cardboard,kaggle
../data/raw/Garbage_Dataset_Classification/images/plastic/plastic_02639.jpg,metal_plastic,plastic,kaggle
../data/raw/Garbage_Dataset_Classification/images/metal/metal_02693.jpg,metal_plastic,metal,kaggle
../data/raw/Garbage_Dataset_Classification/images/trash/trash_01773.jpg,trash,trash,kaggle
../data/raw/Garbage_Dataset_Classification/images/glass/glass_02219.jpg,trash,glass,kaggle
../data/raw/Garbage_Dataset_Classification/images/plastic/plastic_02177.jpg,metal_plastic,plastic,kaggle
../data/raw/Garbage_Dataset_Classification/images/paper/paper_02215.jpg,cardboard_paper,paper,kaggle
../data/raw/Garbage_Dataset_Classification/images/paper/paper_01858.jpg,cardboard_paper,paper,kaggle
../data/raw/Garbage_Dataset_Classification/images/glass/glass_01542.jpg,trash,glass,kaggle
../data/raw/Garbage_Dataset_Classification/images/glass/glass_02597.jpg,trash,glass,kaggle
../data/raw/Garbage_Dataset_Classification/images/metal/metal_02686.jpg,metal_plastic,metal,kaggle
../data/raw/Garbage_Dataset_Classification/images/metal/metal_01481.jpg,metal_plastic,metal,kaggle
../data/raw/Garbage_Dataset_Classification/images/cardboard/cardboard_02882.jpg,cardboard_paper,cardboard,kaggle
../data/raw/Garbage_Dataset_Classification/images/glass/glass_01834.jpg,trash,glass,kaggle
../data/raw/Garbage_Dataset_Classification/images/paper/paper_01761.jpg,cardboard_paper,paper,kaggle
../data/raw/Garbage_Dataset_Classification/images/cardboard/cardboard_01690.jpg,cardboard_paper,cardboard,kaggle
../data/raw/Garbage_Dataset_Classification/images/plastic/plastic_02515.jpg,metal_plastic,plastic,kaggle
../data/raw/Garbage_Dataset_Classification/images/plastic/plastic_02073.jpg,metal_plastic,plastic,kaggle
../data/raw/Garbage_Dataset_Classification/images/metal/metal_02684.jpg,metal_plastic,metal,kaggle
../data/raw/Garbage_Dataset_Classification/images/metal/metal_00068.jpg,metal_plastic,metal,kaggle
../data/raw/Garbage_Dataset_Classification/images/plastic/plastic_02413.jpg,metal_plastic,plastic,kaggle
../data/raw/Garbage_Dataset_Classification/images/glass/glass_05283.jpg,trash,glass,kaggle
../data/raw/Garbage_Dataset_Classification/images/paper/paper_00160.jpg,cardboard_paper,paper,kaggle
../data/raw/Garbage_Dataset_Classification/images/plastic/plastic_00626.jpg,metal_plastic,plastic,kaggle
../data/raw/Garbage_Dataset_Classification/images/cardboard/cardboard_03012.jpg,cardboard_paper,cardboard,kaggle
../data/raw/Garbage_Dataset_Classification/images/paper/paper_01639.jpg,cardboard_paper,paper,kaggle
../data/raw/Garbage_Dataset_Classification/images/glass/glass_01625.jpg,trash,glass,kaggle
../data/raw/Garbage_Dataset_Classification/images/trash/trash_08777.jpg,trash,trash,kaggle
../data/raw/Garbage_Dataset_Classification/images/paper/paper_01185.jpg,cardboard_paper,paper,kaggle
../data/raw/Garbage_Dataset_Classification/images/metal/metal_02393.jpg,metal_plastic,metal,kaggle
../data/raw/Garbage_Dataset_Classification/images/metal/metal_02079.jpg,metal_plastic,metal,kaggle
../data/raw/Garbage_Dataset_Classification/images/cardboard/cardboard_02923.jpg,cardboard_paper,cardboard,kaggle
../data/raw/Garbage_Dataset_Classification/images/metal/metal_01041.jpg,metal_plastic,metal,kaggle
../data/raw/Garbage_Dataset_Classification/images/glass/glass_04082.jpg,trash,glass,kaggle
../data/raw/Garbage_Dataset_Classification/images/plastic/plastic_03176.jpg,metal_plastic,plastic,kaggle
../data/raw/Garbage_Dataset_Classification/images/trash/trash_09125.jpg,trash,trash,kaggle
../data/raw/Garbage_Dataset_Classification/images/glass/glass_00757.jpg,trash,glass,kaggle
../data/raw/Garbage_Dataset_Classification/images/plastic/plastic_01249.jpg,metal_plastic,plastic,kaggle
../data/raw/Garbage_Dataset_Classification/images/trash/trash_02929.jpg,trash,trash,kaggle
../data/raw/Garbage_Dataset_Classification/images/glass/glass_03211.jpg,trash,glass,kaggle
../data/raw/Garbage_Dataset_Classification/images/glass/glass_05494.jpg,trash,glass,kaggle
../data/raw/Garbage_Dataset_Classification/images/glass/glass_04316.jpg,trash,glass,kaggle
../data/raw/Garbage_Dataset_Classification/images/glass/glass_00888.jpg,trash,glass,kaggle
../data/raw/Garbage_Dataset_Classification/images/metal/metal_02615.jpg,metal_plastic,metal,kaggle
../data/raw/Garbage_Dataset_Classification/images/cardboard/cardboard_02051.jpg,cardboard_paper,cardboard,kaggle
../data/raw/Garbage_Dataset_Classification/images/glass/glass_02387.jpg,trash,glass,kaggle
../data/raw/Garbage_Dataset_Classification/images/trash/trash_15473.jpg,trash,trash,kaggle
../data/raw/Garbage_Dataset_Classification/images/glass/glass_02200.jpg,trash,glass,kaggle
../data/raw/Garbage_Dataset_Classification/images/plastic/plastic_00498.jpg,metal_plastic,plastic,kaggle
../data/raw/Garbage_Dataset_Classification/images/cardboard/cardboard_02846.jpg,cardboard_paper,cardboard,kaggle
../data/raw/Garbage_Dataset_Classification/images/cardboard/cardboard_02581.jpg,cardboard_paper,cardboard,kaggle
../data/raw/Garbage_Dataset_Classification/images/trash/trash_04133.jpg,trash,trash,kaggle
../data/raw/Garbage_Dataset_Classification/images/paper/paper_02745.jpg,cardboard_paper,paper,kaggle
../data/raw/Garbage_Dataset_Classification/images/plastic/plastic_02534.jpg,metal_plastic,plastic,kaggle
../data/raw/Garbage_Dataset_Classification/images/metal/metal_02577.jpg,metal_plastic,metal,kaggle
../data/raw/Garbage_Dataset_Classification/images/metal/metal_02391.jpg,metal_plastic,metal,kaggle
../data/raw/Garbage_Dataset_Classification/images/cardboard/cardboard_02714.jpg,cardboard_paper,cardboard,kaggle
../data/raw/Garbage_Dataset_Classification/images/plastic/plastic_02221.jpg,metal_plastic,plastic,kaggle
../data/raw/Garbage_Dataset_Classification/images/plastic/plastic_02806.jpg,metal_plastic,plastic,kaggle
../data/raw/Garbage_Dataset_Classification/images/trash/trash_09913.jpg,trash,trash,kaggle
../data/raw/Garbage_Dataset_Classification/images/cardboard/cardboard_02526.jpg,cardboard_paper,cardboard,kaggle
../data/raw/Garbage_Dataset_Classification/images/trash/trash_11213.jpg,trash,trash,kaggle
../data/raw/Garbage_Dataset_Classification/images/trash/trash_17512.jpg,trash,trash,kaggle
../data/raw/Garbage_Dataset_Classification/images/paper/paper_02804.jpg,cardboard_paper,paper,kaggle
../data/raw/Garbage_Dataset_Classification/images/metal/metal_01467.jpg,metal_plastic,metal,kaggle
../data/raw/Garbage_Dataset_Classification/images/plastic/plastic_01326.jpg,metal_plastic,plastic,kaggle
../data/raw/Garbage_Dataset_Classification/images/plastic/plastic_02764.jpg,metal_plastic,plastic,kaggle
../data/raw/Garbage_Dataset_Classification/images/paper/paper_00064.jpg,cardboard_paper,paper,kaggle
../data/raw/Garbage_Dataset_Classification/images/metal/metal_01848.jpg,metal_plastic,metal,kaggle
../data/raw/Garbage_Dataset_Classification/images/cardboard/cardboard_03028.jpg,cardboard_paper,cardboard,kaggle
../data/raw/Garbage_Dataset_Classification/images/metal/metal_02349.jpg,metal_plastic,metal,kaggle
../data/raw/Garbage_Dataset_Classification/images/metal/metal_02347.jpg,metal_plastic,metal,kaggle
../data/raw/Garbage_Dataset_Classification/images/paper/paper_01430.jpg,cardboard_paper,paper,kaggle
../data/raw/Garbage_Dataset_Classification/images/trash/trash_08711.jpg,trash,trash,kaggle
../data/raw/Garbage_Dataset_Classification/images/cardboard/cardboard_02773.jpg,cardboard_paper,cardboard,kaggle
../data/raw/Garbage_Dataset_Classification/images/paper/paper_01895.jpg,cardboard_paper,paper,kaggle
../data/raw/Garbage_Dataset_Classification/images/trash/trash_09974.jpg,trash,trash,kaggle
../data/raw/Garbage_Dataset_Classification/images/paper/paper_03182.jpg,cardboard_paper,paper,kaggle
../data/raw/Garbage_Dataset_Classification/images/paper/paper_01115.jpg,cardboard_paper,paper,kaggle
../data/raw/Garbage_Dataset_Classification/images/trash/trash_15665.jpg,trash,trash,kaggle
../data/raw/Garbage_Dataset_Classification/images/glass/glass_03871.jpg,trash,glass,kaggle
../data/raw/Garbage_Dataset_Classification/images/cardboard/cardboard_02328.jpg,cardboard_paper,cardboard,kaggle
../data/raw/Garbage_Dataset_Classification/images/plastic/plastic_02994.jpg,metal_plastic,plastic,kaggle
../data/raw/Garbage_Dataset_Classification/images/paper/paper_01505.jpg,cardboard_paper,paper,kaggle
../data/raw/Garbage_Dataset_Classification/images/cardboard/cardboard_02535.jpg,cardboard_paper,cardboard,kaggle
../data/raw/Garbage_Dataset_Classification/images/paper/paper_02468.jpg,cardboard_paper,paper,kaggle
../data/raw/Garbage_Dataset_Classification/images/glass/glass_02553.jpg,trash,glass,kaggle
../data/raw/Garbage_Dataset_Classification/images/paper/paper_02484.jpg,cardboard_paper,paper,kaggle
../data/raw/Garbage_Dataset_Classification/images/cardboard/cardboard_00337.jpg,cardboard_paper,cardboard,kaggle
../data/raw/Garbage_Dataset_Classification/images/cardboard/cardboard_00231.jpg,cardboard_paper,cardboard,kaggle
../data/raw/Garbage_Dataset_Classification/images/trash/trash_04936.jpg,trash,trash,kaggle
../data/raw/Garbage_Dataset_Classification/images/glass/glass_03230.jpg,trash,glass,kaggle
../data/raw/Garbage_Dataset_Classification/images/cardboard/cardboard_01096.jpg,cardboard_paper,cardboard,kaggle
../data/raw/Garbage_Dataset_Classification/images/trash/trash_08271.jpg,trash,trash,kaggle
../data/raw/Garbage_Dataset_Classification/images/plastic/plastic_02335.jpg,metal_plastic,plastic,kaggle
../data/raw/Garbage_Dataset_Classification/images/trash/trash_06923.jpg,trash,trash,kaggle
../data/raw/Garbage_Dataset_Classification/images/cardboard/cardboard_02976.jpg,cardboard_paper,cardboard,kaggle
../data/raw/Garbage_Dataset_Classification/images/cardboard/cardboard_00414.jpg,cardboard_paper,cardboard,kaggle
../data/raw/Garbage_Dataset_Classification/images/plastic/plastic_01923.jpg,metal_plastic,plastic,kaggle
../data/raw/Garbage_Dataset_Classification/images/cardboard/cardboard_02574.jpg,cardboard_paper,cardboard,kaggle
../data/raw/Garbage_Dataset_Classification/images/trash/trash_03469.jpg,trash,trash,kaggle
../data/raw/Garbage_Dataset_Classification/images/trash/trash_10865.jpg,trash,trash,kaggle
../data/raw/Garbage_Dataset_Classification/images/paper/paper_03072.jpg,cardboard_paper,paper,kaggle
../data/raw/Garbage_Dataset_Classification/images/glass/glass_02623.jpg,trash,glass,kaggle
../data/raw/Garbage_Dataset_Classification/images/metal/metal_02694.jpg,metal_plastic,metal,kaggle
../data/raw/Garbage_Dataset_Classification/images/trash/trash_00165.jpg,trash,trash,kaggle
../data/raw/Garbage_Dataset_Classification/images/trash/trash_06168.jpg,trash,trash,kaggle
../data/raw/Garbage_Dataset_Classification/images/trash/trash_15612.jpg,trash,trash,kaggle
../data/raw/Garbage_Dataset_Classification/images/paper/paper_02410.jpg,cardboard_paper,paper,kaggle
../data/raw/Garbage_Dataset_Classification/images/paper/paper_02123.jpg,cardboard_paper,paper,kaggle
../data/raw/Garbage_Dataset_Classification/images/paper/paper_00927.jpg,cardboard_paper,paper,kaggle
../data/raw/Garbage_Dataset_Classification/images/trash/trash_03366.jpg,trash,trash,kaggle
../data/raw/Garbage_Dataset_Classification/images/trash/trash_14966.jpg,trash,trash,kaggle
../data/raw/Garbage_Dataset_Classification/images/metal/metal_01965.jpg,metal_plastic,metal,kaggle
../data/raw/Garbage_Dataset_Classification/images/glass/glass_01802.jpg,trash,glass,kaggle
../data/raw/Garbage_Dataset_Classification/images/plastic/plastic_02387.jpg,metal_plastic,plastic,kaggle
../data/raw/Garbage_Dataset_Classification/images/plastic/plastic_01317.jpg,metal_plastic,plastic,kaggle
../data/raw/Garbage_Dataset_Classification/images/cardboard/cardboard_01308.jpg,cardboard_paper,cardboard,kaggle
../data/raw/Garbage_Dataset_Classification/images/metal/metal_01109.jpg,metal_plastic,metal,kaggle
../data/raw/Garbage_Dataset_Classification/images/cardboard/cardboard_01711.jpg,cardboard_paper,cardboard,kaggle
../data/raw/Garbage_Dataset_Classification/images/plastic/plastic_03089.jpg,metal_plastic,plastic,kaggle
../data/raw/Garbage_Dataset_Classification/images/glass/glass_03709.jpg,trash,glass,kaggle
../data/raw/Garbage_Dataset_Classification/images/trash/trash_10748.jpg,trash,trash,kaggle
../data/raw/Garbage_Dataset_Classification/images/paper/paper_00661.jpg,cardboard_paper,paper,kaggle
../data/raw/Garbage_Dataset_Classification/images/glass/glass_00872.jpg,trash,glass,kaggle
../data/raw/Garbage_Dataset_Classification/images/trash/trash_17028.jpg,trash,trash,kaggle
../data/raw/Garbage_Dataset_Classification/images/plastic/plastic_02388.jpg,metal_plastic,plastic,kaggle
../data/raw/Garbage_Dataset_Classification/images/metal/metal_01261.jpg,metal_plastic,metal,kaggle
../data/raw/Garbage_Dataset_Classification/images/trash/trash_00326.jpg,trash,trash,kaggle
../data/raw/Garbage_Dataset_Classification/images/cardboard/cardboard_01326.jpg,cardboard_paper,cardboard,kaggle
../data/raw/Garbage_Dataset_Classification/images/plastic/plastic_02545.jpg,metal_plastic,plastic,kaggle
../data/raw/Garbage_Dataset_Classification/images/trash/trash_12249.jpg,trash,trash,kaggle
../data/raw/Garbage_Dataset_Classification/images/cardboard/cardboard_01567.jpg,cardboard_paper,cardboard,kaggle
../data/raw/Garbage_Dataset_Classification/images/plastic/plastic_03292.jpg,metal_plastic,plastic,kaggle
../data/raw/Garbage_Dataset_Classification/images/trash/trash_14619.jpg,trash,trash,kaggle
../data/raw/Garbage_Dataset_Classification/images/glass/glass_05023.jpg,trash,glass,kaggle
../data/raw/Garbage_Dataset_Classification/images/cardboard/cardboard_01846.jpg,cardboard_paper,cardboard,kaggle
../data/raw/Garbage_Dataset_Classification/images/plastic/plastic_01418.jpg,metal_plastic,plastic,kaggle
../data/raw/Garbage_Dataset_Classification/images/trash/trash_17382.jpg,trash,trash,kaggle
../data/raw/Garbage_Dataset_Classification/images/paper/paper_00217.jpg,cardboard_paper,paper,kaggle
../data/raw/Garbage_Dataset_Classification/images/paper/paper_02662.jpg,cardboard_paper,paper,kaggle
../data/raw/Garbage_Dataset_Classification/images/metal/metal_01548.jpg,metal_plastic,metal,kaggle
../data/raw/Garbage_Dataset_Classification/images/trash/trash_09623.jpg,trash,trash,kaggle
../data/raw/Garbage_Dataset_Classification/images/trash/trash_05803.jpg,trash,trash,kaggle
../data/raw/Garbage_Dataset_Classification/images/metal/metal_02631.jpg,metal_plastic,metal,kaggle
../data/raw/Garbage_Dataset_Classification/images/paper/paper_03100.jpg,cardboard_paper,paper,kaggle
../data/raw/Garbage_Dataset_Classification/images/trash/trash_12713.jpg,trash,trash,kaggle
../data/raw/Garbage_Dataset_Classification/images/paper/paper_02250.jpg,cardboard_paper,paper,kaggle
../data/raw/Garbage_Dataset_Classification/images/cardboard/cardboard_02077.jpg,cardboard_paper,cardboard,kaggle
../data/raw/Garbage_Dataset_Classification/images/cardboard/cardboard_02203.jpg,cardboard_paper,cardboard,kaggle
../data/raw/Garbage_Dataset_Classification/images/metal/metal_01368.jpg,metal_plastic,metal,kaggle
../data/raw/Garbage_Dataset_Classification/images/metal/metal_00309.jpg,metal_plastic,metal,kaggle
../data/raw/Garbage_Dataset_Classification/images/trash/trash_11877.jpg,trash,trash,kaggle
../data/raw/Garbage_Dataset_Classification/images/plastic/plastic_02593.jpg,metal_plastic,plastic,kaggle
../data/raw/Garbage_Dataset_Classification/images/plastic/plastic_03140.jpg,metal_plastic,plastic,kaggle
../data/raw/Garbage_Dataset_Classification/images/cardboard/cardboard_02038.jpg,cardboard_paper,cardboard,kaggle
../data/raw/Garbage_Dataset_Classification/images/glass/glass_04798.jpg,trash,glass,kaggle
../data/raw/Garbage_Dataset_Classification/images/plastic/plastic_02737.jpg,metal_plastic,plastic,kaggle
../data/raw/Garbage_Dataset_Classification/images/glass/glass_04241.jpg,trash,glass,kaggle
../data/raw/Garbage_Dataset_Classification/images/plastic/plastic_03181.jpg,metal_plastic,plastic,kaggle
../data/raw/Garbage_Dataset_Classification/images/glass/glass_04528.jpg,trash,glass,kaggle
../data/raw/Garbage_Dataset_Classification/images/metal/metal_01604.jpg,metal_plastic,metal,kaggle
../data/raw/Garbage_Dataset_Classification/images/glass/glass_00717.jpg,trash,glass,kaggle
../data/raw/Garbage_Dataset_Classification/images/trash/trash_18788.jpg,trash,trash,kaggle
../data/raw/Garbage_Dataset_Classification/images/paper/paper_02347.jpg,cardboard_paper,paper,kaggle
../data/raw/Garbage_Dataset_Classification/images/glass/glass_04568.jpg,trash,glass,kaggle
../data/raw/Garbage_Dataset_Classification/images/metal/metal_01704.jpg,metal_plastic,metal,kaggle
../data/raw/Garbage_Dataset_Classification/images/cardboard/cardboard_00409.jpg,cardboard_paper,cardboard,kaggle
../data/raw/Garbage_Dataset_Classification/images/trash/trash_00385.jpg,trash,trash,kaggle
../data/raw/Garbage_Dataset_Classification/images/glass/glass_03377.jpg,trash,glass,kaggle
../data/raw/Garbage_Dataset_Classification/images/glass/glass_02429.jpg,trash,glass,kaggle
../data/raw/Garbage_Dataset_Classification/images/paper/paper_02104.jpg,cardboard_paper,paper,kaggle
../data/raw/Garbage_Dataset_Classification/images/trash/trash_08481.jpg,trash,trash,kaggle
../data/raw/Garbage_Dataset_Classification/images/trash/trash_11805.jpg,trash,trash,kaggle
../data/raw/Garbage_Dataset_Classification/images/cardboard/cardboard_02553.jpg,cardboard_paper,cardboard,kaggle
../data/raw/Garbage_Dataset_Classification/images/metal/metal_00721.jpg,metal_plastic,metal,kaggle
../data/raw/Garbage_Dataset_Classification/images/plastic/plastic_03252.jpg,metal_plastic,plastic,kaggle
../data/raw/Garbage_Dataset_Classification/images/plastic/plastic_03107.jpg,metal_plastic,plastic,kaggle
../data/raw/Garbage_Dataset_Classification/images/trash/trash_16290.jpg,trash,trash,kaggle
../data/raw/Garbage_Dataset_Classification/images/cardboard/cardboard_02497.jpg,cardboard_paper,cardboard,kaggle
../data/raw/Garbage_Dataset_Classification/images/paper/paper_00068.jpg,cardboard_paper,paper,kaggle
../data/raw/Garbage_Dataset_Classification/images/plastic/plastic_02057.jpg,metal_plastic,plastic,kaggle
../data/raw/Garbage_Dataset_Classification/images/plastic/plastic_00659.jpg,metal_plastic,plastic,kaggle
../data/raw/Garbage_Dataset_Classification/images/plastic/plastic_03125.jpg,metal_plastic,plastic,kaggle
../data/raw/Garbage_Dataset_Classification/images/cardboard/cardboard_03057.jpg,cardboard_paper,cardboard,kaggle
../data/raw/Garbage_Dataset_Classification/images/glass/glass_04593.jpg,trash,glass,kaggle
../data/raw/Garbage_Dataset_Classification/images/plastic/plastic_02456.jpg,metal_plastic,plastic,kaggle
../data/raw/Garbage_Dataset_Classification/images/paper/paper_00380.jpg,cardboard_paper,paper,kaggle
../data/raw/Garbage_Dataset_Classification/images/trash/trash_03160.jpg,trash,trash,kaggle
../data/raw/Garbage_Dataset_Classification/images/plastic/plastic_02712.jpg,metal_plastic,plastic,kaggle
../data/raw/Garbage_Dataset_Classification/images/plastic/plastic_02740.jpg,metal_plastic,plastic,kaggle
../data/custom/ecoglasses/03283B44-3356-41BD-8A58-4B685635F3CD_1_105_c.jpeg,ecoglasses,custom_ecoglasses,custom
../data/raw/Garbage_Dataset_Classification/images/paper/paper_00878.jpg,cardboard_paper,paper,kaggle
../data/raw/Garbage_Dataset_Classification/images/cardboard/cardboard_02118.jpg,cardboard_paper,cardboard,kaggle
../data/raw/Garbage_Dataset_Classification/images/cardboard/cardboard_01266.jpg,cardboard_paper,cardboard,kaggle
../data/raw/Garbage_Dataset_Classification/images/trash/trash_11150.jpg,trash,trash,kaggle
../data/raw/Garbage_Dataset_Classification/images/metal/metal_01879.jpg,metal_plastic,metal,kaggle
../data/raw/Garbage_Dataset_Classification/images/glass/glass_02211.jpg,trash,glass,kaggle
../data/raw/Garbage_Dataset_Classification/images/trash/trash_07282.jpg,trash,trash,kaggle
../data/raw/Garbage_Dataset_Classification/images/metal/metal_01849.jpg,metal_plastic,metal,kaggle
../data/raw/Garbage_Dataset_Classification/images/trash/trash_04769.jpg,trash,trash,kaggle
../data/raw/Garbage_Dataset_Classification/images/trash/trash_05531.jpg,trash,trash,kaggle
../data/raw/Garbage_Dataset_Classification/images/cardboard/cardboard_00519.jpg,cardboard_paper,cardboard,kaggle
../data/raw/Garbage_Dataset_Classification/images/cardboard/cardboard_01935.jpg,cardboard_paper,cardboard,kaggle
../data/raw/Garbage_Dataset_Classification/images/glass/glass_04103.jpg,trash,glass,kaggle
../data/raw/Garbage_Dataset_Classification/images/cardboard/cardboard_01938.jpg,cardboard_paper,cardboard,kaggle
../data/raw/Garbage_Dataset_Classification/images/trash/trash_19257.jpg,trash,trash,kaggle
../data/raw/Garbage_Dataset_Classification/images/plastic/plastic_02980.jpg,metal_plastic,plastic,kaggle
../data/raw/Garbage_Dataset_Classification/images/glass/glass_01227.jpg,trash,glass,kaggle
../data/raw/Garbage_Dataset_Classification/images/metal/metal_01859.jpg,metal_plastic,metal,kaggle
../data/raw/Garbage_Dataset_Classification/images/metal/metal_02254.jpg,metal_plastic,metal,kaggle
../data/raw/Garbage_Dataset_Classification/images/trash/trash_03538.jpg,trash,trash,kaggle
../data/raw/Garbage_Dataset_Classification/images/paper/paper_00738.jpg,cardboard_paper,paper,kaggle
../data/raw/Garbage_Dataset_Classification/images/cardboard/cardboard_00282.jpg,cardboard_paper,cardboard,kaggle
../data/raw/Garbage_Dataset_Classification/images/cardboard/cardboard_01691.jpg,cardboard_paper,cardboard,kaggle
../data/raw/Garbage_Dataset_Classification/images/paper/paper_02112.jpg,cardboard_paper,paper,kaggle
../data/raw/Garbage_Dataset_Classification/images/metal/metal_01677.jpg,metal_plastic,metal,kaggle
../data/raw/Garbage_Dataset_Classification/images/cardboard/cardboard_02829.jpg,cardboard_paper,cardboard,kaggle
../data/raw/Garbage_Dataset_Classification/images/paper/paper_02570.jpg,cardboard_paper,paper,kaggle
../data/raw/Garbage_Dataset_Classification/images/paper/paper_00288.jpg,cardboard_paper,paper,kaggle
../data/raw/Garbage_Dataset_Classification/images/paper/paper_01916.jpg,cardboard_paper,paper,kaggle
../data/raw/Garbage_Dataset_Classification/images/trash/trash_14463.jpg,trash,trash,kaggle
../data/raw/Garbage_Dataset_Classification/images/plastic/plastic_02985.jpg,metal_plastic,plastic,kaggle
../data/raw/Garbage_Dataset_Classification/images/metal/metal_01511.jpg,metal_plastic,metal,kaggle
../data/raw/Garbage_Dataset_Classification/images/cardboard/cardboard_02707.jpg,cardboard_paper,cardboard,kaggle
../data/raw/Garbage_Dataset_Classification/images/trash/trash_16838.jpg,trash,trash,kaggle
../data/raw/Garbage_Dataset_Classification/images/metal/metal_01779.jpg,metal_plastic,metal,kaggle
../data/raw/Garbage_Dataset_Classification/images/trash/trash_07764.jpg,trash,trash,kaggle
../data/raw/Garbage_Dataset_Classification/images/paper/paper_01802.jpg,cardboard_paper,paper,kaggle
../data/raw/Garbage_Dataset_Classification/images/paper/paper_02682.jpg,cardboard_paper,paper,kaggle
../data/raw/Garbage_Dataset_Classification/images/cardboard/cardboard_02037.jpg,cardboard_paper,cardboard,kaggle
../data/raw/Garbage_Dataset_Classification/images/plastic/plastic_02288.jpg,metal_plastic,plastic,kaggle
../data/raw/Garbage_Dataset_Classification/images/metal/metal_02259.jpg,metal_plastic,metal,kaggle
../data/raw/Garbage_Dataset_Classification/images/cardboard/cardboard_02158.jpg,cardboard_paper,cardboard,kaggle
../data/raw/Garbage_Dataset_Classification/images/plastic/plastic_01592.jpg,metal_plastic,plastic,kaggle
../data/raw/Garbage_Dataset_Classification/images/cardboard/cardboard_00336.jpg,cardboard_paper,cardboard,kaggle
../data/raw/Garbage_Dataset_Classification/images/paper/paper_00417.jpg,cardboard_paper,paper,kaggle
../data/raw/Garbage_Dataset_Classification/images/glass/glass_02500.jpg,trash,glass,kaggle
../data/raw/Garbage_Dataset_Classification/images/metal/metal_02473.jpg,metal_plastic,metal,kaggle
../data/raw/Garbage_Dataset_Classification/images/trash/trash_08083.jpg,trash,trash,kaggle
../data/raw/Garbage_Dataset_Classification/images/plastic/plastic_02396.jpg,metal_plastic,plastic,kaggle
../data/raw/Garbage_Dataset_Classification/images/plastic/plastic_00841.jpg,metal_plastic,plastic,kaggle
../data/raw/Garbage_Dataset_Classification/images/plastic/plastic_02581.jpg,metal_plastic,plastic,kaggle
../data/raw/Garbage_Dataset_Classification/images/paper/paper_02106.jpg,cardboard_paper,paper,kaggle
../data/raw/Garbage_Dataset_Classification/images/plastic/plastic_00666.jpg,metal_plastic,plastic,kaggle
../data/raw/Garbage_Dataset_Classification/images/trash/trash_00977.jpg,trash,trash,kaggle
../data/raw/Garbage_Dataset_Classification/images/cardboard/cardboard_02441.jpg,cardboard_paper,cardboard,kaggle
../data/raw/Garbage_Dataset_Classification/images/cardboard/cardboard_01956.jpg,cardboard_paper,cardboard,kaggle
../data/raw/Garbage_Dataset_Classification/images/plastic/plastic_00114.jpg,metal_plastic,plastic,kaggle
../data/raw/Garbage_Dataset_Classification/images/metal/metal_01784.jpg,metal_plastic,metal,kaggle
../data/raw/Garbage_Dataset_Classification/images/paper/paper_02997.jpg,cardboard_paper,paper,kaggle
../data/raw/Garbage_Dataset_Classification/images/paper/paper_01175.jpg,cardboard_paper,paper,kaggle
../data/raw/Garbage_Dataset_Classification/images/metal/metal_00006.jpg,metal_plastic,metal,kaggle
../data/raw/Garbage_Dataset_Classification/images/trash/trash_14601.jpg,trash,trash,kaggle
../data/raw/Garbage_Dataset_Classification/images/paper/paper_03275.jpg,cardboard_paper,paper,kaggle
../data/raw/Garbage_Dataset_Classification/images/trash/trash_04124.jpg,trash,trash,kaggle
../data/raw/Garbage_Dataset_Classification/images/glass/glass_04861.jpg,trash,glass,kaggle
../data/raw/Garbage_Dataset_Classification/images/trash/trash_18272.jpg,trash,trash,kaggle
../data/raw/Garbage_Dataset_Classification/images/cardboard/cardboard_00457.jpg,cardboard_paper,cardboard,kaggle
../data/raw/Garbage_Dataset_Classification/images/trash/trash_19528.jpg,trash,trash,kaggle
../data/raw/Garbage_Dataset_Classification/images/paper/paper_01760.jpg,cardboard_paper,paper,kaggle
../data/raw/Garbage_Dataset_Classification/images/paper/paper_01792.jpg,cardboard_paper,paper,kaggle
../data/raw/Garbage_Dataset_Classification/images/paper/paper_01359.jpg,cardboard_paper,paper,kaggle
../data/raw/Garbage_Dataset_Classification/images/trash/trash_11972.jpg,trash,trash,kaggle
../data/raw/Garbage_Dataset_Classification/images/paper/paper_02090.jpg,cardboard_paper,paper,kaggle
../data/raw/Garbage_Dataset_Classification/images/glass/glass_02809.jpg,trash,glass,kaggle
../data/raw/Garbage_Dataset_Classification/images/paper/paper_02550.jpg,cardboard_paper,paper,kaggle
../data/raw/Garbage_Dataset_Classification/images/metal/metal_01499.jpg,metal_plastic,metal,kaggle
../data/raw/Garbage_Dataset_Classification/images/trash/trash_13860.jpg,trash,trash,kaggle
../data/raw/Garbage_Dataset_Classification/images/glass/glass_01679.jpg,trash,glass,kaggle
../data/raw/Garbage_Dataset_Classification/images/glass/glass_04412.jpg,trash,glass,kaggle
../data/raw/Garbage_Dataset_Classification/images/trash/trash_02407.jpg,trash,trash,kaggle
../data/raw/Garbage_Dataset_Classification/images/glass/glass_04956.jpg,trash,glass,kaggle
../data/raw/Garbage_Dataset_Classification/images/cardboard/cardboard_01553.jpg,cardboard_paper,cardboard,kaggle
../data/raw/Garbage_Dataset_Classification/images/glass/glass_00753.jpg,trash,glass,kaggle
../data/raw/Garbage_Dataset_Classification/images/cardboard/cardboard_02258.jpg,cardboard_paper,cardboard,kaggle
../data/raw/Garbage_Dataset_Classification/images/cardboard/cardboard_00836.jpg,cardboard_paper,cardboard,kaggle
../data/raw/Garbage_Dataset_Classification/images/metal/metal_01809.jpg,metal_plastic,metal,kaggle
../data/raw/Garbage_Dataset_Classification/images/paper/paper_01696.jpg,cardboard_paper,paper,kaggle
../data/raw/Garbage_Dataset_Classification/images/trash/trash_01962.jpg,trash,trash,kaggle
../data/raw/Garbage_Dataset_Classification/images/trash/trash_19611.jpg,trash,trash,kaggle
../data/raw/Garbage_Dataset_Classification/images/trash/trash_08580.jpg,trash,trash,kaggle
../data/raw/Garbage_Dataset_Classification/images/paper/paper_02259.jpg,cardboard_paper,paper,kaggle
../data/raw/Garbage_Dataset_Classification/images/cardboard/cardboard_01487.jpg,cardboard_paper,cardboard,kaggle
../data/raw/Garbage_Dataset_Classification/images/plastic/plastic_01487.jpg,metal_plastic,plastic,kaggle
../data/raw/Garbage_Dataset_Classification/images/glass/glass_01936.jpg,trash,glass,kaggle
../data/raw/Garbage_Dataset_Classification/images/metal/metal_02153.jpg,metal_plastic,metal,kaggle
../data/raw/Garbage_Dataset_Classification/images/trash/trash_10410.jpg,trash,trash,kaggle
../data/raw/Garbage_Dataset_Classification/images/glass/glass_03756.jpg,trash,glass,kaggle
../data/raw/Garbage_Dataset_Classification/images/metal/metal_01124.jpg,metal_plastic,metal,kaggle
../data/raw/Garbage_Dataset_Classification/images/plastic/plastic_02659.jpg,metal_plastic,plastic,kaggle
../data/raw/Garbage_Dataset_Classification/images/paper/paper_00923.jpg,cardboard_paper,paper,kaggle
../data/raw/Garbage_Dataset_Classification/images/trash/trash_11921.jpg,trash,trash,kaggle
../data/raw/Garbage_Dataset_Classification/images/trash/trash_07469.jpg,trash,trash,kaggle
../data/raw/Garbage_Dataset_Classification/images/cardboard/cardboard_01806.jpg,cardboard_paper,cardboard,kaggle
../data/raw/Garbage_Dataset_Classification/images/trash/trash_07931.jpg,trash,trash,kaggle
../data/raw/Garbage_Dataset_Classification/images/paper/paper_01782.jpg,cardboard_paper,paper,kaggle
../data/raw/Garbage_Dataset_Classification/images/trash/trash_00752.jpg,trash,trash,kaggle
../data/raw/Garbage_Dataset_Classification/images/trash/trash_10597.jpg,trash,trash,kaggle
../data/raw/Garbage_Dataset_Classification/images/glass/glass_04921.jpg,trash,glass,kaggle
../data/raw/Garbage_Dataset_Classification/images/metal/metal_00991.jpg,metal_plastic,metal,kaggle
../data/raw/Garbage_Dataset_Classification/images/glass/glass_02990.jpg,trash,glass,kaggle
../data/raw/Garbage_Dataset_Classification/images/trash/trash_02092.jpg,trash,trash,kaggle
../data/raw/Garbage_Dataset_Classification/images/trash/trash_13509.jpg,trash,trash,kaggle
../data/raw/Garbage_Dataset_Classification/images/plastic/plastic_02029.jpg,metal_plastic,plastic,kaggle
../data/raw/Garbage_Dataset_Classification/images/paper/paper_02202.jpg,cardboard_paper,paper,kaggle
../data/raw/Garbage_Dataset_Classification/images/plastic/plastic_03081.jpg,metal_plastic,plastic,kaggle
../data/raw/Garbage_Dataset_Classification/images/glass/glass_03569.jpg,trash,glass,kaggle
../data/raw/Garbage_Dataset_Classification/images/glass/glass_02000.jpg,trash,glass,kaggle
../data/raw/Garbage_Dataset_Classification/images/glass/glass_02848.jpg,trash,glass,kaggle
../data/raw/Garbage_Dataset_Classification/images/glass/glass_02304.jpg,trash,glass,kaggle
../data/raw/Garbage_Dataset_Classification/images/glass/glass_00975.jpg,trash,glass,kaggle
../data/raw/Garbage_Dataset_Classification/images/glass/glass_01489.jpg,trash,glass,kaggle
../data/raw/Garbage_Dataset_Classification/images/cardboard/cardboard_02466.jpg,cardboard_paper,cardboard,kaggle
../data/raw/Garbage_Dataset_Classification/images/metal/metal_02401.jpg,metal_plastic,metal,kaggle
../data/raw/Garbage_Dataset_Classification/images/cardboard/cardboard_02958.jpg,cardboard_paper,cardboard,kaggle
../data/raw/Garbage_Dataset_Classification/images/glass/glass_04876.jpg,trash,glass,kaggle
../data/raw/Garbage_Dataset_Classification/images/metal/metal_01826.jpg,metal_plastic,metal,kaggle
../data/raw/Garbage_Dataset_Classification/images/cardboard/cardboard_02154.jpg,cardboard_paper,cardboard,kaggle
../data/raw/Garbage_Dataset_Classification/images/glass/glass_04965.jpg,trash,glass,kaggle
../data/raw/Garbage_Dataset_Classification/images/paper/paper_01321.jpg,cardboard_paper,paper,kaggle
../data/raw/Garbage_Dataset_Classification/images/trash/trash_15007.jpg,trash,trash,kaggle
../data/raw/Garbage_Dataset_Classification/images/paper/paper_00090.jpg,cardboard_paper,paper,kaggle
../data/raw/Garbage_Dataset_Classification/images/paper/paper_00199.jpg,cardboard_paper,paper,kaggle
../data/raw/Garbage_Dataset_Classification/images/paper/paper_01342.jpg,cardboard_paper,paper,kaggle
../data/raw/Garbage_Dataset_Classification/images/plastic/plastic_01549.jpg,metal_plastic,plastic,kaggle
../data/raw/Garbage_Dataset_Classification/images/plastic/plastic_01605.jpg,metal_plastic,plastic,kaggle
../data/raw/Garbage_Dataset_Classification/images/paper/paper_03286.jpg,cardboard_paper,paper,kaggle
../data/raw/Garbage_Dataset_Classification/images/glass/glass_04393.jpg,trash,glass,kaggle
../data/raw/Garbage_Dataset_Classification/images/paper/paper_00654.jpg,cardboard_paper,paper,kaggle
../data/raw/Garbage_Dataset_Classification/images/glass/glass_05226.jpg,trash,glass,kaggle
../data/raw/Garbage_Dataset_Classification/images/plastic/plastic_03243.jpg,metal_plastic,plastic,kaggle
../data/raw/Garbage_Dataset_Classification/images/glass/glass_03658.jpg,trash,glass,kaggle
../data/raw/Garbage_Dataset_Classification/images/metal/metal_01309.jpg,metal_plastic,metal,kaggle
../data/raw/Garbage_Dataset_Classification/images/metal/metal_01800.jpg,metal_plastic,metal,kaggle
../data/raw/Garbage_Dataset_Classification/images/glass/glass_02823.jpg,trash,glass,kaggle
../data/raw/Garbage_Dataset_Classification/images/plastic/plastic_01478.jpg,metal_plastic,plastic,kaggle
../data/raw/Garbage_Dataset_Classification/images/paper/paper_01941.jpg,cardboard_paper,paper,kaggle
../data/raw/Garbage_Dataset_Classification/images/cardboard/cardboard_00033.jpg,cardboard_paper,cardboard,kaggle
../data/raw/Garbage_Dataset_Classification/images/glass/glass_02986.jpg,trash,glass,kaggle
../data/raw/Garbage_Dataset_Classification/images/trash/trash_01292.jpg,trash,trash,kaggle
../data/raw/Garbage_Dataset_Classification/images/glass/glass_02880.jpg,trash,glass,kaggle
../data/raw/Garbage_Dataset_Classification/images/paper/paper_02273.jpg,cardboard_paper,paper,kaggle
../data/raw/Garbage_Dataset_Classification/images/trash/trash_11242.jpg,trash,trash,kaggle
../data/raw/Garbage_Dataset_Classification/images/metal/metal_00252.jpg,metal_plastic,metal,kaggle
../data/raw/Garbage_Dataset_Classification/images/plastic/plastic_00557.jpg,metal_plastic,plastic,kaggle
../data/raw/Garbage_Dataset_Classification/images/glass/glass_04149.jpg,trash,glass,kaggle
../data/raw/Garbage_Dataset_Classification/images/plastic/plastic_02651.jpg,metal_plastic,plastic,kaggle
../data/raw/Garbage_Dataset_Classification/images/paper/paper_01570.jpg,cardboard_paper,paper,kaggle
../data/raw/Garbage_Dataset_Classification/images/glass/glass_01532.jpg,trash,glass,kaggle
../data/raw/Garbage_Dataset_Classification/images/plastic/plastic_00399.jpg,metal_plastic,plastic,kaggle
../data/raw/Garbage_Dataset_Classification/images/trash/trash_14902.jpg,trash,trash,kaggle
../data/raw/Garbage_Dataset_Classification/images/cardboard/cardboard_02215.jpg,cardboard_paper,cardboard,kaggle
../data/raw/Garbage_Dataset_Classification/images/glass/glass_04661.jpg,trash,glass,kaggle
../data/raw/Garbage_Dataset_Classification/images/paper/paper_03167.jpg,cardboard_paper,paper,kaggle
../data/raw/Garbage_Dataset_Classification/images/paper/paper_01849.jpg,cardboard_paper,paper,kaggle
../data/raw/Garbage_Dataset_Classification/images/plastic/plastic_00686.jpg,metal_plastic,plastic,kaggle
../data/raw/Garbage_Dataset_Classification/images/glass/glass_04289.jpg,trash,glass,kaggle
../data/raw/Garbage_Dataset_Classification/images/paper/paper_01520.jpg,cardboard_paper,paper,kaggle
../data/raw/Garbage_Dataset_Classification/images/glass/glass_05530.jpg,trash,glass,kaggle
../data/raw/Garbage_Dataset_Classification/images/paper/paper_02165.jpg,cardboard_paper,paper,kaggle
../data/raw/Garbage_Dataset_Classification/images/paper/paper_00844.jpg,cardboard_paper,paper,kaggle
../data/raw/Garbage_Dataset_Classification/images/trash/trash_05141.jpg,trash,trash,kaggle
../data/raw/Garbage_Dataset_Classification/images/cardboard/cardboard_02959.jpg,cardboard_paper,cardboard,kaggle
../data/raw/Garbage_Dataset_Classification/images/trash/trash_01088.jpg,trash,trash,kaggle
../data/raw/Garbage_Dataset_Classification/images/cardboard/cardboard_03036.jpg,cardboard_paper,cardboard,kaggle
../data/raw/Garbage_Dataset_Classification/images/cardboard/cardboard_02912.jpg,cardboard_paper,cardboard,kaggle
../data/raw/Garbage_Dataset_Classification/images/plastic/plastic_00982.jpg,metal_plastic,plastic,kaggle
../data/raw/Garbage_Dataset_Classification/images/trash/trash_01521.jpg,trash,trash,kaggle
../data/raw/Garbage_Dataset_Classification/images/metal/metal_00082.jpg,metal_plastic,metal,kaggle
../data/raw/Garbage_Dataset_Classification/images/cardboard/cardboard_02778.jpg,cardboard_paper,cardboard,kaggle
../data/raw/Garbage_Dataset_Classification/images/metal/metal_01724.jpg,metal_plastic,metal,kaggle
../data/raw/Garbage_Dataset_Classification/images/trash/trash_09719.jpg,trash,trash,kaggle
../data/raw/Garbage_Dataset_Classification/images/metal/metal_00621.jpg,metal_plastic,metal,kaggle
../data/raw/Garbage_Dataset_Classification/images/trash/trash_03904.jpg,trash,trash,kaggle
../data/raw/Garbage_Dataset_Classification/images/cardboard/cardboard_02907.jpg,cardboard_paper,cardboard,kaggle
../data/raw/Garbage_Dataset_Classification/images/glass/glass_04353.jpg,trash,glass,kaggle
../data/raw/Garbage_Dataset_Classification/images/metal/metal_00168.jpg,metal_plastic,metal,kaggle
../data/raw/Garbage_Dataset_Classification/images/cardboard/cardboard_02026.jpg,cardboard_paper,cardboard,kaggle
../data/raw/Garbage_Dataset_Classification/images/trash/trash_15490.jpg,trash,trash,kaggle
../data/raw/Garbage_Dataset_Classification/images/paper/paper_02644.jpg,cardboard_paper,paper,kaggle
../data/raw/Garbage_Dataset_Classification/images/metal/metal_01495.jpg,metal_plastic,metal,kaggle
../data/raw/Garbage_Dataset_Classification/images/trash/trash_00772.jpg,trash,trash,kaggle
../data/raw/Garbage_Dataset_Classification/images/trash/trash_09858.jpg,trash,trash,kaggle
../data/raw/Garbage_Dataset_Classification/images/cardboard/cardboard_00517.jpg,cardboard_paper,cardboard,kaggle
../data/raw/Garbage_Dataset_Classification/images/metal/metal_01132.jpg,metal_plastic,metal,kaggle
../data/raw/Garbage_Dataset_Classification/images/plastic/plastic_00096.jpg,metal_plastic,plastic,kaggle
../data/raw/Garbage_Dataset_Classification/images/trash/trash_07526.jpg,trash,trash,kaggle
../data/raw/Garbage_Dataset_Classification/images/trash/trash_08263.jpg,trash,trash,kaggle
../data/raw/Garbage_Dataset_Classification/images/metal/metal_00195.jpg,metal_plastic,metal,kaggle
../data/raw/Garbage_Dataset_Classification/images/trash/trash_14897.jpg,trash,trash,kaggle
../data/raw/Garbage_Dataset_Classification/images/trash/trash_18146.jpg,trash,trash,kaggle
../data/raw/Garbage_Dataset_Classification/images/trash/trash_06757.jpg,trash,trash,kaggle
../data/raw/Garbage_Dataset_Classification/images/trash/trash_03502.jpg,trash,trash,kaggle
../data/raw/Garbage_Dataset_Classification/images/paper/paper_00850.jpg,cardboard_paper,paper,kaggle
../data/raw/Garbage_Dataset_Classification/images/trash/trash_07622.jpg,trash,trash,kaggle
../data/raw/Garbage_Dataset_Classification/images/plastic/plastic_01159.jpg,metal_plastic,plastic,kaggle
../data/raw/Garbage_Dataset_Classification/images/trash/trash_00914.jpg,trash,trash,kaggle
../data/raw/Garbage_Dataset_Classification/images/paper/paper_02036.jpg,cardboard_paper,paper,kaggle
../data/raw/Garbage_Dataset_Classification/images/paper/paper_02933.jpg,cardboard_paper,paper,kaggle
../data/raw/Garbage_Dataset_Classification/images/glass/glass_05294.jpg,trash,glass,kaggle
../data/raw/Garbage_Dataset_Classification/images/paper/paper_02983.jpg,cardboard_paper,paper,kaggle
../data/raw/Garbage_Dataset_Classification/images/plastic/plastic_02500.jpg,metal_plastic,plastic,kaggle
../data/raw/Garbage_Dataset_Classification/images/glass/glass_01842.jpg,trash,glass,kaggle
../data/raw/Garbage_Dataset_Classification/images/trash/trash_19347.jpg,trash,trash,kaggle
../data/raw/Garbage_Dataset_Classification/images/paper/paper_03117.jpg,cardboard_paper,paper,kaggle
../data/raw/Garbage_Dataset_Classification/images/plastic/plastic_01696.jpg,metal_plastic,plastic,kaggle
../data/raw/Garbage_Dataset_Classification/images/glass/glass_00746.jpg,trash,glass,kaggle
../data/raw/Garbage_Dataset_Classification/images/cardboard/cardboard_00503.jpg,cardboard_paper,cardboard,kaggle
../data/raw/Garbage_Dataset_Classification/images/paper/paper_02566.jpg,cardboard_paper,paper,kaggle
../data/raw/Garbage_Dataset_Classification/images/trash/trash_03421.jpg,trash,trash,kaggle
../data/raw/Garbage_Dataset_Classification/images/paper/paper_02858.jpg,cardboard_paper,paper,kaggle
../data/raw/Garbage_Dataset_Classification/images/metal/metal_01011.jpg,metal_plastic,metal,kaggle
../data/raw/Garbage_Dataset_Classification/images/glass/glass_02064.jpg,trash,glass,kaggle
../data/raw/Garbage_Dataset_Classification/images/trash/trash_11734.jpg,trash,trash,kaggle
../data/raw/Garbage_Dataset_Classification/images/metal/metal_01540.jpg,metal_plastic,metal,kaggle
../data/raw/Garbage_Dataset_Classification/images/plastic/plastic_01813.jpg,metal_plastic,plastic,kaggle
../data/raw/Garbage_Dataset_Classification/images/trash/trash_03638.jpg,trash,trash,kaggle
../data/raw/Garbage_Dataset_Classification/images/glass/glass_01479.jpg,trash,glass,kaggle
../data/raw/Garbage_Dataset_Classification/images/paper/paper_02753.jpg,cardboard_paper,paper,kaggle
../data/raw/Garbage_Dataset_Classification/images/plastic/plastic_01533.jpg,metal_plastic,plastic,kaggle
../data/raw/Garbage_Dataset_Classification/images/trash/trash_14219.jpg,trash,trash,kaggle
../data/raw/Garbage_Dataset_Classification/images/cardboard/cardboard_01499.jpg,cardboard_paper,cardboard,kaggle
../data/raw/Garbage_Dataset_Classification/images/metal/metal_02457.jpg,metal_plastic,metal,kaggle
../data/raw/Garbage_Dataset_Classification/images/glass/glass_00113.jpg,trash,glass,kaggle
../data/raw/Garbage_Dataset_Classification/images/metal/metal_01525.jpg,metal_plastic,metal,kaggle
../data/raw/Garbage_Dataset_Classification/images/paper/paper_02007.jpg,cardboard_paper,paper,kaggle
../data/raw/Garbage_Dataset_Classification/images/plastic/plastic_01602.jpg,metal_plastic,plastic,kaggle
../data/raw/Garbage_Dataset_Classification/images/glass/glass_03598.jpg,trash,glass,kaggle
../data/raw/Garbage_Dataset_Classification/images/paper/paper_02975.jpg,cardboard_paper,paper,kaggle
../data/raw/Garbage_Dataset_Classification/images/metal/metal_02038.jpg,metal_plastic,metal,kaggle
../data/raw/Garbage_Dataset_Classification/images/plastic/plastic_02485.jpg,metal_plastic,plastic,kaggle
../data/raw/Garbage_Dataset_Classification/images/cardboard/cardboard_02839.jpg,cardboard_paper,cardboard,kaggle
../data/raw/Garbage_Dataset_Classification/images/trash/trash_11355.jpg,trash,trash,kaggle
../data/raw/Garbage_Dataset_Classification/images/trash/trash_05596.jpg,trash,trash,kaggle
../data/raw/Garbage_Dataset_Classification/images/glass/glass_04807.jpg,trash,glass,kaggle
../data/raw/Garbage_Dataset_Classification/images/glass/glass_03606.jpg,trash,glass,kaggle
../data/raw/Garbage_Dataset_Classification/images/metal/metal_01416.jpg,metal_plastic,metal,kaggle
../data/raw/Garbage_Dataset_Classification/images/cardboard/cardboard_00618.jpg,cardboard_paper,cardboard,kaggle
../data/raw/Garbage_Dataset_Classification/images/trash/trash_15562.jpg,trash,trash,kaggle
../data/raw/Garbage_Dataset_Classification/images/metal/metal_01614.jpg,metal_plastic,metal,kaggle
../data/raw/Garbage_Dataset_Classification/images/cardboard/cardboard_00218.jpg,cardboard_paper,cardboard,kaggle
../data/raw/Garbage_Dataset_Classification/images/paper/paper_00145.jpg,cardboard_paper,paper,kaggle
../data/raw/Garbage_Dataset_Classification/images/plastic/plastic_02660.jpg,metal_plastic,plastic,kaggle
../data/raw/Garbage_Dataset_Classification/images/glass/glass_02737.jpg,trash,glass,kaggle
../data/raw/Garbage_Dataset_Classification/images/paper/paper_01957.jpg,cardboard_paper,paper,kaggle
../data/raw/Garbage_Dataset_Classification/images/trash/trash_17478.jpg,trash,trash,kaggle
../data/raw/Garbage_Dataset_Classification/images/plastic/plastic_02809.jpg,metal_plastic,plastic,kaggle
../data/raw/Garbage_Dataset_Classification/images/plastic/plastic_02355.jpg,metal_plastic,plastic,kaggle
../data/raw/Garbage_Dataset_Classification/images/paper/paper_01421.jpg,cardboard_paper,paper,kaggle
../data/raw/Garbage_Dataset_Classification/images/glass/glass_01775.jpg,trash,glass,kaggle
../data/raw/Garbage_Dataset_Classification/images/trash/trash_15486.jpg,trash,trash,kaggle
../data/raw/Garbage_Dataset_Classification/images/glass/glass_00585.jpg,trash,glass,kaggle
../data/raw/Garbage_Dataset_Classification/images/plastic/plastic_03134.jpg,metal_plastic,plastic,kaggle
../data/raw/Garbage_Dataset_Classification/images/glass/glass_01483.jpg,trash,glass,kaggle
../data/raw/Garbage_Dataset_Classification/images/glass/glass_02731.jpg,trash,glass,kaggle
../data/raw/Garbage_Dataset_Classification/images/cardboard/cardboard_00919.jpg,cardboard_paper,cardboard,kaggle
../data/raw/Garbage_Dataset_Classification/images/paper/paper_01151.jpg,cardboard_paper,paper,kaggle
../data/raw/Garbage_Dataset_Classification/images/cardboard/cardboard_02089.jpg,cardboard_paper,cardboard,kaggle
../data/raw/Garbage_Dataset_Classification/images/glass/glass_04531.jpg,trash,glass,kaggle
../data/raw/Garbage_Dataset_Classification/images/plastic/plastic_01563.jpg,metal_plastic,plastic,kaggle
../data/raw/Garbage_Dataset_Classification/images/cardboard/cardboard_02724.jpg,cardboard_paper,cardboard,kaggle
../data/raw/Garbage_Dataset_Classification/images/cardboard/cardboard_02014.jpg,cardboard_paper,cardboard,kaggle
../data/raw/Garbage_Dataset_Classification/images/cardboard/cardboard_01067.jpg,cardboard_paper,cardboard,kaggle
../data/raw/Garbage_Dataset_Classification/images/paper/paper_01947.jpg,cardboard_paper,paper,kaggle
../data/raw/Garbage_Dataset_Classification/images/glass/glass_03265.jpg,trash,glass,kaggle
../data/raw/Garbage_Dataset_Classification/images/trash/trash_10239.jpg,trash,trash,kaggle
../data/raw/Garbage_Dataset_Classification/images/glass/glass_02658.jpg,trash,glass,kaggle
../data/raw/Garbage_Dataset_Classification/images/plastic/plastic_03008.jpg,metal_plastic,plastic,kaggle
../data/raw/Garbage_Dataset_Classification/images/plastic/plastic_03166.jpg,metal_plastic,plastic,kaggle
../data/raw/Garbage_Dataset_Classification/images/trash/trash_11996.jpg,trash,trash,kaggle
../data/raw/Garbage_Dataset_Classification/images/paper/paper_02993.jpg,cardboard_paper,paper,kaggle
../data/raw/Garbage_Dataset_Classification/images/cardboard/cardboard_00798.jpg,cardboard_paper,cardboard,kaggle
../data/raw/Garbage_Dataset_Classification/images/glass/glass_03023.jpg,trash,glass,kaggle
../data/raw/Garbage_Dataset_Classification/images/metal/metal_01746.jpg,metal_plastic,metal,kaggle
../data/raw/Garbage_Dataset_Classification/images/trash/trash_05032.jpg,trash,trash,kaggle
../data/raw/Garbage_Dataset_Classification/images/paper/paper_01568.jpg,cardboard_paper,paper,kaggle
../data/raw/Garbage_Dataset_Classification/images/paper/paper_00681.jpg,cardboard_paper,paper,kaggle
../data/raw/Garbage_Dataset_Classification/images/trash/trash_10576.jpg,trash,trash,kaggle
../data/raw/Garbage_Dataset_Classification/images/cardboard/cardboard_01497.jpg,cardboard_paper,cardboard,kaggle
../data/raw/Garbage_Dataset_Classification/images/cardboard/cardboard_01513.jpg,cardboard_paper,cardboard,kaggle
../data/raw/Garbage_Dataset_Classification/images/plastic/plastic_02350.jpg,metal_plastic,plastic,kaggle
../data/raw/Garbage_Dataset_Classification/images/glass/glass_05011.jpg,trash,glass,kaggle
../data/raw/Garbage_Dataset_Classification/images/plastic/plastic_02265.jpg,metal_plastic,plastic,kaggle
../data/raw/Garbage_Dataset_Classification/images/trash/trash_07065.jpg,trash,trash,kaggle
../data/raw/Garbage_Dataset_Classification/images/cardboard/cardboard_02640.jpg,cardboard_paper,cardboard,kaggle
../data/raw/Garbage_Dataset_Classification/images/metal/metal_02081.jpg,metal_plastic,metal,kaggle
../data/raw/Garbage_Dataset_Classification/images/paper/paper_01729.jpg,cardboard_paper,paper,kaggle
../data/raw/Garbage_Dataset_Classification/images/cardboard/cardboard_00590.jpg,cardboard_paper,cardboard,kaggle
../data/raw/Garbage_Dataset_Classification/images/paper/paper_02571.jpg,cardboard_paper,paper,kaggle
../data/raw/Garbage_Dataset_Classification/images/glass/glass_02355.jpg,trash,glass,kaggle
../data/raw/Garbage_Dataset_Classification/images/cardboard/cardboard_00013.jpg,cardboard_paper,cardboard,kaggle
../data/raw/Garbage_Dataset_Classification/images/cardboard/cardboard_01765.jpg,cardboard_paper,cardboard,kaggle
../data/raw/Garbage_Dataset_Classification/images/metal/metal_00293.jpg,metal_plastic,metal,kaggle
../data/raw/Garbage_Dataset_Classification/images/metal/metal_00582.jpg,metal_plastic,metal,kaggle
../data/raw/Garbage_Dataset_Classification/images/trash/trash_11681.jpg,trash,trash,kaggle
../data/raw/Garbage_Dataset_Classification/images/cardboard/cardboard_01276.jpg,cardboard_paper,cardboard,kaggle
../data/raw/Garbage_Dataset_Classification/images/trash/trash_16631.jpg,trash,trash,kaggle
../data/raw/Garbage_Dataset_Classification/images/trash/trash_10100.jpg,trash,trash,kaggle
../data/raw/Garbage_Dataset_Classification/images/paper/paper_02999.jpg,cardboard_paper,paper,kaggle
../data/raw/Garbage_Dataset_Classification/images/plastic/plastic_02426.jpg,metal_plastic,plastic,kaggle
../data/raw/Garbage_Dataset_Classification/images/glass/glass_00290.jpg,trash,glass,kaggle
../data/raw/Garbage_Dataset_Classification/images/plastic/plastic_02323.jpg,metal_plastic,plastic,kaggle
../data/raw/Garbage_Dataset_Classification/images/plastic/plastic_02988.jpg,metal_plastic,plastic,kaggle
../data/raw/Garbage_Dataset_Classification/images/glass/glass_00592.jpg,trash,glass,kaggle
../data/raw/Garbage_Dataset_Classification/images/trash/trash_03546.jpg,trash,trash,kaggle
../data/raw/Garbage_Dataset_Classification/images/trash/trash_10180.jpg,trash,trash,kaggle
../data/raw/Garbage_Dataset_Classification/images/plastic/plastic_02842.jpg,metal_plastic,plastic,kaggle
../data/raw/Garbage_Dataset_Classification/images/glass/glass_01675.jpg,trash,glass,kaggle
../data/raw/Garbage_Dataset_Classification/images/cardboard/cardboard_02283.jpg,cardboard_paper,cardboard,kaggle
../data/raw/Garbage_Dataset_Classification/images/paper/paper_03092.jpg,cardboard_paper,paper,kaggle
../data/raw/Garbage_Dataset_Classification/images/glass/glass_00810.jpg,trash,glass,kaggle
../data/raw/Garbage_Dataset_Classification/images/paper/paper_00560.jpg,cardboard_paper,paper,kaggle
../data/raw/Garbage_Dataset_Classification/images/metal/metal_01144.jpg,metal_plastic,metal,kaggle
../data/raw/Garbage_Dataset_Classification/images/glass/glass_02830.jpg,trash,glass,kaggle
../data/raw/Garbage_Dataset_Classification/images/glass/glass_02960.jpg,trash,glass,kaggle
../data/raw/Garbage_Dataset_Classification/images/trash/trash_13307.jpg,trash,trash,kaggle
../data/raw/Garbage_Dataset_Classification/images/paper/paper_03067.jpg,cardboard_paper,paper,kaggle
../data/raw/Garbage_Dataset_Classification/images/glass/glass_04761.jpg,trash,glass,kaggle
../data/raw/Garbage_Dataset_Classification/images/glass/glass_04957.jpg,trash,glass,kaggle
../data/raw/Garbage_Dataset_Classification/images/metal/metal_01819.jpg,metal_plastic,metal,kaggle
../data/raw/Garbage_Dataset_Classification/images/trash/trash_19301.jpg,trash,trash,kaggle
../data/raw/Garbage_Dataset_Classification/images/paper/paper_01638.jpg,cardboard_paper,paper,kaggle
../data/raw/Garbage_Dataset_Classification/images/cardboard/cardboard_02348.jpg,cardboard_paper,cardboard,kaggle
../data/raw/Garbage_Dataset_Classification/images/glass/glass_01115.jpg,trash,glass,kaggle
../data/raw/Garbage_Dataset_Classification/images/plastic/plastic_01366.jpg,metal_plastic,plastic,kaggle
../data/raw/Garbage_Dataset_Classification/images/trash/trash_01737.jpg,trash,trash,kaggle
../data/raw/Garbage_Dataset_Classification/images/glass/glass_03027.jpg,trash,glass,kaggle
../data/raw/Garbage_Dataset_Classification/images/paper/paper_02328.jpg,cardboard_paper,paper,kaggle
../data/raw/Garbage_Dataset_Classification/images/plastic/plastic_02780.jpg,metal_plastic,plastic,kaggle
../data/raw/Garbage_Dataset_Classification/images/cardboard/cardboard_02699.jpg,cardboard_paper,cardboard,kaggle
../data/raw/Garbage_Dataset_Classification/images/paper/paper_02029.jpg,cardboard_paper,paper,kaggle
../data/raw/Garbage_Dataset_Classification/images/paper/paper_01961.jpg,cardboard_paper,paper,kaggle
../data/raw/Garbage_Dataset_Classification/images/plastic/plastic_02196.jpg,metal_plastic,plastic,kaggle
../data/raw/Garbage_Dataset_Classification/images/trash/trash_17372.jpg,trash,trash,kaggle
../data/raw/Garbage_Dataset_Classification/images/trash/trash_04166.jpg,trash,trash,kaggle
../data/raw/Garbage_Dataset_Classification/images/glass/glass_05162.jpg,trash,glass,kaggle
../data/raw/Garbage_Dataset_Classification/images/plastic/plastic_00901.jpg,metal_plastic,plastic,kaggle
../data/raw/Garbage_Dataset_Classification/images/paper/paper_02887.jpg,cardboard_paper,paper,kaggle
../data/raw/Garbage_Dataset_Classification/images/paper/paper_02481.jpg,cardboard_paper,paper,kaggle
../data/raw/Garbage_Dataset_Classification/images/plastic/plastic_02197.jpg,metal_plastic,plastic,kaggle
../data/raw/Garbage_Dataset_Classification/images/paper/paper_02204.jpg,cardboard_paper,paper,kaggle
../data/custom/ecoglasses/5F1C6442-723F-4235-95CB-8FEF4A680E71_1_105_c.jpeg,ecoglasses,custom_ecoglasses,custom
../data/raw/Garbage_Dataset_Classification/images/plastic/plastic_01852.jpg,metal_plastic,plastic,kaggle
../data/raw/Garbage_Dataset_Classification/images/metal/metal_01523.jpg,metal_plastic,metal,kaggle
../data/raw/Garbage_Dataset_Classification/images/paper/paper_02595.jpg,cardboard_paper,paper,kaggle
../data/raw/Garbage_Dataset_Classification/images/metal/metal_01137.jpg,metal_plastic,metal,kaggle
../data/raw/Garbage_Dataset_Classification/images/plastic/plastic_02458.jpg,metal_plastic,plastic,kaggle
../data/raw/Garbage_Dataset_Classification/images/metal/metal_02292.jpg,metal_plastic,metal,kaggle
../data/raw/Garbage_Dataset_Classification/images/paper/paper_02038.jpg,cardboard_paper,paper,kaggle
../data/raw/Garbage_Dataset_Classification/images/trash/trash_15278.jpg,trash,trash,kaggle
../data/raw/Garbage_Dataset_Classification/images/trash/trash_03307.jpg,trash,trash,kaggle
../data/raw/Garbage_Dataset_Classification/images/metal/metal_00680.jpg,metal_plastic,metal,kaggle
../data/raw/Garbage_Dataset_Classification/images/paper/paper_03150.jpg,cardboard_paper,paper,kaggle
../data/raw/Garbage_Dataset_Classification/images/metal/metal_01133.jpg,metal_plastic,metal,kaggle
../data/raw/Garbage_Dataset_Classification/images/trash/trash_13035.jpg,trash,trash,kaggle
../data/raw/Garbage_Dataset_Classification/images/plastic/plastic_01550.jpg,metal_plastic,plastic,kaggle
../data/raw/Garbage_Dataset_Classification/images/trash/trash_04183.jpg,trash,trash,kaggle
../data/raw/Garbage_Dataset_Classification/images/plastic/plastic_01511.jpg,metal_plastic,plastic,kaggle
../data/raw/Garbage_Dataset_Classification/images/plastic/plastic_01809.jpg,metal_plastic,plastic,kaggle
../data/raw/Garbage_Dataset_Classification/images/cardboard/cardboard_02571.jpg,cardboard_paper,cardboard,kaggle
../data/raw/Garbage_Dataset_Classification/images/glass/glass_01934.jpg,trash,glass,kaggle
../data/raw/Garbage_Dataset_Classification/images/cardboard/cardboard_01822.jpg,cardboard_paper,cardboard,kaggle
../data/raw/Garbage_Dataset_Classification/images/trash/trash_15995.jpg,trash,trash,kaggle
../data/raw/Garbage_Dataset_Classification/images/glass/glass_03859.jpg,trash,glass,kaggle
../data/raw/Garbage_Dataset_Classification/images/glass/glass_04291.jpg,trash,glass,kaggle
../data/raw/Garbage_Dataset_Classification/images/plastic/plastic_00566.jpg,metal_plastic,plastic,kaggle
../data/raw/Garbage_Dataset_Classification/images/trash/trash_12969.jpg,trash,trash,kaggle
../data/raw/Garbage_Dataset_Classification/images/glass/glass_03543.jpg,trash,glass,kaggle
../data/raw/Garbage_Dataset_Classification/images/cardboard/cardboard_02305.jpg,cardboard_paper,cardboard,kaggle
../data/raw/Garbage_Dataset_Classification/images/paper/paper_03139.jpg,cardboard_paper,paper,kaggle
../data/raw/Garbage_Dataset_Classification/images/paper/paper_02783.jpg,cardboard_paper,paper,kaggle
../data/raw/Garbage_Dataset_Classification/images/trash/trash_14564.jpg,trash,trash,kaggle
../data/raw/Garbage_Dataset_Classification/images/glass/glass_04502.jpg,trash,glass,kaggle
../data/raw/Garbage_Dataset_Classification/images/plastic/plastic_02263.jpg,metal_plastic,plastic,kaggle
../data/raw/Garbage_Dataset_Classification/images/metal/metal_01290.jpg,metal_plastic,metal,kaggle
../data/raw/Garbage_Dataset_Classification/images/cardboard/cardboard_01115.jpg,cardboard_paper,cardboard,kaggle
../data/raw/Garbage_Dataset_Classification/images/paper/paper_01128.jpg,cardboard_paper,paper,kaggle
../data/raw/Garbage_Dataset_Classification/images/paper/paper_01975.jpg,cardboard_paper,paper,kaggle
../data/raw/Garbage_Dataset_Classification/images/metal/metal_01216.jpg,metal_plastic,metal,kaggle
../data/raw/Garbage_Dataset_Classification/images/glass/glass_03996.jpg,trash,glass,kaggle
../data/raw/Garbage_Dataset_Classification/images/metal/metal_01125.jpg,metal_plastic,metal,kaggle
../data/raw/Garbage_Dataset_Classification/images/paper/paper_02988.jpg,cardboard_paper,paper,kaggle
../data/raw/Garbage_Dataset_Classification/images/metal/metal_02437.jpg,metal_plastic,metal,kaggle
../data/raw/Garbage_Dataset_Classification/images/plastic/plastic_02921.jpg,metal_plastic,plastic,kaggle
../data/raw/Garbage_Dataset_Classification/images/cardboard/cardboard_01563.jpg,cardboard_paper,cardboard,kaggle
../data/raw/Garbage_Dataset_Classification/images/cardboard/cardboard_01422.jpg,cardboard_paper,cardboard,kaggle
../data/raw/Garbage_Dataset_Classification/images/cardboard/cardboard_01642.jpg,cardboard_paper,cardboard,kaggle
../data/raw/Garbage_Dataset_Classification/images/metal/metal_01469.jpg,metal_plastic,metal,kaggle
../data/raw/Garbage_Dataset_Classification/images/glass/glass_02742.jpg,trash,glass,kaggle
../data/raw/Garbage_Dataset_Classification/images/paper/paper_01850.jpg,cardboard_paper,paper,kaggle
../data/raw/Garbage_Dataset_Classification/images/cardboard/cardboard_03026.jpg,cardboard_paper,cardboard,kaggle
../data/raw/Garbage_Dataset_Classification/images/glass/glass_00902.jpg,trash,glass,kaggle
../data/raw/Garbage_Dataset_Classification/images/cardboard/cardboard_02756.jpg,cardboard_paper,cardboard,kaggle
../data/raw/Garbage_Dataset_Classification/images/cardboard/cardboard_01764.jpg,cardboard_paper,cardboard,kaggle
../data/raw/Garbage_Dataset_Classification/images/cardboard/cardboard_01128.jpg,cardboard_paper,cardboard,kaggle
../data/raw/Garbage_Dataset_Classification/images/plastic/plastic_02872.jpg,metal_plastic,plastic,kaggle
../data/raw/Garbage_Dataset_Classification/images/glass/glass_04546.jpg,trash,glass,kaggle
../data/raw/Garbage_Dataset_Classification/images/trash/trash_17800.jpg,trash,trash,kaggle
../data/raw/Garbage_Dataset_Classification/images/metal/metal_02253.jpg,metal_plastic,metal,kaggle
../data/raw/Garbage_Dataset_Classification/images/cardboard/cardboard_01976.jpg,cardboard_paper,cardboard,kaggle
../data/raw/Garbage_Dataset_Classification/images/plastic/plastic_03244.jpg,metal_plastic,plastic,kaggle
../data/raw/Garbage_Dataset_Classification/images/metal/metal_01963.jpg,metal_plastic,metal,kaggle
../data/raw/Garbage_Dataset_Classification/images/cardboard/cardboard_02244.jpg,cardboard_paper,cardboard,kaggle
../data/raw/Garbage_Dataset_Classification/images/metal/metal_02261.jpg,metal_plastic,metal,kaggle
../data/raw/Garbage_Dataset_Classification/images/trash/trash_16893.jpg,trash,trash,kaggle
../data/raw/Garbage_Dataset_Classification/images/cardboard/cardboard_01140.jpg,cardboard_paper,cardboard,kaggle
../data/raw/Garbage_Dataset_Classification/images/plastic/plastic_01033.jpg,metal_plastic,plastic,kaggle
../data/raw/Garbage_Dataset_Classification/images/plastic/plastic_03287.jpg,metal_plastic,plastic,kaggle
../data/raw/Garbage_Dataset_Classification/images/paper/paper_00568.jpg,cardboard_paper,paper,kaggle
../data/raw/Garbage_Dataset_Classification/images/plastic/plastic_02527.jpg,metal_plastic,plastic,kaggle
../data/raw/Garbage_Dataset_Classification/images/paper/paper_02652.jpg,cardboard_paper,paper,kaggle
../data/raw/Garbage_Dataset_Classification/images/glass/glass_03555.jpg,trash,glass,kaggle
../data/raw/Garbage_Dataset_Classification/images/cardboard/cardboard_01655.jpg,cardboard_paper,cardboard,kaggle
../data/raw/Garbage_Dataset_Classification/images/trash/trash_06611.jpg,trash,trash,kaggle
../data/raw/Garbage_Dataset_Classification/images/glass/glass_04360.jpg,trash,glass,kaggle
../data/raw/Garbage_Dataset_Classification/images/plastic/plastic_02479.jpg,metal_plastic,plastic,kaggle
../data/raw/Garbage_Dataset_Classification/images/glass/glass_00781.jpg,trash,glass,kaggle
../data/raw/Garbage_Dataset_Classification/images/metal/metal_01167.jpg,metal_plastic,metal,kaggle
../data/raw/Garbage_Dataset_Classification/images/metal/metal_01833.jpg,metal_plastic,metal,kaggle
../data/raw/Garbage_Dataset_Classification/images/glass/glass_01924.jpg,trash,glass,kaggle
../data/raw/Garbage_Dataset_Classification/images/metal/metal_00579.jpg,metal_plastic,metal,kaggle
../data/raw/Garbage_Dataset_Classification/images/plastic/plastic_02894.jpg,metal_plastic,plastic,kaggle
../data/raw/Garbage_Dataset_Classification/images/trash/trash_15728.jpg,trash,trash,kaggle
../data/raw/Garbage_Dataset_Classification/images/plastic/plastic_01946.jpg,metal_plastic,plastic,kaggle
../data/raw/Garbage_Dataset_Classification/images/trash/trash_10932.jpg,trash,trash,kaggle
../data/raw/Garbage_Dataset_Classification/images/glass/glass_03357.jpg,trash,glass,kaggle
../data/raw/Garbage_Dataset_Classification/images/glass/glass_04487.jpg,trash,glass,kaggle
../data/raw/Garbage_Dataset_Classification/images/paper/paper_01235.jpg,cardboard_paper,paper,kaggle
../data/raw/Garbage_Dataset_Classification/images/glass/glass_00816.jpg,trash,glass,kaggle
../data/raw/Garbage_Dataset_Classification/images/glass/glass_01332.jpg,trash,glass,kaggle
../data/raw/Garbage_Dataset_Classification/images/plastic/plastic_00047.jpg,metal_plastic,plastic,kaggle
../data/raw/Garbage_Dataset_Classification/images/metal/metal_01853.jpg,metal_plastic,metal,kaggle
../data/raw/Garbage_Dataset_Classification/images/paper/paper_02402.jpg,cardboard_paper,paper,kaggle
../data/raw/Garbage_Dataset_Classification/images/paper/paper_03308.jpg,cardboard_paper,paper,kaggle
../data/raw/Garbage_Dataset_Classification/images/metal/metal_01268.jpg,metal_plastic,metal,kaggle
../data/raw/Garbage_Dataset_Classification/images/trash/trash_13063.jpg,trash,trash,kaggle
../data/raw/Garbage_Dataset_Classification/images/trash/trash_16531.jpg,trash,trash,kaggle
../data/raw/Garbage_Dataset_Classification/images/glass/glass_03151.jpg,trash,glass,kaggle
../data/raw/Garbage_Dataset_Classification/images/paper/paper_02950.jpg,cardboard_paper,paper,kaggle
../data/raw/Garbage_Dataset_Classification/images/cardboard/cardboard_02381.jpg,cardboard_paper,cardboard,kaggle
../data/raw/Garbage_Dataset_Classification/images/trash/trash_04231.jpg,trash,trash,kaggle
../data/raw/Garbage_Dataset_Classification/images/plastic/plastic_03013.jpg,metal_plastic,plastic,kaggle
../data/raw/Garbage_Dataset_Classification/images/glass/glass_02967.jpg,trash,glass,kaggle
../data/raw/Garbage_Dataset_Classification/images/glass/glass_02606.jpg,trash,glass,kaggle
../data/raw/Garbage_Dataset_Classification/images/metal/metal_02488.jpg,metal_plastic,metal,kaggle
../data/raw/Garbage_Dataset_Classification/images/cardboard/cardboard_02548.jpg,cardboard_paper,cardboard,kaggle
../data/raw/Garbage_Dataset_Classification/images/trash/trash_14190.jpg,trash,trash,kaggle
../data/raw/Garbage_Dataset_Classification/images/trash/trash_15297.jpg,trash,trash,kaggle
../data/raw/Garbage_Dataset_Classification/images/paper/paper_02949.jpg,cardboard_paper,paper,kaggle
../data/raw/Garbage_Dataset_Classification/images/paper/paper_01855.jpg,cardboard_paper,paper,kaggle
../data/raw/Garbage_Dataset_Classification/images/metal/metal_00355.jpg,metal_plastic,metal,kaggle
../data/raw/Garbage_Dataset_Classification/images/plastic/plastic_02001.jpg,metal_plastic,plastic,kaggle
../data/raw/Garbage_Dataset_Classification/images/plastic/plastic_00985.jpg,metal_plastic,plastic,kaggle
../data/raw/Garbage_Dataset_Classification/images/cardboard/cardboard_02603.jpg,cardboard_paper,cardboard,kaggle
../data/raw/Garbage_Dataset_Classification/images/trash/trash_20071.jpg,trash,trash,kaggle
../data/raw/Garbage_Dataset_Classification/images/trash/trash_06599.jpg,trash,trash,kaggle
../data/raw/Garbage_Dataset_Classification/images/metal/metal_00617.jpg,metal_plastic,metal,kaggle
../data/raw/Garbage_Dataset_Classification/images/plastic/plastic_01353.jpg,metal_plastic,plastic,kaggle
../data/raw/Garbage_Dataset_Classification/images/glass/glass_00936.jpg,trash,glass,kaggle
../data/raw/Garbage_Dataset_Classification/images/trash/trash_15519.jpg,trash,trash,kaggle
../data/raw/Garbage_Dataset_Classification/images/metal/metal_00622.jpg,metal_plastic,metal,kaggle
../data/raw/Garbage_Dataset_Classification/images/glass/glass_03538.jpg,trash,glass,kaggle
../data/raw/Garbage_Dataset_Classification/images/cardboard/cardboard_01832.jpg,cardboard_paper,cardboard,kaggle
../data/raw/Garbage_Dataset_Classification/images/cardboard/cardboard_02390.jpg,cardboard_paper,cardboard,kaggle
../data/raw/Garbage_Dataset_Classification/images/glass/glass_04764.jpg,trash,glass,kaggle
../data/raw/Garbage_Dataset_Classification/images/glass/glass_01616.jpg,trash,glass,kaggle
../data/raw/Garbage_Dataset_Classification/images/paper/paper_02044.jpg,cardboard_paper,paper,kaggle
../data/raw/Garbage_Dataset_Classification/images/cardboard/cardboard_02310.jpg,cardboard_paper,cardboard,kaggle
../data/raw/Garbage_Dataset_Classification/images/plastic/plastic_02384.jpg,metal_plastic,plastic,kaggle
../data/raw/Garbage_Dataset_Classification/images/cardboard/cardboard_01697.jpg,cardboard_paper,cardboard,kaggle
../data/raw/Garbage_Dataset_Classification/images/glass/glass_02462.jpg,trash,glass,kaggle
../data/raw/Garbage_Dataset_Classification/images/cardboard/cardboard_02633.jpg,cardboard_paper,cardboard,kaggle
../data/raw/Garbage_Dataset_Classification/images/cardboard/cardboard_01402.jpg,cardboard_paper,cardboard,kaggle
../data/raw/Garbage_Dataset_Classification/images/paper/paper_02897.jpg,cardboard_paper,paper,kaggle
../data/raw/Garbage_Dataset_Classification/images/cardboard/cardboard_01010.jpg,cardboard_paper,cardboard,kaggle
../data/raw/Garbage_Dataset_Classification/images/cardboard/cardboard_01467.jpg,cardboard_paper,cardboard,kaggle
../data/raw/Garbage_Dataset_Classification/images/paper/paper_02196.jpg,cardboard_paper,paper,kaggle
../data/raw/Garbage_Dataset_Classification/images/glass/glass_00035.jpg,trash,glass,kaggle
../data/raw/Garbage_Dataset_Classification/images/cardboard/cardboard_00211.jpg,cardboard_paper,cardboard,kaggle
../data/raw/Garbage_Dataset_Classification/images/paper/paper_02330.jpg,cardboard_paper,paper,kaggle
../data/raw/Garbage_Dataset_Classification/images/paper/paper_00130.jpg,cardboard_paper,paper,kaggle
../data/raw/Garbage_Dataset_Classification/images/metal/metal_02413.jpg,metal_plastic,metal,kaggle
../data/raw/Garbage_Dataset_Classification/images/trash/trash_19447.jpg,trash,trash,kaggle
../data/raw/Garbage_Dataset_Classification/images/glass/glass_03059.jpg,trash,glass,kaggle
../data/raw/Garbage_Dataset_Classification/images/paper/paper_02739.jpg,cardboard_paper,paper,kaggle
../data/raw/Garbage_Dataset_Classification/images/paper/paper_03265.jpg,cardboard_paper,paper,kaggle
../data/raw/Garbage_Dataset_Classification/images/cardboard/cardboard_02524.jpg,cardboard_paper,cardboard,kaggle
../data/raw/Garbage_Dataset_Classification/images/cardboard/cardboard_02384.jpg,cardboard_paper,cardboard,kaggle
../data/raw/Garbage_Dataset_Classification/images/metal/metal_00988.jpg,metal_plastic,metal,kaggle
../data/raw/Garbage_Dataset_Classification/images/glass/glass_02758.jpg,trash,glass,kaggle
../data/raw/Garbage_Dataset_Classification/images/cardboard/cardboard_02112.jpg,cardboard_paper,cardboard,kaggle
../data/raw/Garbage_Dataset_Classification/images/metal/metal_01170.jpg,metal_plastic,metal,kaggle
../data/raw/Garbage_Dataset_Classification/images/trash/trash_15115.jpg,trash,trash,kaggle
../data/raw/Garbage_Dataset_Classification/images/cardboard/cardboard_00655.jpg,cardboard_paper,cardboard,kaggle
../data/raw/Garbage_Dataset_Classification/images/cardboard/cardboard_01558.jpg,cardboard_paper,cardboard,kaggle
../data/raw/Garbage_Dataset_Classification/images/glass/glass_02227.jpg,trash,glass,kaggle
../data/raw/Garbage_Dataset_Classification/images/glass/glass_02519.jpg,trash,glass,kaggle
../data/raw/Garbage_Dataset_Classification/images/metal/metal_00495.jpg,metal_plastic,metal,kaggle
../data/raw/Garbage_Dataset_Classification/images/trash/trash_10964.jpg,trash,trash,kaggle
../data/raw/Garbage_Dataset_Classification/images/trash/trash_03906.jpg,trash,trash,kaggle
../data/raw/Garbage_Dataset_Classification/images/plastic/plastic_01632.jpg,metal_plastic,plastic,kaggle
../data/raw/Garbage_Dataset_Classification/images/metal/metal_02531.jpg,metal_plastic,metal,kaggle
../data/raw/Garbage_Dataset_Classification/images/metal/metal_00774.jpg,metal_plastic,metal,kaggle
../data/raw/Garbage_Dataset_Classification/images/glass/glass_00658.jpg,trash,glass,kaggle
../data/raw/Garbage_Dataset_Classification/images/metal/metal_02158.jpg,metal_plastic,metal,kaggle
../data/raw/Garbage_Dataset_Classification/images/metal/metal_01224.jpg,metal_plastic,metal,kaggle
../data/raw/Garbage_Dataset_Classification/images/cardboard/cardboard_01811.jpg,cardboard_paper,cardboard,kaggle
../data/raw/Garbage_Dataset_Classification/images/cardboard/cardboard_02722.jpg,cardboard_paper,cardboard,kaggle
../data/raw/Garbage_Dataset_Classification/images/glass/glass_04968.jpg,trash,glass,kaggle
../data/raw/Garbage_Dataset_Classification/images/plastic/plastic_02366.jpg,metal_plastic,plastic,kaggle
../data/raw/Garbage_Dataset_Classification/images/cardboard/cardboard_02201.jpg,cardboard_paper,cardboard,kaggle
../data/raw/Garbage_Dataset_Classification/images/metal/metal_02416.jpg,metal_plastic,metal,kaggle
../data/raw/Garbage_Dataset_Classification/images/glass/glass_03494.jpg,trash,glass,kaggle
../data/raw/Garbage_Dataset_Classification/images/paper/paper_01296.jpg,cardboard_paper,paper,kaggle
../data/raw/Garbage_Dataset_Classification/images/paper/paper_03109.jpg,cardboard_paper,paper,kaggle
../data/raw/Garbage_Dataset_Classification/images/cardboard/cardboard_02561.jpg,cardboard_paper,cardboard,kaggle
../data/raw/Garbage_Dataset_Classification/images/plastic/plastic_03150.jpg,metal_plastic,plastic,kaggle
../data/raw/Garbage_Dataset_Classification/images/cardboard/cardboard_00278.jpg,cardboard_paper,cardboard,kaggle
../data/raw/Garbage_Dataset_Classification/images/trash/trash_00217.jpg,trash,trash,kaggle
../data/raw/Garbage_Dataset_Classification/images/glass/glass_00400.jpg,trash,glass,kaggle
../data/raw/Garbage_Dataset_Classification/images/plastic/plastic_00160.jpg,metal_plastic,plastic,kaggle
../data/raw/Garbage_Dataset_Classification/images/plastic/plastic_01013.jpg,metal_plastic,plastic,kaggle
../data/raw/Garbage_Dataset_Classification/images/cardboard/cardboard_03035.jpg,cardboard_paper,cardboard,kaggle
../data/raw/Garbage_Dataset_Classification/images/cardboard/cardboard_01103.jpg,cardboard_paper,cardboard,kaggle
../data/raw/Garbage_Dataset_Classification/images/paper/paper_01353.jpg,cardboard_paper,paper,kaggle
../data/raw/Garbage_Dataset_Classification/images/glass/glass_03021.jpg,trash,glass,kaggle
../data/raw/Garbage_Dataset_Classification/images/paper/paper_02958.jpg,cardboard_paper,paper,kaggle
../data/raw/Garbage_Dataset_Classification/images/plastic/plastic_01683.jpg,metal_plastic,plastic,kaggle
../data/raw/Garbage_Dataset_Classification/images/cardboard/cardboard_01916.jpg,cardboard_paper,cardboard,kaggle
../data/raw/Garbage_Dataset_Classification/images/paper/paper_02011.jpg,cardboard_paper,paper,kaggle
../data/raw/Garbage_Dataset_Classification/images/paper/paper_02186.jpg,cardboard_paper,paper,kaggle
../data/raw/Garbage_Dataset_Classification/images/cardboard/cardboard_01192.jpg,cardboard_paper,cardboard,kaggle
../data/raw/Garbage_Dataset_Classification/images/cardboard/cardboard_02127.jpg,cardboard_paper,cardboard,kaggle
../data/raw/Garbage_Dataset_Classification/images/paper/paper_02696.jpg,cardboard_paper,paper,kaggle
../data/raw/Garbage_Dataset_Classification/images/cardboard/cardboard_01834.jpg,cardboard_paper,cardboard,kaggle
../data/raw/Garbage_Dataset_Classification/images/trash/trash_10122.jpg,trash,trash,kaggle
../data/raw/Garbage_Dataset_Classification/images/cardboard/cardboard_00018.jpg,cardboard_paper,cardboard,kaggle
../data/raw/Garbage_Dataset_Classification/images/paper/paper_01917.jpg,cardboard_paper,paper,kaggle
../data/raw/Garbage_Dataset_Classification/images/cardboard/cardboard_00452.jpg,cardboard_paper,cardboard,kaggle
../data/raw/Garbage_Dataset_Classification/images/glass/glass_02381.jpg,trash,glass,kaggle
../data/raw/Garbage_Dataset_Classification/images/glass/glass_04896.jpg,trash,glass,kaggle
../data/raw/Garbage_Dataset_Classification/images/trash/trash_15670.jpg,trash,trash,kaggle
../data/raw/Garbage_Dataset_Classification/images/plastic/plastic_01277.jpg,metal_plastic,plastic,kaggle
../data/raw/Garbage_Dataset_Classification/images/trash/trash_11625.jpg,trash,trash,kaggle
../data/raw/Garbage_Dataset_Classification/images/plastic/plastic_03120.jpg,metal_plastic,plastic,kaggle
../data/raw/Garbage_Dataset_Classification/images/trash/trash_18883.jpg,trash,trash,kaggle
../data/raw/Garbage_Dataset_Classification/images/trash/trash_15120.jpg,trash,trash,kaggle
../data/raw/Garbage_Dataset_Classification/images/glass/glass_01748.jpg,trash,glass,kaggle
../data/raw/Garbage_Dataset_Classification/images/metal/metal_01613.jpg,metal_plastic,metal,kaggle
../data/raw/Garbage_Dataset_Classification/images/paper/paper_01143.jpg,cardboard_paper,paper,kaggle
../data/raw/Garbage_Dataset_Classification/images/trash/trash_15803.jpg,trash,trash,kaggle
../data/raw/Garbage_Dataset_Classification/images/paper/paper_02627.jpg,cardboard_paper,paper,kaggle
../data/raw/Garbage_Dataset_Classification/images/paper/paper_03184.jpg,cardboard_paper,paper,kaggle
../data/raw/Garbage_Dataset_Classification/images/paper/paper_03110.jpg,cardboard_paper,paper,kaggle
../data/raw/Garbage_Dataset_Classification/images/glass/glass_00059.jpg,trash,glass,kaggle
../data/raw/Garbage_Dataset_Classification/images/trash/trash_17351.jpg,trash,trash,kaggle
../data/raw/Garbage_Dataset_Classification/images/paper/paper_02197.jpg,cardboard_paper,paper,kaggle
../data/raw/Garbage_Dataset_Classification/images/metal/metal_02232.jpg,metal_plastic,metal,kaggle
../data/raw/Garbage_Dataset_Classification/images/trash/trash_03082.jpg,trash,trash,kaggle
../data/raw/Garbage_Dataset_Classification/images/trash/trash_10007.jpg,trash,trash,kaggle
../data/raw/Garbage_Dataset_Classification/images/paper/paper_03033.jpg,cardboard_paper,paper,kaggle
../data/raw/Garbage_Dataset_Classification/images/trash/trash_03387.jpg,trash,trash,kaggle
../data/raw/Garbage_Dataset_Classification/images/cardboard/cardboard_00126.jpg,cardboard_paper,cardboard,kaggle
../data/raw/Garbage_Dataset_Classification/images/metal/metal_00704.jpg,metal_plastic,metal,kaggle
../data/raw/Garbage_Dataset_Classification/images/cardboard/cardboard_01072.jpg,cardboard_paper,cardboard,kaggle
../data/raw/Garbage_Dataset_Classification/images/plastic/plastic_01679.jpg,metal_plastic,plastic,kaggle
../data/raw/Garbage_Dataset_Classification/images/glass/glass_00414.jpg,trash,glass,kaggle
../data/raw/Garbage_Dataset_Classification/images/cardboard/cardboard_03041.jpg,cardboard_paper,cardboard,kaggle
../data/raw/Garbage_Dataset_Classification/images/trash/trash_05671.jpg,trash,trash,kaggle
../data/raw/Garbage_Dataset_Classification/images/metal/metal_02518.jpg,metal_plastic,metal,kaggle
../data/raw/Garbage_Dataset_Classification/images/plastic/plastic_00120.jpg,metal_plastic,plastic,kaggle
../data/raw/Garbage_Dataset_Classification/images/metal/metal_01487.jpg,metal_plastic,metal,kaggle
../data/raw/Garbage_Dataset_Classification/images/paper/paper_02872.jpg,cardboard_paper,paper,kaggle
../data/raw/Garbage_Dataset_Classification/images/paper/paper_00883.jpg,cardboard_paper,paper,kaggle
../data/raw/Garbage_Dataset_Classification/images/paper/paper_01427.jpg,cardboard_paper,paper,kaggle
../data/raw/Garbage_Dataset_Classification/images/trash/trash_04825.jpg,trash,trash,kaggle
../data/raw/Garbage_Dataset_Classification/images/plastic/plastic_02163.jpg,metal_plastic,plastic,kaggle
../data/raw/Garbage_Dataset_Classification/images/paper/paper_00617.jpg,cardboard_paper,paper,kaggle
../data/raw/Garbage_Dataset_Classification/images/paper/paper_03076.jpg,cardboard_paper,paper,kaggle
../data/raw/Garbage_Dataset_Classification/images/cardboard/cardboard_02002.jpg,cardboard_paper,cardboard,kaggle
../data/raw/Garbage_Dataset_Classification/images/metal/metal_00842.jpg,metal_plastic,metal,kaggle
../data/raw/Garbage_Dataset_Classification/images/cardboard/cardboard_02944.jpg,cardboard_paper,cardboard,kaggle
../data/raw/Garbage_Dataset_Classification/images/cardboard/cardboard_00820.jpg,cardboard_paper,cardboard,kaggle
../data/raw/Garbage_Dataset_Classification/images/cardboard/cardboard_02878.jpg,cardboard_paper,cardboard,kaggle
../data/raw/Garbage_Dataset_Classification/images/paper/paper_03245.jpg,cardboard_paper,paper,kaggle
../data/raw/Garbage_Dataset_Classification/images/plastic/plastic_02227.jpg,metal_plastic,plastic,kaggle
../data/raw/Garbage_Dataset_Classification/images/trash/trash_15355.jpg,trash,trash,kaggle
../data/raw/Garbage_Dataset_Classification/images/metal/metal_00852.jpg,metal_plastic,metal,kaggle
../data/raw/Garbage_Dataset_Classification/images/cardboard/cardboard_01899.jpg,cardboard_paper,cardboard,kaggle
../data/raw/Garbage_Dataset_Classification/images/paper/paper_02650.jpg,cardboard_paper,paper,kaggle
../data/raw/Garbage_Dataset_Classification/images/trash/trash_01569.jpg,trash,trash,kaggle
../data/raw/Garbage_Dataset_Classification/images/trash/trash_12851.jpg,trash,trash,kaggle
../data/raw/Garbage_Dataset_Classification/images/metal/metal_02288.jpg,metal_plastic,metal,kaggle
../data/raw/Garbage_Dataset_Classification/images/cardboard/cardboard_00786.jpg,cardboard_paper,cardboard,kaggle
../data/raw/Garbage_Dataset_Classification/images/cardboard/cardboard_00906.jpg,cardboard_paper,cardboard,kaggle
../data/raw/Garbage_Dataset_Classification/images/cardboard/cardboard_01282.jpg,cardboard_paper,cardboard,kaggle
../data/raw/Garbage_Dataset_Classification/images/paper/paper_01645.jpg,cardboard_paper,paper,kaggle
../data/raw/Garbage_Dataset_Classification/images/metal/metal_02484.jpg,metal_plastic,metal,kaggle
../data/raw/Garbage_Dataset_Classification/images/glass/glass_04455.jpg,trash,glass,kaggle
../data/raw/Garbage_Dataset_Classification/images/paper/paper_01222.jpg,cardboard_paper,paper,kaggle
../data/raw/Garbage_Dataset_Classification/images/metal/metal_01787.jpg,metal_plastic,metal,kaggle
../data/raw/Garbage_Dataset_Classification/images/metal/metal_00030.jpg,metal_plastic,metal,kaggle
../data/raw/Garbage_Dataset_Classification/images/cardboard/cardboard_02254.jpg,cardboard_paper,cardboard,kaggle
../data/raw/Garbage_Dataset_Classification/images/trash/trash_19317.jpg,trash,trash,kaggle
../data/raw/Garbage_Dataset_Classification/images/plastic/plastic_00238.jpg,metal_plastic,plastic,kaggle
../data/raw/Garbage_Dataset_Classification/images/cardboard/cardboard_01224.jpg,cardboard_paper,cardboard,kaggle
../data/raw/Garbage_Dataset_Classification/images/cardboard/cardboard_02457.jpg,cardboard_paper,cardboard,kaggle
../data/raw/Garbage_Dataset_Classification/images/glass/glass_02174.jpg,trash,glass,kaggle
../data/raw/Garbage_Dataset_Classification/images/cardboard/cardboard_00201.jpg,cardboard_paper,cardboard,kaggle
../data/raw/Garbage_Dataset_Classification/images/plastic/plastic_02282.jpg,metal_plastic,plastic,kaggle
../data/custom/ecoglasses/EE95C3D3-E294-48F9-B84C-81B965FD667A_1_105_c.jpeg,ecoglasses,custom_ecoglasses,custom
../data/raw/Garbage_Dataset_Classification/images/plastic/plastic_02718.jpg,metal_plastic,plastic,kaggle
../data/raw/Garbage_Dataset_Classification/images/plastic/plastic_01640.jpg,metal_plastic,plastic,kaggle
../data/raw/Garbage_Dataset_Classification/images/metal/metal_01347.jpg,metal_plastic,metal,kaggle
../data/raw/Garbage_Dataset_Classification/images/plastic/plastic_02967.jpg,metal_plastic,plastic,kaggle
../data/raw/Garbage_Dataset_Classification/images/glass/glass_03233.jpg,trash,glass,kaggle
../data/raw/Garbage_Dataset_Classification/images/paper/paper_01989.jpg,cardboard_paper,paper,kaggle
../data/raw/Garbage_Dataset_Classification/images/plastic/plastic_01889.jpg,metal_plastic,plastic,kaggle
../data/raw/Garbage_Dataset_Classification/images/metal/metal_02032.jpg,metal_plastic,metal,kaggle
../data/raw/Garbage_Dataset_Classification/images/glass/glass_05365.jpg,trash,glass,kaggle
../data/raw/Garbage_Dataset_Classification/images/paper/paper_03213.jpg,cardboard_paper,paper,kaggle
../data/raw/Garbage_Dataset_Classification/images/metal/metal_02489.jpg,metal_plastic,metal,kaggle
../data/raw/Garbage_Dataset_Classification/images/cardboard/cardboard_00287.jpg,cardboard_paper,cardboard,kaggle
../data/raw/Garbage_Dataset_Classification/images/trash/trash_14869.jpg,trash,trash,kaggle
../data/raw/Garbage_Dataset_Classification/images/plastic/plastic_02461.jpg,metal_plastic,plastic,kaggle
../data/raw/Garbage_Dataset_Classification/images/cardboard/cardboard_02833.jpg,cardboard_paper,cardboard,kaggle
../data/raw/Garbage_Dataset_Classification/images/glass/glass_03015.jpg,trash,glass,kaggle
../data/raw/Garbage_Dataset_Classification/images/metal/metal_02333.jpg,metal_plastic,metal,kaggle
../data/raw/Garbage_Dataset_Classification/images/glass/glass_05507.jpg,trash,glass,kaggle
../data/raw/Garbage_Dataset_Classification/images/cardboard/cardboard_00020.jpg,cardboard_paper,cardboard,kaggle
../data/raw/Garbage_Dataset_Classification/images/trash/trash_14321.jpg,trash,trash,kaggle
../data/raw/Garbage_Dataset_Classification/images/paper/paper_03250.jpg,cardboard_paper,paper,kaggle
../data/raw/Garbage_Dataset_Classification/images/glass/glass_00011.jpg,trash,glass,kaggle
../data/raw/Garbage_Dataset_Classification/images/paper/paper_00218.jpg,cardboard_paper,paper,kaggle
../data/raw/Garbage_Dataset_Classification/images/plastic/plastic_02632.jpg,metal_plastic,plastic,kaggle
../data/raw/Garbage_Dataset_Classification/images/glass/glass_03596.jpg,trash,glass,kaggle
../data/raw/Garbage_Dataset_Classification/images/paper/paper_02754.jpg,cardboard_paper,paper,kaggle
../data/raw/Garbage_Dataset_Classification/images/metal/metal_01854.jpg,metal_plastic,metal,kaggle
../data/raw/Garbage_Dataset_Classification/images/paper/paper_02884.jpg,cardboard_paper,paper,kaggle
../data/raw/Garbage_Dataset_Classification/images/metal/metal_01098.jpg,metal_plastic,metal,kaggle
../data/raw/Garbage_Dataset_Classification/images/paper/paper_00330.jpg,cardboard_paper,paper,kaggle
../data/raw/Garbage_Dataset_Classification/images/trash/trash_15171.jpg,trash,trash,kaggle
../data/raw/Garbage_Dataset_Classification/images/metal/metal_02293.jpg,metal_plastic,metal,kaggle
../data/raw/Garbage_Dataset_Classification/images/trash/trash_04058.jpg,trash,trash,kaggle
../data/raw/Garbage_Dataset_Classification/images/glass/glass_01527.jpg,trash,glass,kaggle
../data/raw/Garbage_Dataset_Classification/images/paper/paper_00992.jpg,cardboard_paper,paper,kaggle
../data/raw/Garbage_Dataset_Classification/images/trash/trash_01692.jpg,trash,trash,kaggle
../data/raw/Garbage_Dataset_Classification/images/glass/glass_02271.jpg,trash,glass,kaggle
../data/raw/Garbage_Dataset_Classification/images/plastic/plastic_02121.jpg,metal_plastic,plastic,kaggle
../data/raw/Garbage_Dataset_Classification/images/glass/glass_03089.jpg,trash,glass,kaggle
../data/raw/Garbage_Dataset_Classification/images/plastic/plastic_02087.jpg,metal_plastic,plastic,kaggle
../data/raw/Garbage_Dataset_Classification/images/glass/glass_02539.jpg,trash,glass,kaggle
../data/raw/Garbage_Dataset_Classification/images/cardboard/cardboard_02880.jpg,cardboard_paper,cardboard,kaggle
../data/raw/Garbage_Dataset_Classification/images/plastic/plastic_01604.jpg,metal_plastic,plastic,kaggle
../data/raw/Garbage_Dataset_Classification/images/cardboard/cardboard_00150.jpg,cardboard_paper,cardboard,kaggle
../data/raw/Garbage_Dataset_Classification/images/cardboard/cardboard_00729.jpg,cardboard_paper,cardboard,kaggle
../data/raw/Garbage_Dataset_Classification/images/plastic/plastic_02796.jpg,metal_plastic,plastic,kaggle
../data/raw/Garbage_Dataset_Classification/images/cardboard/cardboard_02124.jpg,cardboard_paper,cardboard,kaggle
../data/raw/Garbage_Dataset_Classification/images/plastic/plastic_01953.jpg,metal_plastic,plastic,kaggle
../data/raw/Garbage_Dataset_Classification/images/plastic/plastic_01024.jpg,metal_plastic,plastic,kaggle
../data/raw/Garbage_Dataset_Classification/images/paper/paper_01704.jpg,cardboard_paper,paper,kaggle
../data/raw/Garbage_Dataset_Classification/images/plastic/plastic_01573.jpg,metal_plastic,plastic,kaggle
../data/raw/Garbage_Dataset_Classification/images/metal/metal_01977.jpg,metal_plastic,metal,kaggle
../data/raw/Garbage_Dataset_Classification/images/plastic/plastic_02040.jpg,metal_plastic,plastic,kaggle
../data/raw/Garbage_Dataset_Classification/images/metal/metal_02361.jpg,metal_plastic,metal,kaggle
../data/raw/Garbage_Dataset_Classification/images/trash/trash_19229.jpg,trash,trash,kaggle
../data/raw/Garbage_Dataset_Classification/images/cardboard/cardboard_01985.jpg,cardboard_paper,cardboard,kaggle
../data/raw/Garbage_Dataset_Classification/images/metal/metal_01344.jpg,metal_plastic,metal,kaggle
../data/raw/Garbage_Dataset_Classification/images/paper/paper_00202.jpg,cardboard_paper,paper,kaggle
../data/raw/Garbage_Dataset_Classification/images/cardboard/cardboard_01995.jpg,cardboard_paper,cardboard,kaggle
../data/raw/Garbage_Dataset_Classification/images/cardboard/cardboard_02694.jpg,cardboard_paper,cardboard,kaggle
../data/raw/Garbage_Dataset_Classification/images/cardboard/cardboard_02628.jpg,cardboard_paper,cardboard,kaggle
../data/raw/Garbage_Dataset_Classification/images/metal/metal_00444.jpg,metal_plastic,metal,kaggle
../data/raw/Garbage_Dataset_Classification/images/trash/trash_07777.jpg,trash,trash,kaggle
../data/raw/Garbage_Dataset_Classification/images/metal/metal_00836.jpg,metal_plastic,metal,kaggle
../data/raw/Garbage_Dataset_Classification/images/cardboard/cardboard_00689.jpg,cardboard_paper,cardboard,kaggle
../data/raw/Garbage_Dataset_Classification/images/glass/glass_03349.jpg,trash,glass,kaggle
../data/raw/Garbage_Dataset_Classification/images/glass/glass_02992.jpg,trash,glass,kaggle
../data/raw/Garbage_Dataset_Classification/images/paper/paper_01631.jpg,cardboard_paper,paper,kaggle
../data/raw/Garbage_Dataset_Classification/images/plastic/plastic_02881.jpg,metal_plastic,plastic,kaggle
../data/raw/Garbage_Dataset_Classification/images/paper/paper_02935.jpg,cardboard_paper,paper,kaggle
../data/raw/Garbage_Dataset_Classification/images/cardboard/cardboard_02302.jpg,cardboard_paper,cardboard,kaggle
../data/raw/Garbage_Dataset_Classification/images/metal/metal_01310.jpg,metal_plastic,metal,kaggle
../data/raw/Garbage_Dataset_Classification/images/trash/trash_02948.jpg,trash,trash,kaggle
../data/raw/Garbage_Dataset_Classification/images/paper/paper_02781.jpg,cardboard_paper,paper,kaggle
../data/raw/Garbage_Dataset_Classification/images/metal/metal_02072.jpg,metal_plastic,metal,kaggle
../data/raw/Garbage_Dataset_Classification/images/glass/glass_05309.jpg,trash,glass,kaggle
../data/raw/Garbage_Dataset_Classification/images/trash/trash_14260.jpg,trash,trash,kaggle
../data/raw/Garbage_Dataset_Classification/images/trash/trash_14762.jpg,trash,trash,kaggle
../data/raw/Garbage_Dataset_Classification/images/metal/metal_01153.jpg,metal_plastic,metal,kaggle
../data/raw/Garbage_Dataset_Classification/images/plastic/plastic_02146.jpg,metal_plastic,plastic,kaggle
../data/raw/Garbage_Dataset_Classification/images/paper/paper_00888.jpg,cardboard_paper,paper,kaggle
../data/raw/Garbage_Dataset_Classification/images/metal/metal_02494.jpg,metal_plastic,metal,kaggle
../data/raw/Garbage_Dataset_Classification/images/trash/trash_00769.jpg,trash,trash,kaggle
../data/raw/Garbage_Dataset_Classification/images/glass/glass_01633.jpg,trash,glass,kaggle
../data/raw/Garbage_Dataset_Classification/images/metal/metal_01630.jpg,metal_plastic,metal,kaggle
../data/raw/Garbage_Dataset_Classification/images/paper/paper_01991.jpg,cardboard_paper,paper,kaggle
../data/raw/Garbage_Dataset_Classification/images/trash/trash_11751.jpg,trash,trash,kaggle
../data/raw/Garbage_Dataset_Classification/images/glass/glass_02865.jpg,trash,glass,kaggle
../data/raw/Garbage_Dataset_Classification/images/plastic/plastic_01506.jpg,metal_plastic,plastic,kaggle
../data/raw/Garbage_Dataset_Classification/images/trash/trash_15747.jpg,trash,trash,kaggle
../data/raw/Garbage_Dataset_Classification/images/paper/paper_01763.jpg,cardboard_paper,paper,kaggle
../data/raw/Garbage_Dataset_Classification/images/trash/trash_10643.jpg,trash,trash,kaggle
../data/raw/Garbage_Dataset_Classification/images/paper/paper_01172.jpg,cardboard_paper,paper,kaggle
../data/raw/Garbage_Dataset_Classification/images/paper/paper_02426.jpg,cardboard_paper,paper,kaggle
../data/raw/Garbage_Dataset_Classification/images/plastic/plastic_03094.jpg,metal_plastic,plastic,kaggle
../data/raw/Garbage_Dataset_Classification/images/glass/glass_01843.jpg,trash,glass,kaggle
../data/raw/Garbage_Dataset_Classification/images/cardboard/cardboard_01942.jpg,cardboard_paper,cardboard,kaggle
../data/raw/Garbage_Dataset_Classification/images/plastic/plastic_02172.jpg,metal_plastic,plastic,kaggle
../data/raw/Garbage_Dataset_Classification/images/cardboard/cardboard_02785.jpg,cardboard_paper,cardboard,kaggle
../data/raw/Garbage_Dataset_Classification/images/trash/trash_08449.jpg,trash,trash,kaggle
../data/custom/ecoglasses/9C55E1CF-AB83-45F0-A1B8-8D30240B009C_1_105_c.jpeg,ecoglasses,custom_ecoglasses,custom
../data/raw/Garbage_Dataset_Classification/images/plastic/plastic_02569.jpg,metal_plastic,plastic,kaggle
../data/raw/Garbage_Dataset_Classification/images/trash/trash_06015.jpg,trash,trash,kaggle
../data/raw/Garbage_Dataset_Classification/images/cardboard/cardboard_01382.jpg,cardboard_paper,cardboard,kaggle
../data/raw/Garbage_Dataset_Classification/images/paper/paper_02513.jpg,cardboard_paper,paper,kaggle
../data/raw/Garbage_Dataset_Classification/images/glass/glass_05170.jpg,trash,glass,kaggle
../data/raw/Garbage_Dataset_Classification/images/glass/glass_01341.jpg,trash,glass,kaggle
../data/raw/Garbage_Dataset_Classification/images/paper/paper_00105.jpg,cardboard_paper,paper,kaggle
../data/raw/Garbage_Dataset_Classification/images/metal/metal_02703.jpg,metal_plastic,metal,kaggle
../data/custom/ecoglasses/BF6CBD9F-0E8F-433F-BF0F-3CCC189D6AD8_1_105_c.jpeg,ecoglasses,custom_ecoglasses,custom
../data/raw/Garbage_Dataset_Classification/images/glass/glass_02492.jpg,trash,glass,kaggle
../data/raw/Garbage_Dataset_Classification/images/metal/metal_01135.jpg,metal_plastic,metal,kaggle
../data/raw/Garbage_Dataset_Classification/images/plastic/plastic_02956.jpg,metal_plastic,plastic,kaggle
../data/raw/Garbage_Dataset_Classification/images/trash/trash_15789.jpg,trash,trash,kaggle
../data/raw/Garbage_Dataset_Classification/images/trash/trash_13692.jpg,trash,trash,kaggle
../data/raw/Garbage_Dataset_Classification/images/glass/glass_01486.jpg,trash,glass,kaggle
../data/raw/Garbage_Dataset_Classification/images/glass/glass_04542.jpg,trash,glass,kaggle
../data/raw/Garbage_Dataset_Classification/images/plastic/plastic_02658.jpg,metal_plastic,plastic,kaggle
../data/raw/Garbage_Dataset_Classification/images/glass/glass_01096.jpg,trash,glass,kaggle
../data/raw/Garbage_Dataset_Classification/images/metal/metal_01971.jpg,metal_plastic,metal,kaggle
../data/raw/Garbage_Dataset_Classification/images/plastic/plastic_00089.jpg,metal_plastic,plastic,kaggle
../data/raw/Garbage_Dataset_Classification/images/trash/trash_09501.jpg,trash,trash,kaggle
../data/raw/Garbage_Dataset_Classification/images/glass/glass_00934.jpg,trash,glass,kaggle
../data/raw/Garbage_Dataset_Classification/images/metal/metal_02530.jpg,metal_plastic,metal,kaggle
../data/raw/Garbage_Dataset_Classification/images/glass/glass_03062.jpg,trash,glass,kaggle
../data/raw/Garbage_Dataset_Classification/images/metal/metal_01999.jpg,metal_plastic,metal,kaggle
../data/raw/Garbage_Dataset_Classification/images/paper/paper_02358.jpg,cardboard_paper,paper,kaggle
../data/raw/Garbage_Dataset_Classification/images/paper/paper_03272.jpg,cardboard_paper,paper,kaggle
../data/raw/Garbage_Dataset_Classification/images/paper/paper_02889.jpg,cardboard_paper,paper,kaggle
../data/raw/Garbage_Dataset_Classification/images/glass/glass_02305.jpg,trash,glass,kaggle
../data/raw/Garbage_Dataset_Classification/images/glass/glass_01746.jpg,trash,glass,kaggle
../data/raw/Garbage_Dataset_Classification/images/trash/trash_19634.jpg,trash,trash,kaggle
../data/raw/Garbage_Dataset_Classification/images/paper/paper_02028.jpg,cardboard_paper,paper,kaggle
../data/raw/Garbage_Dataset_Classification/images/plastic/plastic_03167.jpg,metal_plastic,plastic,kaggle
../data/raw/Garbage_Dataset_Classification/images/paper/paper_01183.jpg,cardboard_paper,paper,kaggle
../data/raw/Garbage_Dataset_Classification/images/trash/trash_09173.jpg,trash,trash,kaggle
../data/raw/Garbage_Dataset_Classification/images/paper/paper_02359.jpg,cardboard_paper,paper,kaggle
../data/raw/Garbage_Dataset_Classification/images/metal/metal_01892.jpg,metal_plastic,metal,kaggle
../data/raw/Garbage_Dataset_Classification/images/metal/metal_01208.jpg,metal_plastic,metal,kaggle
../data/raw/Garbage_Dataset_Classification/images/plastic/plastic_01486.jpg,metal_plastic,plastic,kaggle
../data/raw/Garbage_Dataset_Classification/images/paper/paper_01375.jpg,cardboard_paper,paper,kaggle
../data/raw/Garbage_Dataset_Classification/images/metal/metal_02152.jpg,metal_plastic,metal,kaggle
../data/raw/Garbage_Dataset_Classification/images/plastic/plastic_01949.jpg,metal_plastic,plastic,kaggle
../data/raw/Garbage_Dataset_Classification/images/trash/trash_17378.jpg,trash,trash,kaggle
../data/raw/Garbage_Dataset_Classification/images/paper/paper_01560.jpg,cardboard_paper,paper,kaggle
../data/raw/Garbage_Dataset_Classification/images/glass/glass_03878.jpg,trash,glass,kaggle
../data/raw/Garbage_Dataset_Classification/images/paper/paper_03248.jpg,cardboard_paper,paper,kaggle
../data/raw/Garbage_Dataset_Classification/images/paper/paper_02927.jpg,cardboard_paper,paper,kaggle
../data/raw/Garbage_Dataset_Classification/images/paper/paper_02646.jpg,cardboard_paper,paper,kaggle
../data/raw/Garbage_Dataset_Classification/images/trash/trash_01116.jpg,trash,trash,kaggle
../data/raw/Garbage_Dataset_Classification/images/metal/metal_01690.jpg,metal_plastic,metal,kaggle
../data/raw/Garbage_Dataset_Classification/images/trash/trash_12399.jpg,trash,trash,kaggle
../data/raw/Garbage_Dataset_Classification/images/trash/trash_15372.jpg,trash,trash,kaggle
../data/raw/Garbage_Dataset_Classification/images/cardboard/cardboard_01327.jpg,cardboard_paper,cardboard,kaggle
../data/raw/Garbage_Dataset_Classification/images/trash/trash_17121.jpg,trash,trash,kaggle
../data/raw/Garbage_Dataset_Classification/images/metal/metal_01950.jpg,metal_plastic,metal,kaggle
../data/raw/Garbage_Dataset_Classification/images/metal/metal_01392.jpg,metal_plastic,metal,kaggle
../data/raw/Garbage_Dataset_Classification/images/plastic/plastic_01907.jpg,metal_plastic,plastic,kaggle
../data/raw/Garbage_Dataset_Classification/images/paper/paper_00849.jpg,cardboard_paper,paper,kaggle
../data/raw/Garbage_Dataset_Classification/images/trash/trash_07513.jpg,trash,trash,kaggle
../data/raw/Garbage_Dataset_Classification/images/paper/paper_02094.jpg,cardboard_paper,paper,kaggle
../data/raw/Garbage_Dataset_Classification/images/trash/trash_07470.jpg,trash,trash,kaggle
../data/raw/Garbage_Dataset_Classification/images/trash/trash_13050.jpg,trash,trash,kaggle
../data/raw/Garbage_Dataset_Classification/images/trash/trash_00601.jpg,trash,trash,kaggle
../data/raw/Garbage_Dataset_Classification/images/trash/trash_05562.jpg,trash,trash,kaggle
../data/raw/Garbage_Dataset_Classification/images/metal/metal_00642.jpg,metal_plastic,metal,kaggle
../data/raw/Garbage_Dataset_Classification/images/cardboard/cardboard_01344.jpg,cardboard_paper,cardboard,kaggle
../data/raw/Garbage_Dataset_Classification/images/plastic/plastic_02966.jpg,metal_plastic,plastic,kaggle
../data/raw/Garbage_Dataset_Classification/images/paper/paper_02372.jpg,cardboard_paper,paper,kaggle
../data/raw/Garbage_Dataset_Classification/images/metal/metal_01223.jpg,metal_plastic,metal,kaggle
../data/raw/Garbage_Dataset_Classification/images/glass/glass_04430.jpg,trash,glass,kaggle
../data/raw/Garbage_Dataset_Classification/images/metal/metal_01902.jpg,metal_plastic,metal,kaggle
../data/raw/Garbage_Dataset_Classification/images/plastic/plastic_02832.jpg,metal_plastic,plastic,kaggle
../data/raw/Garbage_Dataset_Classification/images/trash/trash_17452.jpg,trash,trash,kaggle
../data/raw/Garbage_Dataset_Classification/images/paper/paper_01848.jpg,cardboard_paper,paper,kaggle
../data/raw/Garbage_Dataset_Classification/images/trash/trash_11404.jpg,trash,trash,kaggle
../data/raw/Garbage_Dataset_Classification/images/metal/metal_02584.jpg,metal_plastic,metal,kaggle
../data/raw/Garbage_Dataset_Classification/images/paper/paper_01545.jpg,cardboard_paper,paper,kaggle
../data/raw/Garbage_Dataset_Classification/images/paper/paper_03036.jpg,cardboard_paper,paper,kaggle
../data/raw/Garbage_Dataset_Classification/images/trash/trash_15836.jpg,trash,trash,kaggle
../data/raw/Garbage_Dataset_Classification/images/cardboard/cardboard_01153.jpg,cardboard_paper,cardboard,kaggle
../data/raw/Garbage_Dataset_Classification/images/metal/metal_01550.jpg,metal_plastic,metal,kaggle
../data/raw/Garbage_Dataset_Classification/images/paper/paper_01290.jpg,cardboard_paper,paper,kaggle
../data/raw/Garbage_Dataset_Classification/images/metal/metal_00338.jpg,metal_plastic,metal,kaggle
../data/raw/Garbage_Dataset_Classification/images/plastic/plastic_02802.jpg,metal_plastic,plastic,kaggle
../data/raw/Garbage_Dataset_Classification/images/trash/trash_01055.jpg,trash,trash,kaggle
../data/raw/Garbage_Dataset_Classification/images/cardboard/cardboard_01405.jpg,cardboard_paper,cardboard,kaggle
../data/raw/Garbage_Dataset_Classification/images/glass/glass_00631.jpg,trash,glass,kaggle
../data/raw/Garbage_Dataset_Classification/images/plastic/plastic_02145.jpg,metal_plastic,plastic,kaggle
../data/raw/Garbage_Dataset_Classification/images/metal/metal_00158.jpg,metal_plastic,metal,kaggle
../data/raw/Garbage_Dataset_Classification/images/trash/trash_06262.jpg,trash,trash,kaggle
../data/raw/Garbage_Dataset_Classification/images/plastic/plastic_01086.jpg,metal_plastic,plastic,kaggle
../data/raw/Garbage_Dataset_Classification/images/glass/glass_05233.jpg,trash,glass,kaggle
../data/raw/Garbage_Dataset_Classification/images/trash/trash_06702.jpg,trash,trash,kaggle
../data/raw/Garbage_Dataset_Classification/images/cardboard/cardboard_01587.jpg,cardboard_paper,cardboard,kaggle
../data/raw/Garbage_Dataset_Classification/images/trash/trash_01999.jpg,trash,trash,kaggle
../data/raw/Garbage_Dataset_Classification/images/trash/trash_19400.jpg,trash,trash,kaggle
../data/raw/Garbage_Dataset_Classification/images/plastic/plastic_03322.jpg,metal_plastic,plastic,kaggle
../data/raw/Garbage_Dataset_Classification/images/plastic/plastic_01645.jpg,metal_plastic,plastic,kaggle
../data/raw/Garbage_Dataset_Classification/images/cardboard/cardboard_02933.jpg,cardboard_paper,cardboard,kaggle
../data/raw/Garbage_Dataset_Classification/images/trash/trash_02567.jpg,trash,trash,kaggle
../data/raw/Garbage_Dataset_Classification/images/plastic/plastic_02462.jpg,metal_plastic,plastic,kaggle
../data/raw/Garbage_Dataset_Classification/images/cardboard/cardboard_02297.jpg,cardboard_paper,cardboard,kaggle
../data/raw/Garbage_Dataset_Classification/images/paper/paper_02879.jpg,cardboard_paper,paper,kaggle
../data/raw/Garbage_Dataset_Classification/images/paper/paper_01994.jpg,cardboard_paper,paper,kaggle
../data/raw/Garbage_Dataset_Classification/images/plastic/plastic_01823.jpg,metal_plastic,plastic,kaggle
../data/raw/Garbage_Dataset_Classification/images/trash/trash_03619.jpg,trash,trash,kaggle
../data/raw/Garbage_Dataset_Classification/images/plastic/plastic_02815.jpg,metal_plastic,plastic,kaggle
../data/raw/Garbage_Dataset_Classification/images/paper/paper_00532.jpg,cardboard_paper,paper,kaggle
../data/raw/Garbage_Dataset_Classification/images/paper/paper_02918.jpg,cardboard_paper,paper,kaggle
../data/raw/Garbage_Dataset_Classification/images/cardboard/cardboard_00406.jpg,cardboard_paper,cardboard,kaggle
../data/raw/Garbage_Dataset_Classification/images/paper/paper_00227.jpg,cardboard_paper,paper,kaggle
../data/raw/Garbage_Dataset_Classification/images/metal/metal_02280.jpg,metal_plastic,metal,kaggle
../data/raw/Garbage_Dataset_Classification/images/metal/metal_01521.jpg,metal_plastic,metal,kaggle
../data/raw/Garbage_Dataset_Classification/images/metal/metal_01266.jpg,metal_plastic,metal,kaggle
../data/raw/Garbage_Dataset_Classification/images/glass/glass_05517.jpg,trash,glass,kaggle
../data/raw/Garbage_Dataset_Classification/images/paper/paper_00778.jpg,cardboard_paper,paper,kaggle
../data/raw/Garbage_Dataset_Classification/images/cardboard/cardboard_02443.jpg,cardboard_paper,cardboard,kaggle
../data/raw/Garbage_Dataset_Classification/images/plastic/plastic_01141.jpg,metal_plastic,plastic,kaggle
../data/raw/Garbage_Dataset_Classification/images/paper/paper_01784.jpg,cardboard_paper,paper,kaggle
../data/raw/Garbage_Dataset_Classification/images/plastic/plastic_01404.jpg,metal_plastic,plastic,kaggle
../data/raw/Garbage_Dataset_Classification/images/cardboard/cardboard_02809.jpg,cardboard_paper,cardboard,kaggle
../data/raw/Garbage_Dataset_Classification/images/glass/glass_03727.jpg,trash,glass,kaggle
../data/raw/Garbage_Dataset_Classification/images/trash/trash_13120.jpg,trash,trash,kaggle
../data/raw/Garbage_Dataset_Classification/images/metal/metal_00847.jpg,metal_plastic,metal,kaggle
../data/raw/Garbage_Dataset_Classification/images/trash/trash_13571.jpg,trash,trash,kaggle
../data/raw/Garbage_Dataset_Classification/images/trash/trash_20008.jpg,trash,trash,kaggle
../data/raw/Garbage_Dataset_Classification/images/glass/glass_01538.jpg,trash,glass,kaggle
../data/raw/Garbage_Dataset_Classification/images/metal/metal_01150.jpg,metal_plastic,metal,kaggle
../data/raw/Garbage_Dataset_Classification/images/paper/paper_00666.jpg,cardboard_paper,paper,kaggle
../data/raw/Garbage_Dataset_Classification/images/glass/glass_03457.jpg,trash,glass,kaggle
../data/raw/Garbage_Dataset_Classification/images/trash/trash_05579.jpg,trash,trash,kaggle
../data/raw/Garbage_Dataset_Classification/images/cardboard/cardboard_02017.jpg,cardboard_paper,cardboard,kaggle
../data/raw/Garbage_Dataset_Classification/images/trash/trash_03186.jpg,trash,trash,kaggle
../data/raw/Garbage_Dataset_Classification/images/metal/metal_02135.jpg,metal_plastic,metal,kaggle
../data/raw/Garbage_Dataset_Classification/images/cardboard/cardboard_01275.jpg,cardboard_paper,cardboard,kaggle
../data/raw/Garbage_Dataset_Classification/images/trash/trash_19873.jpg,trash,trash,kaggle
../data/raw/Garbage_Dataset_Classification/images/cardboard/cardboard_00007.jpg,cardboard_paper,cardboard,kaggle
../data/raw/Garbage_Dataset_Classification/images/trash/trash_14210.jpg,trash,trash,kaggle
../data/raw/Garbage_Dataset_Classification/images/trash/trash_14419.jpg,trash,trash,kaggle
../data/raw/Garbage_Dataset_Classification/images/metal/metal_00512.jpg,metal_plastic,metal,kaggle
../data/raw/Garbage_Dataset_Classification/images/paper/paper_02051.jpg,cardboard_paper,paper,kaggle
../data/raw/Garbage_Dataset_Classification/images/glass/glass_00529.jpg,trash,glass,kaggle
../data/raw/Garbage_Dataset_Classification/images/cardboard/cardboard_02347.jpg,cardboard_paper,cardboard,kaggle
../data/raw/Garbage_Dataset_Classification/images/plastic/plastic_02857.jpg,metal_plastic,plastic,kaggle
../data/raw/Garbage_Dataset_Classification/images/plastic/plastic_03309.jpg,metal_plastic,plastic,kaggle
../data/raw/Garbage_Dataset_Classification/images/plastic/plastic_01962.jpg,metal_plastic,plastic,kaggle
../data/raw/Garbage_Dataset_Classification/images/paper/paper_00769.jpg,cardboard_paper,paper,kaggle
../data/raw/Garbage_Dataset_Classification/images/plastic/plastic_02636.jpg,metal_plastic,plastic,kaggle
../data/raw/Garbage_Dataset_Classification/images/plastic/plastic_03045.jpg,metal_plastic,plastic,kaggle
../data/raw/Garbage_Dataset_Classification/images/paper/paper_02586.jpg,cardboard_paper,paper,kaggle
../data/raw/Garbage_Dataset_Classification/images/plastic/plastic_00991.jpg,metal_plastic,plastic,kaggle
../data/raw/Garbage_Dataset_Classification/images/glass/glass_02628.jpg,trash,glass,kaggle
../data/raw/Garbage_Dataset_Classification/images/cardboard/cardboard_01646.jpg,cardboard_paper,cardboard,kaggle
../data/raw/Garbage_Dataset_Classification/images/paper/paper_00264.jpg,cardboard_paper,paper,kaggle
../data/raw/Garbage_Dataset_Classification/images/glass/glass_02837.jpg,trash,glass,kaggle
../data/raw/Garbage_Dataset_Classification/images/metal/metal_01417.jpg,metal_plastic,metal,kaggle
../data/raw/Garbage_Dataset_Classification/images/metal/metal_01769.jpg,metal_plastic,metal,kaggle
../data/raw/Garbage_Dataset_Classification/images/plastic/plastic_03025.jpg,metal_plastic,plastic,kaggle
../data/raw/Garbage_Dataset_Classification/images/trash/trash_18639.jpg,trash,trash,kaggle
../data/raw/Garbage_Dataset_Classification/images/trash/trash_17294.jpg,trash,trash,kaggle
../data/raw/Garbage_Dataset_Classification/images/glass/glass_04396.jpg,trash,glass,kaggle
../data/raw/Garbage_Dataset_Classification/images/plastic/plastic_01982.jpg,metal_plastic,plastic,kaggle
../data/raw/Garbage_Dataset_Classification/images/glass/glass_03833.jpg,trash,glass,kaggle
../data/raw/Garbage_Dataset_Classification/images/metal/metal_00332.jpg,metal_plastic,metal,kaggle
../data/raw/Garbage_Dataset_Classification/images/glass/glass_04743.jpg,trash,glass,kaggle
../data/raw/Garbage_Dataset_Classification/images/cardboard/cardboard_02168.jpg,cardboard_paper,cardboard,kaggle
../data/raw/Garbage_Dataset_Classification/images/paper/paper_02289.jpg,cardboard_paper,paper,kaggle
../data/raw/Garbage_Dataset_Classification/images/glass/glass_02344.jpg,trash,glass,kaggle
../data/raw/Garbage_Dataset_Classification/images/glass/glass_02991.jpg,trash,glass,kaggle
../data/raw/Garbage_Dataset_Classification/images/plastic/plastic_00761.jpg,metal_plastic,plastic,kaggle
../data/raw/Garbage_Dataset_Classification/images/paper/paper_00916.jpg,cardboard_paper,paper,kaggle
../data/raw/Garbage_Dataset_Classification/images/glass/glass_01013.jpg,trash,glass,kaggle
../data/raw/Garbage_Dataset_Classification/images/glass/glass_03522.jpg,trash,glass,kaggle
../data/raw/Garbage_Dataset_Classification/images/paper/paper_00045.jpg,cardboard_paper,paper,kaggle
../data/raw/Garbage_Dataset_Classification/images/plastic/plastic_00869.jpg,metal_plastic,plastic,kaggle
../data/raw/Garbage_Dataset_Classification/images/metal/metal_02087.jpg,metal_plastic,metal,kaggle
../data/raw/Garbage_Dataset_Classification/images/glass/glass_05278.jpg,trash,glass,kaggle
../data/raw/Garbage_Dataset_Classification/images/cardboard/cardboard_02492.jpg,cardboard_paper,cardboard,kaggle
../data/raw/Garbage_Dataset_Classification/images/trash/trash_06629.jpg,trash,trash,kaggle
../data/raw/Garbage_Dataset_Classification/images/cardboard/cardboard_02317.jpg,cardboard_paper,cardboard,kaggle
../data/raw/Garbage_Dataset_Classification/images/metal/metal_00782.jpg,metal_plastic,metal,kaggle
../data/raw/Garbage_Dataset_Classification/images/metal/metal_01845.jpg,metal_plastic,metal,kaggle
../data/raw/Garbage_Dataset_Classification/images/trash/trash_15462.jpg,trash,trash,kaggle
../data/raw/Garbage_Dataset_Classification/images/plastic/plastic_02091.jpg,metal_plastic,plastic,kaggle
../data/raw/Garbage_Dataset_Classification/images/cardboard/cardboard_02161.jpg,cardboard_paper,cardboard,kaggle
../data/raw/Garbage_Dataset_Classification/images/cardboard/cardboard_01894.jpg,cardboard_paper,cardboard,kaggle
../data/raw/Garbage_Dataset_Classification/images/plastic/plastic_01206.jpg,metal_plastic,plastic,kaggle
../data/raw/Garbage_Dataset_Classification/images/metal/metal_00930.jpg,metal_plastic,metal,kaggle
../data/raw/Garbage_Dataset_Classification/images/glass/glass_04243.jpg,trash,glass,kaggle
../data/raw/Garbage_Dataset_Classification/images/paper/paper_02292.jpg,cardboard_paper,paper,kaggle
../data/raw/Garbage_Dataset_Classification/images/glass/glass_01963.jpg,trash,glass,kaggle
../data/raw/Garbage_Dataset_Classification/images/plastic/plastic_02308.jpg,metal_plastic,plastic,kaggle
../data/raw/Garbage_Dataset_Classification/images/trash/trash_10043.jpg,trash,trash,kaggle
../data/raw/Garbage_Dataset_Classification/images/paper/paper_02479.jpg,cardboard_paper,paper,kaggle
../data/raw/Garbage_Dataset_Classification/images/plastic/plastic_02877.jpg,metal_plastic,plastic,kaggle
../data/raw/Garbage_Dataset_Classification/images/cardboard/cardboard_02582.jpg,cardboard_paper,cardboard,kaggle
../data/raw/Garbage_Dataset_Classification/images/plastic/plastic_01440.jpg,metal_plastic,plastic,kaggle
../data/raw/Garbage_Dataset_Classification/images/paper/paper_01099.jpg,cardboard_paper,paper,kaggle
../data/raw/Garbage_Dataset_Classification/images/plastic/plastic_00596.jpg,metal_plastic,plastic,kaggle
../data/raw/Garbage_Dataset_Classification/images/cardboard/cardboard_02222.jpg,cardboard_paper,cardboard,kaggle
../data/raw/Garbage_Dataset_Classification/images/trash/trash_06434.jpg,trash,trash,kaggle
../data/raw/Garbage_Dataset_Classification/images/paper/paper_01853.jpg,cardboard_paper,paper,kaggle
../data/raw/Garbage_Dataset_Classification/images/trash/trash_14417.jpg,trash,trash,kaggle
../data/raw/Garbage_Dataset_Classification/images/cardboard/cardboard_02658.jpg,cardboard_paper,cardboard,kaggle
../data/raw/Garbage_Dataset_Classification/images/cardboard/cardboard_03089.jpg,cardboard_paper,cardboard,kaggle
../data/raw/Garbage_Dataset_Classification/images/trash/trash_01791.jpg,trash,trash,kaggle
../data/raw/Garbage_Dataset_Classification/images/glass/glass_04419.jpg,trash,glass,kaggle
../data/raw/Garbage_Dataset_Classification/images/trash/trash_18522.jpg,trash,trash,kaggle
../data/raw/Garbage_Dataset_Classification/images/paper/paper_02626.jpg,cardboard_paper,paper,kaggle
../data/raw/Garbage_Dataset_Classification/images/glass/glass_01110.jpg,trash,glass,kaggle
../data/raw/Garbage_Dataset_Classification/images/metal/metal_00643.jpg,metal_plastic,metal,kaggle
../data/raw/Garbage_Dataset_Classification/images/trash/trash_14669.jpg,trash,trash,kaggle
../data/raw/Garbage_Dataset_Classification/images/plastic/plastic_02724.jpg,metal_plastic,plastic,kaggle
../data/raw/Garbage_Dataset_Classification/images/cardboard/cardboard_02969.jpg,cardboard_paper,cardboard,kaggle
../data/raw/Garbage_Dataset_Classification/images/plastic/plastic_02131.jpg,metal_plastic,plastic,kaggle
../data/raw/Garbage_Dataset_Classification/images/paper/paper_02668.jpg,cardboard_paper,paper,kaggle
../data/raw/Garbage_Dataset_Classification/images/glass/glass_02662.jpg,trash,glass,kaggle
../data/raw/Garbage_Dataset_Classification/images/metal/metal_02490.jpg,metal_plastic,metal,kaggle
../data/raw/Garbage_Dataset_Classification/images/metal/metal_02051.jpg,metal_plastic,metal,kaggle
../data/raw/Garbage_Dataset_Classification/images/trash/trash_08494.jpg,trash,trash,kaggle
../data/raw/Garbage_Dataset_Classification/images/cardboard/cardboard_00610.jpg,cardboard_paper,cardboard,kaggle
../data/raw/Garbage_Dataset_Classification/images/plastic/plastic_01399.jpg,metal_plastic,plastic,kaggle
../data/raw/Garbage_Dataset_Classification/images/trash/trash_12968.jpg,trash,trash,kaggle
../data/raw/Garbage_Dataset_Classification/images/glass/glass_04047.jpg,trash,glass,kaggle
../data/raw/Garbage_Dataset_Classification/images/paper/paper_02670.jpg,cardboard_paper,paper,kaggle
../data/raw/Garbage_Dataset_Classification/images/metal/metal_01981.jpg,metal_plastic,metal,kaggle
../data/raw/Garbage_Dataset_Classification/images/cardboard/cardboard_00091.jpg,cardboard_paper,cardboard,kaggle
../data/raw/Garbage_Dataset_Classification/images/paper/paper_01104.jpg,cardboard_paper,paper,kaggle
../data/raw/Garbage_Dataset_Classification/images/paper/paper_03319.jpg,cardboard_paper,paper,kaggle
../data/raw/Garbage_Dataset_Classification/images/glass/glass_05451.jpg,trash,glass,kaggle
../data/raw/Garbage_Dataset_Classification/images/plastic/plastic_01356.jpg,metal_plastic,plastic,kaggle
../data/raw/Garbage_Dataset_Classification/images/trash/trash_05974.jpg,trash,trash,kaggle
../data/raw/Garbage_Dataset_Classification/images/cardboard/cardboard_02242.jpg,cardboard_paper,cardboard,kaggle
../data/raw/Garbage_Dataset_Classification/images/metal/metal_00753.jpg,metal_plastic,metal,kaggle
../data/raw/Garbage_Dataset_Classification/images/glass/glass_04259.jpg,trash,glass,kaggle
../data/raw/Garbage_Dataset_Classification/images/paper/paper_03113.jpg,cardboard_paper,paper,kaggle
../data/raw/Garbage_Dataset_Classification/images/plastic/plastic_01085.jpg,metal_plastic,plastic,kaggle
../data/raw/Garbage_Dataset_Classification/images/cardboard/cardboard_02843.jpg,cardboard_paper,cardboard,kaggle
../data/raw/Garbage_Dataset_Classification/images/cardboard/cardboard_02145.jpg,cardboard_paper,cardboard,kaggle
../data/raw/Garbage_Dataset_Classification/images/glass/glass_02007.jpg,trash,glass,kaggle
../data/raw/Garbage_Dataset_Classification/images/plastic/plastic_03153.jpg,metal_plastic,plastic,kaggle
../data/raw/Garbage_Dataset_Classification/images/paper/paper_00628.jpg,cardboard_paper,paper,kaggle
../data/raw/Garbage_Dataset_Classification/images/plastic/plastic_02858.jpg,metal_plastic,plastic,kaggle
../data/raw/Garbage_Dataset_Classification/images/plastic/plastic_02380.jpg,metal_plastic,plastic,kaggle
../data/raw/Garbage_Dataset_Classification/images/trash/trash_14447.jpg,trash,trash,kaggle
../data/raw/Garbage_Dataset_Classification/images/metal/metal_02708.jpg,metal_plastic,metal,kaggle
../data/raw/Garbage_Dataset_Classification/images/paper/paper_00230.jpg,cardboard_paper,paper,kaggle
../data/raw/Garbage_Dataset_Classification/images/glass/glass_03743.jpg,trash,glass,kaggle
../data/raw/Garbage_Dataset_Classification/images/glass/glass_03029.jpg,trash,glass,kaggle
../data/raw/Garbage_Dataset_Classification/images/metal/metal_01776.jpg,metal_plastic,metal,kaggle
../data/raw/Garbage_Dataset_Classification/images/paper/paper_01291.jpg,cardboard_paper,paper,kaggle
../data/raw/Garbage_Dataset_Classification/images/metal/metal_00941.jpg,metal_plastic,metal,kaggle
../data/raw/Garbage_Dataset_Classification/images/cardboard/cardboard_01814.jpg,cardboard_paper,cardboard,kaggle
../data/raw/Garbage_Dataset_Classification/images/trash/trash_15140.jpg,trash,trash,kaggle
../data/raw/Garbage_Dataset_Classification/images/metal/metal_01302.jpg,metal_plastic,metal,kaggle
../data/raw/Garbage_Dataset_Classification/images/plastic/plastic_02245.jpg,metal_plastic,plastic,kaggle
../data/raw/Garbage_Dataset_Classification/images/glass/glass_04520.jpg,trash,glass,kaggle
../data/raw/Garbage_Dataset_Classification/images/trash/trash_17258.jpg,trash,trash,kaggle
../data/raw/Garbage_Dataset_Classification/images/plastic/plastic_02584.jpg,metal_plastic,plastic,kaggle
../data/raw/Garbage_Dataset_Classification/images/plastic/plastic_01419.jpg,metal_plastic,plastic,kaggle
../data/raw/Garbage_Dataset_Classification/images/cardboard/cardboard_01455.jpg,cardboard_paper,cardboard,kaggle
../data/raw/Garbage_Dataset_Classification/images/plastic/plastic_00534.jpg,metal_plastic,plastic,kaggle
../data/raw/Garbage_Dataset_Classification/images/plastic/plastic_02673.jpg,metal_plastic,plastic,kaggle
../data/raw/Garbage_Dataset_Classification/images/plastic/plastic_02346.jpg,metal_plastic,plastic,kaggle
../data/raw/Garbage_Dataset_Classification/images/paper/paper_02238.jpg,cardboard_paper,paper,kaggle
../data/raw/Garbage_Dataset_Classification/images/cardboard/cardboard_02802.jpg,cardboard_paper,cardboard,kaggle
../data/raw/Garbage_Dataset_Classification/images/trash/trash_08176.jpg,trash,trash,kaggle
../data/raw/Garbage_Dataset_Classification/images/trash/trash_19453.jpg,trash,trash,kaggle
../data/raw/Garbage_Dataset_Classification/images/cardboard/cardboard_02255.jpg,cardboard_paper,cardboard,kaggle
../data/raw/Garbage_Dataset_Classification/images/glass/glass_03747.jpg,trash,glass,kaggle
../data/raw/Garbage_Dataset_Classification/images/cardboard/cardboard_02710.jpg,cardboard_paper,cardboard,kaggle
../data/raw/Garbage_Dataset_Classification/images/paper/paper_01077.jpg,cardboard_paper,paper,kaggle
../data/raw/Garbage_Dataset_Classification/images/plastic/plastic_01677.jpg,metal_plastic,plastic,kaggle
../data/raw/Garbage_Dataset_Classification/images/plastic/plastic_02504.jpg,metal_plastic,plastic,kaggle
../data/raw/Garbage_Dataset_Classification/images/plastic/plastic_02202.jpg,metal_plastic,plastic,kaggle
../data/raw/Garbage_Dataset_Classification/images/glass/glass_03198.jpg,trash,glass,kaggle
../data/raw/Garbage_Dataset_Classification/images/glass/glass_01445.jpg,trash,glass,kaggle
../data/raw/Garbage_Dataset_Classification/images/cardboard/cardboard_02489.jpg,cardboard_paper,cardboard,kaggle
../data/raw/Garbage_Dataset_Classification/images/metal/metal_02139.jpg,metal_plastic,metal,kaggle
../data/raw/Garbage_Dataset_Classification/images/glass/glass_05328.jpg,trash,glass,kaggle
../data/raw/Garbage_Dataset_Classification/images/paper/paper_00871.jpg,cardboard_paper,paper,kaggle
../data/raw/Garbage_Dataset_Classification/images/cardboard/cardboard_00232.jpg,cardboard_paper,cardboard,kaggle
../data/raw/Garbage_Dataset_Classification/images/plastic/plastic_02604.jpg,metal_plastic,plastic,kaggle
../data/raw/Garbage_Dataset_Classification/images/paper/paper_01717.jpg,cardboard_paper,paper,kaggle
../data/raw/Garbage_Dataset_Classification/images/paper/paper_02839.jpg,cardboard_paper,paper,kaggle
../data/raw/Garbage_Dataset_Classification/images/metal/metal_01225.jpg,metal_plastic,metal,kaggle
../data/raw/Garbage_Dataset_Classification/images/trash/trash_02704.jpg,trash,trash,kaggle
../data/raw/Garbage_Dataset_Classification/images/trash/trash_02071.jpg,trash,trash,kaggle
../data/raw/Garbage_Dataset_Classification/images/plastic/plastic_00069.jpg,metal_plastic,plastic,kaggle
../data/raw/Garbage_Dataset_Classification/images/glass/glass_05469.jpg,trash,glass,kaggle
../data/raw/Garbage_Dataset_Classification/images/trash/trash_13366.jpg,trash,trash,kaggle
../data/raw/Garbage_Dataset_Classification/images/paper/paper_02312.jpg,cardboard_paper,paper,kaggle
../data/raw/Garbage_Dataset_Classification/images/plastic/plastic_01261.jpg,metal_plastic,plastic,kaggle
../data/raw/Garbage_Dataset_Classification/images/cardboard/cardboard_02228.jpg,cardboard_paper,cardboard,kaggle
../data/raw/Garbage_Dataset_Classification/images/glass/glass_02362.jpg,trash,glass,kaggle
../data/raw/Garbage_Dataset_Classification/images/metal/metal_01404.jpg,metal_plastic,metal,kaggle
../data/raw/Garbage_Dataset_Classification/images/glass/glass_00149.jpg,trash,glass,kaggle
../data/raw/Garbage_Dataset_Classification/images/trash/trash_18650.jpg,trash,trash,kaggle
../data/raw/Garbage_Dataset_Classification/images/trash/trash_18203.jpg,trash,trash,kaggle
../data/raw/Garbage_Dataset_Classification/images/glass/glass_03311.jpg,trash,glass,kaggle
../data/raw/Garbage_Dataset_Classification/images/trash/trash_04611.jpg,trash,trash,kaggle
../data/raw/Garbage_Dataset_Classification/images/glass/glass_04301.jpg,trash,glass,kaggle
../data/raw/Garbage_Dataset_Classification/images/trash/trash_14756.jpg,trash,trash,kaggle
../data/raw/Garbage_Dataset_Classification/images/cardboard/cardboard_02856.jpg,cardboard_paper,cardboard,kaggle
../data/raw/Garbage_Dataset_Classification/images/metal/metal_00023.jpg,metal_plastic,metal,kaggle
../data/raw/Garbage_Dataset_Classification/images/trash/trash_15937.jpg,trash,trash,kaggle
../data/raw/Garbage_Dataset_Classification/images/paper/paper_02398.jpg,cardboard_paper,paper,kaggle
../data/raw/Garbage_Dataset_Classification/images/metal/metal_01330.jpg,metal_plastic,metal,kaggle
../data/raw/Garbage_Dataset_Classification/images/paper/paper_01977.jpg,cardboard_paper,paper,kaggle
../data/raw/Garbage_Dataset_Classification/images/trash/trash_19283.jpg,trash,trash,kaggle
../data/raw/Garbage_Dataset_Classification/images/paper/paper_00651.jpg,cardboard_paper,paper,kaggle
../data/raw/Garbage_Dataset_Classification/images/plastic/plastic_01629.jpg,metal_plastic,plastic,kaggle
../data/raw/Garbage_Dataset_Classification/images/plastic/plastic_02920.jpg,metal_plastic,plastic,kaggle
../data/raw/Garbage_Dataset_Classification/images/cardboard/cardboard_03019.jpg,cardboard_paper,cardboard,kaggle
../data/raw/Garbage_Dataset_Classification/images/trash/trash_01079.jpg,trash,trash,kaggle
../data/raw/Garbage_Dataset_Classification/images/glass/glass_03964.jpg,trash,glass,kaggle
../data/raw/Garbage_Dataset_Classification/images/paper/paper_02392.jpg,cardboard_paper,paper,kaggle
../data/raw/Garbage_Dataset_Classification/images/paper/paper_02248.jpg,cardboard_paper,paper,kaggle
../data/raw/Garbage_Dataset_Classification/images/cardboard/cardboard_01731.jpg,cardboard_paper,cardboard,kaggle
../data/raw/Garbage_Dataset_Classification/images/paper/paper_00430.jpg,cardboard_paper,paper,kaggle
../data/raw/Garbage_Dataset_Classification/images/glass/glass_01228.jpg,trash,glass,kaggle
../data/raw/Garbage_Dataset_Classification/images/glass/glass_05096.jpg,trash,glass,kaggle
../data/raw/Garbage_Dataset_Classification/images/paper/paper_02141.jpg,cardboard_paper,paper,kaggle
../data/raw/Garbage_Dataset_Classification/images/glass/glass_00276.jpg,trash,glass,kaggle
../data/raw/Garbage_Dataset_Classification/images/glass/glass_01253.jpg,trash,glass,kaggle
../data/raw/Garbage_Dataset_Classification/images/plastic/plastic_02133.jpg,metal_plastic,plastic,kaggle
../data/raw/Garbage_Dataset_Classification/images/trash/trash_02772.jpg,trash,trash,kaggle
../data/raw/Garbage_Dataset_Classification/images/glass/glass_05430.jpg,trash,glass,kaggle
../data/raw/Garbage_Dataset_Classification/images/cardboard/cardboard_01988.jpg,cardboard_paper,cardboard,kaggle
../data/raw/Garbage_Dataset_Classification/images/paper/paper_00347.jpg,cardboard_paper,paper,kaggle
../data/raw/Garbage_Dataset_Classification/images/metal/metal_02506.jpg,metal_plastic,metal,kaggle
../data/raw/Garbage_Dataset_Classification/images/metal/metal_00428.jpg,metal_plastic,metal,kaggle
../data/raw/Garbage_Dataset_Classification/images/paper/paper_02751.jpg,cardboard_paper,paper,kaggle
../data/raw/Garbage_Dataset_Classification/images/paper/paper_01429.jpg,cardboard_paper,paper,kaggle
../data/raw/Garbage_Dataset_Classification/images/glass/glass_02180.jpg,trash,glass,kaggle
../data/raw/Garbage_Dataset_Classification/images/metal/metal_01458.jpg,metal_plastic,metal,kaggle
../data/raw/Garbage_Dataset_Classification/images/cardboard/cardboard_01748.jpg,cardboard_paper,cardboard,kaggle
../data/raw/Garbage_Dataset_Classification/images/cardboard/cardboard_02226.jpg,cardboard_paper,cardboard,kaggle
../data/raw/Garbage_Dataset_Classification/images/glass/glass_00366.jpg,trash,glass,kaggle
../data/raw/Garbage_Dataset_Classification/images/glass/glass_03665.jpg,trash,glass,kaggle
../data/raw/Garbage_Dataset_Classification/images/trash/trash_11646.jpg,trash,trash,kaggle
../data/raw/Garbage_Dataset_Classification/images/trash/trash_03611.jpg,trash,trash,kaggle
../data/raw/Garbage_Dataset_Classification/images/plastic/plastic_00986.jpg,metal_plastic,plastic,kaggle
../data/raw/Garbage_Dataset_Classification/images/cardboard/cardboard_02336.jpg,cardboard_paper,cardboard,kaggle
../data/raw/Garbage_Dataset_Classification/images/metal/metal_01107.jpg,metal_plastic,metal,kaggle
../data/raw/Garbage_Dataset_Classification/images/metal/metal_02659.jpg,metal_plastic,metal,kaggle
../data/raw/Garbage_Dataset_Classification/images/metal/metal_01114.jpg,metal_plastic,metal,kaggle
../data/raw/Garbage_Dataset_Classification/images/paper/paper_02378.jpg,cardboard_paper,paper,kaggle
../data/raw/Garbage_Dataset_Classification/images/paper/paper_00873.jpg,cardboard_paper,paper,kaggle
../data/raw/Garbage_Dataset_Classification/images/plastic/plastic_02571.jpg,metal_plastic,plastic,kaggle
../data/raw/Garbage_Dataset_Classification/images/glass/glass_00066.jpg,trash,glass,kaggle
../data/raw/Garbage_Dataset_Classification/images/metal/metal_02448.jpg,metal_plastic,metal,kaggle
../data/raw/Garbage_Dataset_Classification/images/metal/metal_02133.jpg,metal_plastic,metal,kaggle
../data/raw/Garbage_Dataset_Classification/images/glass/glass_02682.jpg,trash,glass,kaggle
../data/raw/Garbage_Dataset_Classification/images/cardboard/cardboard_00852.jpg,cardboard_paper,cardboard,kaggle
../data/raw/Garbage_Dataset_Classification/images/trash/trash_11375.jpg,trash,trash,kaggle
../data/raw/Garbage_Dataset_Classification/images/plastic/plastic_01960.jpg,metal_plastic,plastic,kaggle
../data/raw/Garbage_Dataset_Classification/images/plastic/plastic_01110.jpg,metal_plastic,plastic,kaggle
../data/raw/Garbage_Dataset_Classification/images/metal/metal_01476.jpg,metal_plastic,metal,kaggle
../data/raw/Garbage_Dataset_Classification/images/glass/glass_02748.jpg,trash,glass,kaggle
../data/raw/Garbage_Dataset_Classification/images/plastic/plastic_02399.jpg,metal_plastic,plastic,kaggle
../data/raw/Garbage_Dataset_Classification/images/plastic/plastic_00984.jpg,metal_plastic,plastic,kaggle
../data/raw/Garbage_Dataset_Classification/images/glass/glass_01383.jpg,trash,glass,kaggle
../data/raw/Garbage_Dataset_Classification/images/paper/paper_03103.jpg,cardboard_paper,paper,kaggle
../data/raw/Garbage_Dataset_Classification/images/cardboard/cardboard_02009.jpg,cardboard_paper,cardboard,kaggle
../data/raw/Garbage_Dataset_Classification/images/metal/metal_01820.jpg,metal_plastic,metal,kaggle
../data/raw/Garbage_Dataset_Classification/images/paper/paper_01171.jpg,cardboard_paper,paper,kaggle
../data/raw/Garbage_Dataset_Classification/images/metal/metal_02258.jpg,metal_plastic,metal,kaggle
../data/raw/Garbage_Dataset_Classification/images/glass/glass_02999.jpg,trash,glass,kaggle
../data/raw/Garbage_Dataset_Classification/images/metal/metal_01387.jpg,metal_plastic,metal,kaggle
../data/raw/Garbage_Dataset_Classification/images/metal/metal_01947.jpg,metal_plastic,metal,kaggle
../data/raw/Garbage_Dataset_Classification/images/paper/paper_01474.jpg,cardboard_paper,paper,kaggle
../data/raw/Garbage_Dataset_Classification/images/glass/glass_02698.jpg,trash,glass,kaggle
../data/raw/Garbage_Dataset_Classification/images/paper/paper_01909.jpg,cardboard_paper,paper,kaggle
../data/raw/Garbage_Dataset_Classification/images/paper/paper_00259.jpg,cardboard_paper,paper,kaggle
../data/raw/Garbage_Dataset_Classification/images/trash/trash_00953.jpg,trash,trash,kaggle
../data/raw/Garbage_Dataset_Classification/images/metal/metal_00026.jpg,metal_plastic,metal,kaggle
../data/raw/Garbage_Dataset_Classification/images/plastic/plastic_00497.jpg,metal_plastic,plastic,kaggle
../data/raw/Garbage_Dataset_Classification/images/plastic/plastic_00314.jpg,metal_plastic,plastic,kaggle
../data/raw/Garbage_Dataset_Classification/images/trash/trash_11100.jpg,trash,trash,kaggle
../data/raw/Garbage_Dataset_Classification/images/plastic/plastic_01994.jpg,metal_plastic,plastic,kaggle
../data/raw/Garbage_Dataset_Classification/images/glass/glass_00076.jpg,trash,glass,kaggle
../data/raw/Garbage_Dataset_Classification/images/cardboard/cardboard_03088.jpg,cardboard_paper,cardboard,kaggle
../data/raw/Garbage_Dataset_Classification/images/trash/trash_14527.jpg,trash,trash,kaggle
../data/raw/Garbage_Dataset_Classification/images/trash/trash_06429.jpg,trash,trash,kaggle
../data/raw/Garbage_Dataset_Classification/images/metal/metal_01562.jpg,metal_plastic,metal,kaggle
../data/raw/Garbage_Dataset_Classification/images/trash/trash_17016.jpg,trash,trash,kaggle
../data/raw/Garbage_Dataset_Classification/images/metal/metal_02379.jpg,metal_plastic,metal,kaggle
../data/raw/Garbage_Dataset_Classification/images/trash/trash_13356.jpg,trash,trash,kaggle
../data/raw/Garbage_Dataset_Classification/images/trash/trash_17291.jpg,trash,trash,kaggle
../data/raw/Garbage_Dataset_Classification/images/glass/glass_01420.jpg,trash,glass,kaggle
../data/raw/Garbage_Dataset_Classification/images/paper/paper_02592.jpg,cardboard_paper,paper,kaggle
../data/raw/Garbage_Dataset_Classification/images/cardboard/cardboard_02362.jpg,cardboard_paper,cardboard,kaggle
../data/raw/Garbage_Dataset_Classification/images/paper/paper_00166.jpg,cardboard_paper,paper,kaggle
../data/raw/Garbage_Dataset_Classification/images/glass/glass_00378.jpg,trash,glass,kaggle
../data/raw/Garbage_Dataset_Classification/images/metal/metal_01629.jpg,metal_plastic,metal,kaggle
../data/raw/Garbage_Dataset_Classification/images/paper/paper_01973.jpg,cardboard_paper,paper,kaggle
../data/raw/Garbage_Dataset_Classification/images/paper/paper_01284.jpg,cardboard_paper,paper,kaggle
../data/raw/Garbage_Dataset_Classification/images/metal/metal_01318.jpg,metal_plastic,metal,kaggle
../data/raw/Garbage_Dataset_Classification/images/paper/paper_02296.jpg,cardboard_paper,paper,kaggle
../data/raw/Garbage_Dataset_Classification/images/glass/glass_00932.jpg,trash,glass,kaggle
../data/raw/Garbage_Dataset_Classification/images/trash/trash_12384.jpg,trash,trash,kaggle
../data/raw/Garbage_Dataset_Classification/images/trash/trash_04587.jpg,trash,trash,kaggle
../data/raw/Garbage_Dataset_Classification/images/paper/paper_01833.jpg,cardboard_paper,paper,kaggle
../data/raw/Garbage_Dataset_Classification/images/glass/glass_05197.jpg,trash,glass,kaggle
../data/raw/Garbage_Dataset_Classification/images/cardboard/cardboard_01978.jpg,cardboard_paper,cardboard,kaggle
../data/raw/Garbage_Dataset_Classification/images/cardboard/cardboard_00180.jpg,cardboard_paper,cardboard,kaggle
../data/raw/Garbage_Dataset_Classification/images/cardboard/cardboard_02954.jpg,cardboard_paper,cardboard,kaggle
../data/raw/Garbage_Dataset_Classification/images/metal/metal_00385.jpg,metal_plastic,metal,kaggle
../data/raw/Garbage_Dataset_Classification/images/plastic/plastic_02231.jpg,metal_plastic,plastic,kaggle
../data/raw/Garbage_Dataset_Classification/images/trash/trash_04882.jpg,trash,trash,kaggle
../data/raw/Garbage_Dataset_Classification/images/metal/metal_02102.jpg,metal_plastic,metal,kaggle
../data/raw/Garbage_Dataset_Classification/images/trash/trash_02232.jpg,trash,trash,kaggle
../data/raw/Garbage_Dataset_Classification/images/glass/glass_03563.jpg,trash,glass,kaggle
../data/raw/Garbage_Dataset_Classification/images/glass/glass_02529.jpg,trash,glass,kaggle
../data/raw/Garbage_Dataset_Classification/images/cardboard/cardboard_01680.jpg,cardboard_paper,cardboard,kaggle
../data/raw/Garbage_Dataset_Classification/images/plastic/plastic_02027.jpg,metal_plastic,plastic,kaggle
../data/raw/Garbage_Dataset_Classification/images/plastic/plastic_02106.jpg,metal_plastic,plastic,kaggle
../data/raw/Garbage_Dataset_Classification/images/cardboard/cardboard_02354.jpg,cardboard_paper,cardboard,kaggle
../data/raw/Garbage_Dataset_Classification/images/paper/paper_02417.jpg,cardboard_paper,paper,kaggle
../data/raw/Garbage_Dataset_Classification/images/paper/paper_00706.jpg,cardboard_paper,paper,kaggle
../data/raw/Garbage_Dataset_Classification/images/paper/paper_02980.jpg,cardboard_paper,paper,kaggle
../data/raw/Garbage_Dataset_Classification/images/paper/paper_02039.jpg,cardboard_paper,paper,kaggle
../data/raw/Garbage_Dataset_Classification/images/plastic/plastic_02811.jpg,metal_plastic,plastic,kaggle
../data/raw/Garbage_Dataset_Classification/images/glass/glass_01932.jpg,trash,glass,kaggle
../data/raw/Garbage_Dataset_Classification/images/glass/glass_04310.jpg,trash,glass,kaggle
../data/raw/Garbage_Dataset_Classification/images/trash/trash_03191.jpg,trash,trash,kaggle
../data/raw/Garbage_Dataset_Classification/images/metal/metal_01964.jpg,metal_plastic,metal,kaggle
../data/raw/Garbage_Dataset_Classification/images/metal/metal_00102.jpg,metal_plastic,metal,kaggle
../data/raw/Garbage_Dataset_Classification/images/paper/paper_03232.jpg,cardboard_paper,paper,kaggle
../data/raw/Garbage_Dataset_Classification/images/trash/trash_10002.jpg,trash,trash,kaggle
../data/raw/Garbage_Dataset_Classification/images/trash/trash_09629.jpg,trash,trash,kaggle
../data/raw/Garbage_Dataset_Classification/images/plastic/plastic_01630.jpg,metal_plastic,plastic,kaggle
../data/raw/Garbage_Dataset_Classification/images/metal/metal_01607.jpg,metal_plastic,metal,kaggle
../data/raw/Garbage_Dataset_Classification/images/plastic/plastic_00752.jpg,metal_plastic,plastic,kaggle
../data/raw/Garbage_Dataset_Classification/images/metal/metal_02017.jpg,metal_plastic,metal,kaggle
../data/raw/Garbage_Dataset_Classification/images/glass/glass_02806.jpg,trash,glass,kaggle
../data/raw/Garbage_Dataset_Classification/images/trash/trash_16730.jpg,trash,trash,kaggle
../data/raw/Garbage_Dataset_Classification/images/trash/trash_19599.jpg,trash,trash,kaggle
../data/raw/Garbage_Dataset_Classification/images/paper/paper_02175.jpg,cardboard_paper,paper,kaggle
../data/raw/Garbage_Dataset_Classification/images/glass/glass_04275.jpg,trash,glass,kaggle
../data/raw/Garbage_Dataset_Classification/images/cardboard/cardboard_02782.jpg,cardboard_paper,cardboard,kaggle
../data/raw/Garbage_Dataset_Classification/images/paper/paper_01060.jpg,cardboard_paper,paper,kaggle
../data/raw/Garbage_Dataset_Classification/images/cardboard/cardboard_00360.jpg,cardboard_paper,cardboard,kaggle
../data/raw/Garbage_Dataset_Classification/images/trash/trash_05443.jpg,trash,trash,kaggle
../data/custom/ecoglasses/2D582E3D-3F08-4ECE-92CD-8DB781DB255D_1_105_c.jpeg,ecoglasses,custom_ecoglasses,custom
../data/raw/Garbage_Dataset_Classification/images/glass/glass_02789.jpg,trash,glass,kaggle
../data/raw/Garbage_Dataset_Classification/images/glass/glass_02762.jpg,trash,glass,kaggle
../data/raw/Garbage_Dataset_Classification/images/glass/glass_00341.jpg,trash,glass,kaggle
../data/raw/Garbage_Dataset_Classification/images/paper/paper_02087.jpg,cardboard_paper,paper,kaggle
../data/raw/Garbage_Dataset_Classification/images/cardboard/cardboard_02344.jpg,cardboard_paper,cardboard,kaggle
../data/raw/Garbage_Dataset_Classification/images/paper/paper_00226.jpg,cardboard_paper,paper,kaggle
../data/raw/Garbage_Dataset_Classification/images/trash/trash_15156.jpg,trash,trash,kaggle
../data/raw/Garbage_Dataset_Classification/images/plastic/plastic_01491.jpg,metal_plastic,plastic,kaggle
../data/raw/Garbage_Dataset_Classification/images/trash/trash_12120.jpg,trash,trash,kaggle
../data/raw/Garbage_Dataset_Classification/images/glass/glass_03998.jpg,trash,glass,kaggle
../data/raw/Garbage_Dataset_Classification/images/cardboard/cardboard_02515.jpg,cardboard_paper,cardboard,kaggle
../data/raw/Garbage_Dataset_Classification/images/cardboard/cardboard_01105.jpg,cardboard_paper,cardboard,kaggle
../data/raw/Garbage_Dataset_Classification/images/trash/trash_17682.jpg,trash,trash,kaggle
../data/raw/Garbage_Dataset_Classification/images/trash/trash_06691.jpg,trash,trash,kaggle
../data/raw/Garbage_Dataset_Classification/images/metal/metal_01731.jpg,metal_plastic,metal,kaggle
../data/raw/Garbage_Dataset_Classification/images/metal/metal_01721.jpg,metal_plastic,metal,kaggle
../data/raw/Garbage_Dataset_Classification/images/metal/metal_00349.jpg,metal_plastic,metal,kaggle
../data/raw/Garbage_Dataset_Classification/images/metal/metal_01542.jpg,metal_plastic,metal,kaggle
../data/raw/Garbage_Dataset_Classification/images/paper/paper_01164.jpg,cardboard_paper,paper,kaggle
../data/raw/Garbage_Dataset_Classification/images/trash/trash_07195.jpg,trash,trash,kaggle
../data/raw/Garbage_Dataset_Classification/images/cardboard/cardboard_00850.jpg,cardboard_paper,cardboard,kaggle
../data/raw/Garbage_Dataset_Classification/images/paper/paper_02789.jpg,cardboard_paper,paper,kaggle
../data/raw/Garbage_Dataset_Classification/images/cardboard/cardboard_02967.jpg,cardboard_paper,cardboard,kaggle
../data/raw/Garbage_Dataset_Classification/images/trash/trash_13889.jpg,trash,trash,kaggle
../data/raw/Garbage_Dataset_Classification/images/plastic/plastic_00410.jpg,metal_plastic,plastic,kaggle
../data/raw/Garbage_Dataset_Classification/images/plastic/plastic_01184.jpg,metal_plastic,plastic,kaggle
../data/raw/Garbage_Dataset_Classification/images/metal/metal_01797.jpg,metal_plastic,metal,kaggle
../data/raw/Garbage_Dataset_Classification/images/metal/metal_01527.jpg,metal_plastic,metal,kaggle
../data/raw/Garbage_Dataset_Classification/images/cardboard/cardboard_03058.jpg,cardboard_paper,cardboard,kaggle
../data/raw/Garbage_Dataset_Classification/images/plastic/plastic_01413.jpg,metal_plastic,plastic,kaggle
../data/raw/Garbage_Dataset_Classification/images/metal/metal_02505.jpg,metal_plastic,metal,kaggle
../data/raw/Garbage_Dataset_Classification/images/plastic/plastic_01204.jpg,metal_plastic,plastic,kaggle
../data/raw/Garbage_Dataset_Classification/images/metal/metal_02705.jpg,metal_plastic,metal,kaggle
../data/raw/Garbage_Dataset_Classification/images/glass/glass_04759.jpg,trash,glass,kaggle
../data/raw/Garbage_Dataset_Classification/images/cardboard/cardboard_01223.jpg,cardboard_paper,cardboard,kaggle
../data/raw/Garbage_Dataset_Classification/images/glass/glass_01029.jpg,trash,glass,kaggle
../data/raw/Garbage_Dataset_Classification/images/glass/glass_00057.jpg,trash,glass,kaggle
../data/raw/Garbage_Dataset_Classification/images/metal/metal_01378.jpg,metal_plastic,metal,kaggle
../data/raw/Garbage_Dataset_Classification/images/glass/glass_01575.jpg,trash,glass,kaggle
../data/raw/Garbage_Dataset_Classification/images/paper/paper_02195.jpg,cardboard_paper,paper,kaggle
../data/raw/Garbage_Dataset_Classification/images/trash/trash_09412.jpg,trash,trash,kaggle
../data/raw/Garbage_Dataset_Classification/images/cardboard/cardboard_01931.jpg,cardboard_paper,cardboard,kaggle
../data/raw/Garbage_Dataset_Classification/images/paper/paper_03095.jpg,cardboard_paper,paper,kaggle
../data/raw/Garbage_Dataset_Classification/images/trash/trash_07052.jpg,trash,trash,kaggle
../data/raw/Garbage_Dataset_Classification/images/glass/glass_04480.jpg,trash,glass,kaggle
../data/raw/Garbage_Dataset_Classification/images/metal/metal_00585.jpg,metal_plastic,metal,kaggle
../data/raw/Garbage_Dataset_Classification/images/glass/glass_02560.jpg,trash,glass,kaggle
../data/raw/Garbage_Dataset_Classification/images/plastic/plastic_03143.jpg,metal_plastic,plastic,kaggle
../data/raw/Garbage_Dataset_Classification/images/cardboard/cardboard_02152.jpg,cardboard_paper,cardboard,kaggle
../data/raw/Garbage_Dataset_Classification/images/paper/paper_01071.jpg,cardboard_paper,paper,kaggle
../data/raw/Garbage_Dataset_Classification/images/trash/trash_17527.jpg,trash,trash,kaggle
../data/raw/Garbage_Dataset_Classification/images/plastic/plastic_03262.jpg,metal_plastic,plastic,kaggle
../data/custom/ecoglasses/FDED9DC3-2430-41E5-87A1-F2C1C8AE5BCF_1_105_c.jpeg,ecoglasses,custom_ecoglasses,custom
../data/raw/Garbage_Dataset_Classification/images/trash/trash_07000.jpg,trash,trash,kaggle
../data/raw/Garbage_Dataset_Classification/images/plastic/plastic_02716.jpg,metal_plastic,plastic,kaggle
../data/raw/Garbage_Dataset_Classification/images/plastic/plastic_02186.jpg,metal_plastic,plastic,kaggle
../data/raw/Garbage_Dataset_Classification/images/plastic/plastic_01032.jpg,metal_plastic,plastic,kaggle
../data/raw/Garbage_Dataset_Classification/images/paper/paper_03174.jpg,cardboard_paper,paper,kaggle
../data/raw/Garbage_Dataset_Classification/images/metal/metal_02076.jpg,metal_plastic,metal,kaggle
../data/raw/Garbage_Dataset_Classification/images/paper/paper_02925.jpg,cardboard_paper,paper,kaggle
../data/raw/Garbage_Dataset_Classification/images/glass/glass_04697.jpg,trash,glass,kaggle
../data/raw/Garbage_Dataset_Classification/images/paper/paper_01221.jpg,cardboard_paper,paper,kaggle
../data/raw/Garbage_Dataset_Classification/images/metal/metal_02055.jpg,metal_plastic,metal,kaggle
../data/raw/Garbage_Dataset_Classification/images/cardboard/cardboard_01150.jpg,cardboard_paper,cardboard,kaggle
../data/raw/Garbage_Dataset_Classification/images/cardboard/cardboard_02091.jpg,cardboard_paper,cardboard,kaggle
../data/raw/Garbage_Dataset_Classification/images/metal/metal_00363.jpg,metal_plastic,metal,kaggle
../data/raw/Garbage_Dataset_Classification/images/plastic/plastic_02870.jpg,metal_plastic,plastic,kaggle
../data/raw/Garbage_Dataset_Classification/images/trash/trash_16320.jpg,trash,trash,kaggle
../data/raw/Garbage_Dataset_Classification/images/glass/glass_00519.jpg,trash,glass,kaggle
../data/raw/Garbage_Dataset_Classification/images/glass/glass_03228.jpg,trash,glass,kaggle
../data/raw/Garbage_Dataset_Classification/images/metal/metal_01857.jpg,metal_plastic,metal,kaggle
../data/raw/Garbage_Dataset_Classification/images/cardboard/cardboard_01471.jpg,cardboard_paper,cardboard,kaggle
../data/raw/Garbage_Dataset_Classification/images/trash/trash_06212.jpg,trash,trash,kaggle
../data/raw/Garbage_Dataset_Classification/images/paper/paper_01298.jpg,cardboard_paper,paper,kaggle
../data/raw/Garbage_Dataset_Classification/images/glass/glass_03365.jpg,trash,glass,kaggle
../data/raw/Garbage_Dataset_Classification/images/metal/metal_00980.jpg,metal_plastic,metal,kaggle
../data/raw/Garbage_Dataset_Classification/images/cardboard/cardboard_02602.jpg,cardboard_paper,cardboard,kaggle
../data/raw/Garbage_Dataset_Classification/images/paper/paper_00702.jpg,cardboard_paper,paper,kaggle
../data/raw/Garbage_Dataset_Classification/images/paper/paper_03106.jpg,cardboard_paper,paper,kaggle
../data/raw/Garbage_Dataset_Classification/images/metal/metal_02606.jpg,metal_plastic,metal,kaggle
../data/raw/Garbage_Dataset_Classification/images/glass/glass_04704.jpg,trash,glass,kaggle
../data/raw/Garbage_Dataset_Classification/images/plastic/plastic_00191.jpg,metal_plastic,plastic,kaggle
../data/raw/Garbage_Dataset_Classification/images/metal/metal_01018.jpg,metal_plastic,metal,kaggle
../data/raw/Garbage_Dataset_Classification/images/trash/trash_14741.jpg,trash,trash,kaggle
../data/raw/Garbage_Dataset_Classification/images/plastic/plastic_02502.jpg,metal_plastic,plastic,kaggle
../data/raw/Garbage_Dataset_Classification/images/metal/metal_00529.jpg,metal_plastic,metal,kaggle
../data/raw/Garbage_Dataset_Classification/images/trash/trash_16614.jpg,trash,trash,kaggle
../data/raw/Garbage_Dataset_Classification/images/paper/paper_01513.jpg,cardboard_paper,paper,kaggle
../data/raw/Garbage_Dataset_Classification/images/plastic/plastic_02674.jpg,metal_plastic,plastic,kaggle
../data/raw/Garbage_Dataset_Classification/images/glass/glass_02772.jpg,trash,glass,kaggle
../data/raw/Garbage_Dataset_Classification/images/paper/paper_01650.jpg,cardboard_paper,paper,kaggle
../data/raw/Garbage_Dataset_Classification/images/paper/paper_03004.jpg,cardboard_paper,paper,kaggle
../data/raw/Garbage_Dataset_Classification/images/plastic/plastic_00693.jpg,metal_plastic,plastic,kaggle
../data/raw/Garbage_Dataset_Classification/images/glass/glass_02466.jpg,trash,glass,kaggle
../data/raw/Garbage_Dataset_Classification/images/plastic/plastic_02336.jpg,metal_plastic,plastic,kaggle
../data/raw/Garbage_Dataset_Classification/images/cardboard/cardboard_01906.jpg,cardboard_paper,cardboard,kaggle
../data/raw/Garbage_Dataset_Classification/images/glass/glass_05306.jpg,trash,glass,kaggle
../data/raw/Garbage_Dataset_Classification/images/glass/glass_02902.jpg,trash,glass,kaggle
../data/raw/Garbage_Dataset_Classification/images/glass/glass_02440.jpg,trash,glass,kaggle
../data/raw/Garbage_Dataset_Classification/images/trash/trash_12223.jpg,trash,trash,kaggle
../data/raw/Garbage_Dataset_Classification/images/metal/metal_01194.jpg,metal_plastic,metal,kaggle
../data/raw/Garbage_Dataset_Classification/images/plastic/plastic_01531.jpg,metal_plastic,plastic,kaggle
../data/raw/Garbage_Dataset_Classification/images/metal/metal_01254.jpg,metal_plastic,metal,kaggle
../data/raw/Garbage_Dataset_Classification/images/metal/metal_01975.jpg,metal_plastic,metal,kaggle
../data/raw/Garbage_Dataset_Classification/images/cardboard/cardboard_01049.jpg,cardboard_paper,cardboard,kaggle
../data/raw/Garbage_Dataset_Classification/images/cardboard/cardboard_02888.jpg,cardboard_paper,cardboard,kaggle
../data/raw/Garbage_Dataset_Classification/images/metal/metal_00017.jpg,metal_plastic,metal,kaggle
../data/raw/Garbage_Dataset_Classification/images/paper/paper_01356.jpg,cardboard_paper,paper,kaggle
../data/raw/Garbage_Dataset_Classification/images/glass/glass_01202.jpg,trash,glass,kaggle
../data/raw/Garbage_Dataset_Classification/images/paper/paper_02224.jpg,cardboard_paper,paper,kaggle
../data/raw/Garbage_Dataset_Classification/images/trash/trash_00383.jpg,trash,trash,kaggle
../data/raw/Garbage_Dataset_Classification/images/plastic/plastic_02941.jpg,metal_plastic,plastic,kaggle
../data/raw/Garbage_Dataset_Classification/images/cardboard/cardboard_02745.jpg,cardboard_paper,cardboard,kaggle
../data/raw/Garbage_Dataset_Classification/images/plastic/plastic_02671.jpg,metal_plastic,plastic,kaggle
../data/raw/Garbage_Dataset_Classification/images/glass/glass_03046.jpg,trash,glass,kaggle
../data/raw/Garbage_Dataset_Classification/images/metal/metal_02542.jpg,metal_plastic,metal,kaggle
../data/raw/Garbage_Dataset_Classification/images/plastic/plastic_01795.jpg,metal_plastic,plastic,kaggle
../data/raw/Garbage_Dataset_Classification/images/trash/trash_16033.jpg,trash,trash,kaggle
../data/raw/Garbage_Dataset_Classification/images/paper/paper_00067.jpg,cardboard_paper,paper,kaggle
../data/raw/Garbage_Dataset_Classification/images/glass/glass_02794.jpg,trash,glass,kaggle
../data/raw/Garbage_Dataset_Classification/images/plastic/plastic_02971.jpg,metal_plastic,plastic,kaggle
../data/raw/Garbage_Dataset_Classification/images/glass/glass_03641.jpg,trash,glass,kaggle
../data/raw/Garbage_Dataset_Classification/images/cardboard/cardboard_02906.jpg,cardboard_paper,cardboard,kaggle
../data/raw/Garbage_Dataset_Classification/images/glass/glass_02177.jpg,trash,glass,kaggle
../data/raw/Garbage_Dataset_Classification/images/trash/trash_18583.jpg,trash,trash,kaggle
../data/raw/Garbage_Dataset_Classification/images/plastic/plastic_01361.jpg,metal_plastic,plastic,kaggle
../data/raw/Garbage_Dataset_Classification/images/plastic/plastic_01738.jpg,metal_plastic,plastic,kaggle
../data/raw/Garbage_Dataset_Classification/images/trash/trash_10895.jpg,trash,trash,kaggle
../data/raw/Garbage_Dataset_Classification/images/metal/metal_01260.jpg,metal_plastic,metal,kaggle
../data/raw/Garbage_Dataset_Classification/images/trash/trash_19904.jpg,trash,trash,kaggle
../data/raw/Garbage_Dataset_Classification/images/metal/metal_02151.jpg,metal_plastic,metal,kaggle
../data/custom/ecoglasses/4B0BD61F-B86D-4323-9BF6-FC7A762AA5F2_1_105_c.jpeg,ecoglasses,custom_ecoglasses,custom
../data/raw/Garbage_Dataset_Classification/images/glass/glass_04736.jpg,trash,glass,kaggle
../data/raw/Garbage_Dataset_Classification/images/trash/trash_12727.jpg,trash,trash,kaggle
../data/raw/Garbage_Dataset_Classification/images/glass/glass_00556.jpg,trash,glass,kaggle
../data/raw/Garbage_Dataset_Classification/images/plastic/plastic_02510.jpg,metal_plastic,plastic,kaggle
../data/raw/Garbage_Dataset_Classification/images/cardboard/cardboard_02648.jpg,cardboard_paper,cardboard,kaggle
../data/raw/Garbage_Dataset_Classification/images/metal/metal_00797.jpg,metal_plastic,metal,kaggle
../data/raw/Garbage_Dataset_Classification/images/cardboard/cardboard_00593.jpg,cardboard_paper,cardboard,kaggle
../data/raw/Garbage_Dataset_Classification/images/paper/paper_02494.jpg,cardboard_paper,paper,kaggle
../data/raw/Garbage_Dataset_Classification/images/plastic/plastic_02690.jpg,metal_plastic,plastic,kaggle
../data/raw/Garbage_Dataset_Classification/images/metal/metal_01767.jpg,metal_plastic,metal,kaggle
../data/raw/Garbage_Dataset_Classification/images/paper/paper_00687.jpg,cardboard_paper,paper,kaggle
../data/raw/Garbage_Dataset_Classification/images/trash/trash_19789.jpg,trash,trash,kaggle
../data/raw/Garbage_Dataset_Classification/images/paper/paper_00925.jpg,cardboard_paper,paper,kaggle
../data/raw/Garbage_Dataset_Classification/images/metal/metal_01782.jpg,metal_plastic,metal,kaggle
../data/raw/Garbage_Dataset_Classification/images/trash/trash_19050.jpg,trash,trash,kaggle
../data/raw/Garbage_Dataset_Classification/images/paper/paper_02514.jpg,cardboard_paper,paper,kaggle
../data/raw/Garbage_Dataset_Classification/images/trash/trash_07537.jpg,trash,trash,kaggle
../data/raw/Garbage_Dataset_Classification/images/metal/metal_01426.jpg,metal_plastic,metal,kaggle
../data/raw/Garbage_Dataset_Classification/images/paper/paper_01775.jpg,cardboard_paper,paper,kaggle
../data/raw/Garbage_Dataset_Classification/images/paper/paper_01862.jpg,cardboard_paper,paper,kaggle
../data/raw/Garbage_Dataset_Classification/images/metal/metal_02685.jpg,metal_plastic,metal,kaggle
../data/raw/Garbage_Dataset_Classification/images/metal/metal_01549.jpg,metal_plastic,metal,kaggle
../data/raw/Garbage_Dataset_Classification/images/cardboard/cardboard_02862.jpg,cardboard_paper,cardboard,kaggle
../data/raw/Garbage_Dataset_Classification/images/plastic/plastic_02194.jpg,metal_plastic,plastic,kaggle
../data/raw/Garbage_Dataset_Classification/images/glass/glass_01642.jpg,trash,glass,kaggle
../data/raw/Garbage_Dataset_Classification/images/trash/trash_17238.jpg,trash,trash,kaggle
../data/raw/Garbage_Dataset_Classification/images/plastic/plastic_01633.jpg,metal_plastic,plastic,kaggle
../data/raw/Garbage_Dataset_Classification/images/cardboard/cardboard_02580.jpg,cardboard_paper,cardboard,kaggle
../data/raw/Garbage_Dataset_Classification/images/trash/trash_04170.jpg,trash,trash,kaggle
../data/raw/Garbage_Dataset_Classification/images/trash/trash_16295.jpg,trash,trash,kaggle
../data/raw/Garbage_Dataset_Classification/images/plastic/plastic_01269.jpg,metal_plastic,plastic,kaggle
../data/raw/Garbage_Dataset_Classification/images/metal/metal_02185.jpg,metal_plastic,metal,kaggle
../data/raw/Garbage_Dataset_Classification/images/trash/trash_19022.jpg,trash,trash,kaggle
../data/raw/Garbage_Dataset_Classification/images/glass/glass_04358.jpg,trash,glass,kaggle
../data/raw/Garbage_Dataset_Classification/images/plastic/plastic_02014.jpg,metal_plastic,plastic,kaggle
../data/raw/Garbage_Dataset_Classification/images/metal/metal_01370.jpg,metal_plastic,metal,kaggle
../data/raw/Garbage_Dataset_Classification/images/plastic/plastic_02936.jpg,metal_plastic,plastic,kaggle
../data/raw/Garbage_Dataset_Classification/images/plastic/plastic_01619.jpg,metal_plastic,plastic,kaggle
../data/raw/Garbage_Dataset_Classification/images/cardboard/cardboard_02861.jpg,cardboard_paper,cardboard,kaggle
../data/raw/Garbage_Dataset_Classification/images/metal/metal_00395.jpg,metal_plastic,metal,kaggle
../data/raw/Garbage_Dataset_Classification/images/cardboard/cardboard_02422.jpg,cardboard_paper,cardboard,kaggle
../data/raw/Garbage_Dataset_Classification/images/cardboard/cardboard_03009.jpg,cardboard_paper,cardboard,kaggle
../data/raw/Garbage_Dataset_Classification/images/paper/paper_03093.jpg,cardboard_paper,paper,kaggle
../data/raw/Garbage_Dataset_Classification/images/glass/glass_04067.jpg,trash,glass,kaggle
../data/raw/Garbage_Dataset_Classification/images/metal/metal_00028.jpg,metal_plastic,metal,kaggle
../data/raw/Garbage_Dataset_Classification/images/paper/paper_00017.jpg,cardboard_paper,paper,kaggle
../data/raw/Garbage_Dataset_Classification/images/paper/paper_02218.jpg,cardboard_paper,paper,kaggle
../data/raw/Garbage_Dataset_Classification/images/trash/trash_03834.jpg,trash,trash,kaggle
../data/raw/Garbage_Dataset_Classification/images/trash/trash_19143.jpg,trash,trash,kaggle
../data/raw/Garbage_Dataset_Classification/images/metal/metal_00693.jpg,metal_plastic,metal,kaggle
../data/raw/Garbage_Dataset_Classification/images/cardboard/cardboard_02386.jpg,cardboard_paper,cardboard,kaggle
../data/raw/Garbage_Dataset_Classification/images/paper/paper_03196.jpg,cardboard_paper,paper,kaggle
../data/raw/Garbage_Dataset_Classification/images/plastic/plastic_02563.jpg,metal_plastic,plastic,kaggle
../data/raw/Garbage_Dataset_Classification/images/trash/trash_14724.jpg,trash,trash,kaggle
../data/raw/Garbage_Dataset_Classification/images/cardboard/cardboard_02896.jpg,cardboard_paper,cardboard,kaggle
../data/raw/Garbage_Dataset_Classification/images/cardboard/cardboard_02246.jpg,cardboard_paper,cardboard,kaggle
../data/raw/Garbage_Dataset_Classification/images/trash/trash_15813.jpg,trash,trash,kaggle
../data/raw/Garbage_Dataset_Classification/images/plastic/plastic_02274.jpg,metal_plastic,plastic,kaggle
../data/raw/Garbage_Dataset_Classification/images/metal/metal_01753.jpg,metal_plastic,metal,kaggle
../data/raw/Garbage_Dataset_Classification/images/metal/metal_02103.jpg,metal_plastic,metal,kaggle
../data/raw/Garbage_Dataset_Classification/images/metal/metal_02295.jpg,metal_plastic,metal,kaggle
../data/raw/Garbage_Dataset_Classification/images/glass/glass_01004.jpg,trash,glass,kaggle
../data/raw/Garbage_Dataset_Classification/images/plastic/plastic_02503.jpg,metal_plastic,plastic,kaggle
../data/raw/Garbage_Dataset_Classification/images/cardboard/cardboard_01738.jpg,cardboard_paper,cardboard,kaggle
../data/raw/Garbage_Dataset_Classification/images/glass/glass_00274.jpg,trash,glass,kaggle
../data/raw/Garbage_Dataset_Classification/images/paper/paper_01597.jpg,cardboard_paper,paper,kaggle
../data/raw/Garbage_Dataset_Classification/images/glass/glass_04696.jpg,trash,glass,kaggle
../data/raw/Garbage_Dataset_Classification/images/trash/trash_03438.jpg,trash,trash,kaggle
../data/raw/Garbage_Dataset_Classification/images/plastic/plastic_01342.jpg,metal_plastic,plastic,kaggle
../data/raw/Garbage_Dataset_Classification/images/glass/glass_01248.jpg,trash,glass,kaggle
../data/raw/Garbage_Dataset_Classification/images/plastic/plastic_02098.jpg,metal_plastic,plastic,kaggle
../data/raw/Garbage_Dataset_Classification/images/trash/trash_19948.jpg,trash,trash,kaggle
../data/raw/Garbage_Dataset_Classification/images/plastic/plastic_02375.jpg,metal_plastic,plastic,kaggle
../data/raw/Garbage_Dataset_Classification/images/metal/metal_01915.jpg,metal_plastic,metal,kaggle
../data/raw/Garbage_Dataset_Classification/images/glass/glass_02970.jpg,trash,glass,kaggle
../data/raw/Garbage_Dataset_Classification/images/cardboard/cardboard_00054.jpg,cardboard_paper,cardboard,kaggle
../data/raw/Garbage_Dataset_Classification/images/plastic/plastic_02358.jpg,metal_plastic,plastic,kaggle
../data/raw/Garbage_Dataset_Classification/images/paper/paper_02176.jpg,cardboard_paper,paper,kaggle
../data/raw/Garbage_Dataset_Classification/images/metal/metal_00257.jpg,metal_plastic,metal,kaggle
../data/raw/Garbage_Dataset_Classification/images/trash/trash_15921.jpg,trash,trash,kaggle
../data/raw/Garbage_Dataset_Classification/images/cardboard/cardboard_01234.jpg,cardboard_paper,cardboard,kaggle
../data/raw/Garbage_Dataset_Classification/images/cardboard/cardboard_02239.jpg,cardboard_paper,cardboard,kaggle
../data/raw/Garbage_Dataset_Classification/images/glass/glass_04881.jpg,trash,glass,kaggle
../data/raw/Garbage_Dataset_Classification/images/metal/metal_02222.jpg,metal_plastic,metal,kaggle
../data/raw/Garbage_Dataset_Classification/images/paper/paper_00616.jpg,cardboard_paper,paper,kaggle
../data/raw/Garbage_Dataset_Classification/images/metal/metal_01792.jpg,metal_plastic,metal,kaggle
../data/raw/Garbage_Dataset_Classification/images/cardboard/cardboard_00917.jpg,cardboard_paper,cardboard,kaggle
../data/raw/Garbage_Dataset_Classification/images/cardboard/cardboard_02421.jpg,cardboard_paper,cardboard,kaggle
../data/raw/Garbage_Dataset_Classification/images/cardboard/cardboard_02462.jpg,cardboard_paper,cardboard,kaggle
../data/raw/Garbage_Dataset_Classification/images/trash/trash_06223.jpg,trash,trash,kaggle
../data/raw/Garbage_Dataset_Classification/images/paper/paper_02676.jpg,cardboard_paper,paper,kaggle
../data/raw/Garbage_Dataset_Classification/images/metal/metal_01661.jpg,metal_plastic,metal,kaggle
../data/raw/Garbage_Dataset_Classification/images/metal/metal_01585.jpg,metal_plastic,metal,kaggle
../data/raw/Garbage_Dataset_Classification/images/metal/metal_00849.jpg,metal_plastic,metal,kaggle
../data/raw/Garbage_Dataset_Classification/images/cardboard/cardboard_02854.jpg,cardboard_paper,cardboard,kaggle
../data/raw/Garbage_Dataset_Classification/images/plastic/plastic_00877.jpg,metal_plastic,plastic,kaggle
../data/raw/Garbage_Dataset_Classification/images/paper/paper_02639.jpg,cardboard_paper,paper,kaggle
../data/raw/Garbage_Dataset_Classification/images/cardboard/cardboard_01536.jpg,cardboard_paper,cardboard,kaggle
../data/raw/Garbage_Dataset_Classification/images/glass/glass_04254.jpg,trash,glass,kaggle
../data/raw/Garbage_Dataset_Classification/images/paper/paper_02854.jpg,cardboard_paper,paper,kaggle
../data/raw/Garbage_Dataset_Classification/images/metal/metal_00971.jpg,metal_plastic,metal,kaggle
../data/raw/Garbage_Dataset_Classification/images/metal/metal_01667.jpg,metal_plastic,metal,kaggle
../data/raw/Garbage_Dataset_Classification/images/plastic/plastic_02251.jpg,metal_plastic,plastic,kaggle
../data/raw/Garbage_Dataset_Classification/images/glass/glass_04796.jpg,trash,glass,kaggle
../data/raw/Garbage_Dataset_Classification/images/paper/paper_02247.jpg,cardboard_paper,paper,kaggle
../data/raw/Garbage_Dataset_Classification/images/metal/metal_02466.jpg,metal_plastic,metal,kaggle
../data/raw/Garbage_Dataset_Classification/images/metal/metal_02082.jpg,metal_plastic,metal,kaggle
../data/raw/Garbage_Dataset_Classification/images/paper/paper_02225.jpg,cardboard_paper,paper,kaggle
../data/raw/Garbage_Dataset_Classification/images/paper/paper_01633.jpg,cardboard_paper,paper,kaggle
../data/raw/Garbage_Dataset_Classification/images/trash/trash_04518.jpg,trash,trash,kaggle
../data/raw/Garbage_Dataset_Classification/images/metal/metal_01881.jpg,metal_plastic,metal,kaggle
../data/raw/Garbage_Dataset_Classification/images/paper/paper_02303.jpg,cardboard_paper,paper,kaggle
../data/raw/Garbage_Dataset_Classification/images/plastic/plastic_00569.jpg,metal_plastic,plastic,kaggle
../data/raw/Garbage_Dataset_Classification/images/paper/paper_01286.jpg,cardboard_paper,paper,kaggle
../data/raw/Garbage_Dataset_Classification/images/paper/paper_02863.jpg,cardboard_paper,paper,kaggle
../data/raw/Garbage_Dataset_Classification/images/metal/metal_02616.jpg,metal_plastic,metal,kaggle
../data/raw/Garbage_Dataset_Classification/images/cardboard/cardboard_01591.jpg,cardboard_paper,cardboard,kaggle
../data/raw/Garbage_Dataset_Classification/images/cardboard/cardboard_00301.jpg,cardboard_paper,cardboard,kaggle
../data/raw/Garbage_Dataset_Classification/images/paper/paper_02734.jpg,cardboard_paper,paper,kaggle
../data/raw/Garbage_Dataset_Classification/images/glass/glass_04895.jpg,trash,glass,kaggle
../data/raw/Garbage_Dataset_Classification/images/trash/trash_13046.jpg,trash,trash,kaggle
../data/raw/Garbage_Dataset_Classification/images/glass/glass_04527.jpg,trash,glass,kaggle
../data/raw/Garbage_Dataset_Classification/images/paper/paper_02792.jpg,cardboard_paper,paper,kaggle
../data/raw/Garbage_Dataset_Classification/images/cardboard/cardboard_02358.jpg,cardboard_paper,cardboard,kaggle
../data/raw/Garbage_Dataset_Classification/images/paper/paper_01358.jpg,cardboard_paper,paper,kaggle
../data/raw/Garbage_Dataset_Classification/images/paper/paper_00008.jpg,cardboard_paper,paper,kaggle
../data/raw/Garbage_Dataset_Classification/images/paper/paper_01225.jpg,cardboard_paper,paper,kaggle
../data/raw/Garbage_Dataset_Classification/images/cardboard/cardboard_02598.jpg,cardboard_paper,cardboard,kaggle
../data/raw/Garbage_Dataset_Classification/images/paper/paper_01254.jpg,cardboard_paper,paper,kaggle
../data/raw/Garbage_Dataset_Classification/images/trash/trash_03249.jpg,trash,trash,kaggle
../data/raw/Garbage_Dataset_Classification/images/metal/metal_01285.jpg,metal_plastic,metal,kaggle
../data/raw/Garbage_Dataset_Classification/images/metal/metal_01482.jpg,metal_plastic,metal,kaggle
../data/raw/Garbage_Dataset_Classification/images/cardboard/cardboard_00325.jpg,cardboard_paper,cardboard,kaggle
../data/raw/Garbage_Dataset_Classification/images/trash/trash_17700.jpg,trash,trash,kaggle
../data/raw/Garbage_Dataset_Classification/images/cardboard/cardboard_00784.jpg,cardboard_paper,cardboard,kaggle
../data/raw/Garbage_Dataset_Classification/images/glass/glass_02734.jpg,trash,glass,kaggle
../data/raw/Garbage_Dataset_Classification/images/trash/trash_14458.jpg,trash,trash,kaggle
../data/raw/Garbage_Dataset_Classification/images/paper/paper_00761.jpg,cardboard_paper,paper,kaggle
../data/raw/Garbage_Dataset_Classification/images/glass/glass_02625.jpg,trash,glass,kaggle
../data/raw/Garbage_Dataset_Classification/images/trash/trash_00652.jpg,trash,trash,kaggle
../data/raw/Garbage_Dataset_Classification/images/metal/metal_02270.jpg,metal_plastic,metal,kaggle
../data/raw/Garbage_Dataset_Classification/images/paper/paper_02528.jpg,cardboard_paper,paper,kaggle
../data/raw/Garbage_Dataset_Classification/images/trash/trash_06902.jpg,trash,trash,kaggle
../data/raw/Garbage_Dataset_Classification/images/paper/paper_01900.jpg,cardboard_paper,paper,kaggle
../data/raw/Garbage_Dataset_Classification/images/cardboard/cardboard_01206.jpg,cardboard_paper,cardboard,kaggle
../data/raw/Garbage_Dataset_Classification/images/glass/glass_00177.jpg,trash,glass,kaggle
../data/raw/Garbage_Dataset_Classification/images/cardboard/cardboard_02207.jpg,cardboard_paper,cardboard,kaggle
../data/raw/Garbage_Dataset_Classification/images/paper/paper_01251.jpg,cardboard_paper,paper,kaggle
../data/raw/Garbage_Dataset_Classification/images/trash/trash_16859.jpg,trash,trash,kaggle
../data/raw/Garbage_Dataset_Classification/images/glass/glass_00731.jpg,trash,glass,kaggle
../data/raw/Garbage_Dataset_Classification/images/glass/glass_01841.jpg,trash,glass,kaggle
../data/raw/Garbage_Dataset_Classification/images/cardboard/cardboard_02541.jpg,cardboard_paper,cardboard,kaggle
../data/raw/Garbage_Dataset_Classification/images/cardboard/cardboard_01872.jpg,cardboard_paper,cardboard,kaggle
../data/raw/Garbage_Dataset_Classification/images/paper/paper_03166.jpg,cardboard_paper,paper,kaggle
../data/raw/Garbage_Dataset_Classification/images/glass/glass_02210.jpg,trash,glass,kaggle
../data/raw/Garbage_Dataset_Classification/images/glass/glass_01252.jpg,trash,glass,kaggle
../data/raw/Garbage_Dataset_Classification/images/cardboard/cardboard_02229.jpg,cardboard_paper,cardboard,kaggle
../data/raw/Garbage_Dataset_Classification/images/glass/glass_00058.jpg,trash,glass,kaggle
../data/raw/Garbage_Dataset_Classification/images/glass/glass_02938.jpg,trash,glass,kaggle
../data/raw/Garbage_Dataset_Classification/images/glass/glass_03383.jpg,trash,glass,kaggle
../data/raw/Garbage_Dataset_Classification/images/metal/metal_02140.jpg,metal_plastic,metal,kaggle
../data/raw/Garbage_Dataset_Classification/images/plastic/plastic_03075.jpg,metal_plastic,plastic,kaggle
../data/raw/Garbage_Dataset_Classification/images/paper/paper_02091.jpg,cardboard_paper,paper,kaggle
../data/raw/Garbage_Dataset_Classification/images/plastic/plastic_03291.jpg,metal_plastic,plastic,kaggle
../data/raw/Garbage_Dataset_Classification/images/trash/trash_07783.jpg,trash,trash,kaggle
../data/raw/Garbage_Dataset_Classification/images/cardboard/cardboard_01771.jpg,cardboard_paper,cardboard,kaggle
../data/raw/Garbage_Dataset_Classification/images/metal/metal_01679.jpg,metal_plastic,metal,kaggle
../data/raw/Garbage_Dataset_Classification/images/plastic/plastic_01483.jpg,metal_plastic,plastic,kaggle
../data/raw/Garbage_Dataset_Classification/images/plastic/plastic_02142.jpg,metal_plastic,plastic,kaggle
../data/raw/Garbage_Dataset_Classification/images/trash/trash_02764.jpg,trash,trash,kaggle
../data/raw/Garbage_Dataset_Classification/images/paper/paper_02560.jpg,cardboard_paper,paper,kaggle
../data/raw/Garbage_Dataset_Classification/images/plastic/plastic_03031.jpg,metal_plastic,plastic,kaggle
../data/raw/Garbage_Dataset_Classification/images/trash/trash_05977.jpg,trash,trash,kaggle
../data/raw/Garbage_Dataset_Classification/images/plastic/plastic_01831.jpg,metal_plastic,plastic,kaggle
../data/raw/Garbage_Dataset_Classification/images/cardboard/cardboard_01395.jpg,cardboard_paper,cardboard,kaggle
../data/raw/Garbage_Dataset_Classification/images/paper/paper_01877.jpg,cardboard_paper,paper,kaggle
../data/raw/Garbage_Dataset_Classification/images/trash/trash_15215.jpg,trash,trash,kaggle
../data/raw/Garbage_Dataset_Classification/images/trash/trash_10754.jpg,trash,trash,kaggle
../data/raw/Garbage_Dataset_Classification/images/plastic/plastic_01387.jpg,metal_plastic,plastic,kaggle
../data/raw/Garbage_Dataset_Classification/images/plastic/plastic_03315.jpg,metal_plastic,plastic,kaggle
../data/raw/Garbage_Dataset_Classification/images/glass/glass_04657.jpg,trash,glass,kaggle
../data/raw/Garbage_Dataset_Classification/images/metal/metal_01856.jpg,metal_plastic,metal,kaggle
../data/raw/Garbage_Dataset_Classification/images/cardboard/cardboard_02104.jpg,cardboard_paper,cardboard,kaggle
../data/raw/Garbage_Dataset_Classification/images/glass/glass_03808.jpg,trash,glass,kaggle
../data/raw/Garbage_Dataset_Classification/images/trash/trash_16211.jpg,trash,trash,kaggle
../data/raw/Garbage_Dataset_Classification/images/plastic/plastic_02102.jpg,metal_plastic,plastic,kaggle
../data/custom/ecoglasses/00CA51DA-ADE6-4BF3-BDD4-9D4E901CF427_1_105_c.jpeg,ecoglasses,custom_ecoglasses,custom
../data/raw/Garbage_Dataset_Classification/images/trash/trash_13493.jpg,trash,trash,kaggle
../data/raw/Garbage_Dataset_Classification/images/paper/paper_00890.jpg,cardboard_paper,paper,kaggle
../data/raw/Garbage_Dataset_Classification/images/cardboard/cardboard_02400.jpg,cardboard_paper,cardboard,kaggle
../data/raw/Garbage_Dataset_Classification/images/cardboard/cardboard_02389.jpg,cardboard_paper,cardboard,kaggle
../data/raw/Garbage_Dataset_Classification/images/paper/paper_03291.jpg,cardboard_paper,paper,kaggle
../data/raw/Garbage_Dataset_Classification/images/trash/trash_20120.jpg,trash,trash,kaggle
../data/raw/Garbage_Dataset_Classification/images/glass/glass_01815.jpg,trash,glass,kaggle
../data/raw/Garbage_Dataset_Classification/images/trash/trash_00747.jpg,trash,trash,kaggle
../data/raw/Garbage_Dataset_Classification/images/glass/glass_01590.jpg,trash,glass,kaggle
../data/raw/Garbage_Dataset_Classification/images/glass/glass_05318.jpg,trash,glass,kaggle
../data/raw/Garbage_Dataset_Classification/images/metal/metal_00632.jpg,metal_plastic,metal,kaggle
../data/raw/Garbage_Dataset_Classification/images/cardboard/cardboard_01997.jpg,cardboard_paper,cardboard,kaggle
../data/raw/Garbage_Dataset_Classification/images/paper/paper_00401.jpg,cardboard_paper,paper,kaggle
../data/raw/Garbage_Dataset_Classification/images/glass/glass_00549.jpg,trash,glass,kaggle
../data/raw/Garbage_Dataset_Classification/images/trash/trash_13876.jpg,trash,trash,kaggle
../data/raw/Garbage_Dataset_Classification/images/glass/glass_01852.jpg,trash,glass,kaggle
../data/raw/Garbage_Dataset_Classification/images/plastic/plastic_01750.jpg,metal_plastic,plastic,kaggle
../data/raw/Garbage_Dataset_Classification/images/metal/metal_01532.jpg,metal_plastic,metal,kaggle
../data/raw/Garbage_Dataset_Classification/images/paper/paper_02070.jpg,cardboard_paper,paper,kaggle
../data/raw/Garbage_Dataset_Classification/images/glass/glass_05534.jpg,trash,glass,kaggle
../data/raw/Garbage_Dataset_Classification/images/plastic/plastic_03306.jpg,metal_plastic,plastic,kaggle
../data/raw/Garbage_Dataset_Classification/images/metal/metal_01363.jpg,metal_plastic,metal,kaggle
../data/raw/Garbage_Dataset_Classification/images/cardboard/cardboard_02772.jpg,cardboard_paper,cardboard,kaggle
../data/raw/Garbage_Dataset_Classification/images/glass/glass_04278.jpg,trash,glass,kaggle
../data/raw/Garbage_Dataset_Classification/images/plastic/plastic_02076.jpg,metal_plastic,plastic,kaggle
../data/raw/Garbage_Dataset_Classification/images/paper/paper_00362.jpg,cardboard_paper,paper,kaggle
../data/raw/Garbage_Dataset_Classification/images/glass/glass_00074.jpg,trash,glass,kaggle
../data/raw/Garbage_Dataset_Classification/images/paper/paper_00478.jpg,cardboard_paper,paper,kaggle
../data/raw/Garbage_Dataset_Classification/images/trash/trash_01129.jpg,trash,trash,kaggle
../data/raw/Garbage_Dataset_Classification/images/cardboard/cardboard_02271.jpg,cardboard_paper,cardboard,kaggle
../data/raw/Garbage_Dataset_Classification/images/metal/metal_01239.jpg,metal_plastic,metal,kaggle
../data/raw/Garbage_Dataset_Classification/images/trash/trash_04027.jpg,trash,trash,kaggle
../data/raw/Garbage_Dataset_Classification/images/paper/paper_02324.jpg,cardboard_paper,paper,kaggle
../data/raw/Garbage_Dataset_Classification/images/paper/paper_02725.jpg,cardboard_paper,paper,kaggle
../data/raw/Garbage_Dataset_Classification/images/plastic/plastic_02875.jpg,metal_plastic,plastic,kaggle
../data/raw/Garbage_Dataset_Classification/images/plastic/plastic_02118.jpg,metal_plastic,plastic,kaggle
../data/raw/Garbage_Dataset_Classification/images/cardboard/cardboard_02252.jpg,cardboard_paper,cardboard,kaggle
../data/raw/Garbage_Dataset_Classification/images/plastic/plastic_02523.jpg,metal_plastic,plastic,kaggle
../data/raw/Garbage_Dataset_Classification/images/glass/glass_05444.jpg,trash,glass,kaggle
../data/raw/Garbage_Dataset_Classification/images/trash/trash_04620.jpg,trash,trash,kaggle
../data/raw/Garbage_Dataset_Classification/images/paper/paper_01510.jpg,cardboard_paper,paper,kaggle
../data/raw/Garbage_Dataset_Classification/images/glass/glass_03459.jpg,trash,glass,kaggle
../data/raw/Garbage_Dataset_Classification/images/cardboard/cardboard_02071.jpg,cardboard_paper,cardboard,kaggle
../data/raw/Garbage_Dataset_Classification/images/trash/trash_07320.jpg,trash,trash,kaggle
../data/raw/Garbage_Dataset_Classification/images/cardboard/cardboard_03064.jpg,cardboard_paper,cardboard,kaggle
../data/raw/Garbage_Dataset_Classification/images/paper/paper_02297.jpg,cardboard_paper,paper,kaggle
../data/raw/Garbage_Dataset_Classification/images/paper/paper_02768.jpg,cardboard_paper,paper,kaggle
../data/raw/Garbage_Dataset_Classification/images/paper/paper_00970.jpg,cardboard_paper,paper,kaggle
../data/raw/Garbage_Dataset_Classification/images/trash/trash_18858.jpg,trash,trash,kaggle
../data/raw/Garbage_Dataset_Classification/images/trash/trash_10755.jpg,trash,trash,kaggle
../data/raw/Garbage_Dataset_Classification/images/paper/paper_02564.jpg,cardboard_paper,paper,kaggle
../data/raw/Garbage_Dataset_Classification/images/glass/glass_01275.jpg,trash,glass,kaggle
../data/raw/Garbage_Dataset_Classification/images/plastic/plastic_00668.jpg,metal_plastic,plastic,kaggle
../data/raw/Garbage_Dataset_Classification/images/cardboard/cardboard_01845.jpg,cardboard_paper,cardboard,kaggle
../data/raw/Garbage_Dataset_Classification/images/metal/metal_00248.jpg,metal_plastic,metal,kaggle
../data/raw/Garbage_Dataset_Classification/images/trash/trash_13994.jpg,trash,trash,kaggle
../data/raw/Garbage_Dataset_Classification/images/paper/paper_03256.jpg,cardboard_paper,paper,kaggle
../data/raw/Garbage_Dataset_Classification/images/plastic/plastic_02447.jpg,metal_plastic,plastic,kaggle
../data/raw/Garbage_Dataset_Classification/images/cardboard/cardboard_01983.jpg,cardboard_paper,cardboard,kaggle
../data/raw/Garbage_Dataset_Classification/images/plastic/plastic_02420.jpg,metal_plastic,plastic,kaggle
../data/raw/Garbage_Dataset_Classification/images/paper/paper_01333.jpg,cardboard_paper,paper,kaggle
../data/raw/Garbage_Dataset_Classification/images/trash/trash_10658.jpg,trash,trash,kaggle
../data/raw/Garbage_Dataset_Classification/images/paper/paper_00872.jpg,cardboard_paper,paper,kaggle
../data/raw/Garbage_Dataset_Classification/images/plastic/plastic_00180.jpg,metal_plastic,plastic,kaggle
../data/raw/Garbage_Dataset_Classification/images/paper/paper_02525.jpg,cardboard_paper,paper,kaggle
../data/raw/Garbage_Dataset_Classification/images/plastic/plastic_02400.jpg,metal_plastic,plastic,kaggle
../data/raw/Garbage_Dataset_Classification/images/glass/glass_00159.jpg,trash,glass,kaggle
../data/raw/Garbage_Dataset_Classification/images/metal/metal_01228.jpg,metal_plastic,metal,kaggle
../data/raw/Garbage_Dataset_Classification/images/cardboard/cardboard_02760.jpg,cardboard_paper,cardboard,kaggle
../data/raw/Garbage_Dataset_Classification/images/cardboard/cardboard_01658.jpg,cardboard_paper,cardboard,kaggle
../data/raw/Garbage_Dataset_Classification/images/paper/paper_01314.jpg,cardboard_paper,paper,kaggle
../data/raw/Garbage_Dataset_Classification/images/paper/paper_02524.jpg,cardboard_paper,paper,kaggle
../data/raw/Garbage_Dataset_Classification/images/cardboard/cardboard_01484.jpg,cardboard_paper,cardboard,kaggle
../data/raw/Garbage_Dataset_Classification/images/trash/trash_20035.jpg,trash,trash,kaggle
../data/raw/Garbage_Dataset_Classification/images/glass/glass_04138.jpg,trash,glass,kaggle
../data/raw/Garbage_Dataset_Classification/images/glass/glass_04347.jpg,trash,glass,kaggle
../data/raw/Garbage_Dataset_Classification/images/paper/paper_02862.jpg,cardboard_paper,paper,kaggle
../data/raw/Garbage_Dataset_Classification/images/cardboard/cardboard_02144.jpg,cardboard_paper,cardboard,kaggle
../data/raw/Garbage_Dataset_Classification/images/metal/metal_00841.jpg,metal_plastic,metal,kaggle
../data/raw/Garbage_Dataset_Classification/images/glass/glass_04095.jpg,trash,glass,kaggle
../data/raw/Garbage_Dataset_Classification/images/paper/paper_02152.jpg,cardboard_paper,paper,kaggle
../data/raw/Garbage_Dataset_Classification/images/paper/paper_01943.jpg,cardboard_paper,paper,kaggle
../data/raw/Garbage_Dataset_Classification/images/paper/paper_02226.jpg,cardboard_paper,paper,kaggle
../data/raw/Garbage_Dataset_Classification/images/glass/glass_05192.jpg,trash,glass,kaggle
../data/custom/ecoglasses/FF07EFE2-921F-4A2F-8F09-67FB592B06AE_1_105_c.jpeg,ecoglasses,custom_ecoglasses,custom
../data/raw/Garbage_Dataset_Classification/images/glass/glass_03594.jpg,trash,glass,kaggle
../data/raw/Garbage_Dataset_Classification/images/glass/glass_00130.jpg,trash,glass,kaggle
../data/raw/Garbage_Dataset_Classification/images/metal/metal_01336.jpg,metal_plastic,metal,kaggle
../data/raw/Garbage_Dataset_Classification/images/trash/trash_11706.jpg,trash,trash,kaggle
../data/raw/Garbage_Dataset_Classification/images/cardboard/cardboard_00913.jpg,cardboard_paper,cardboard,kaggle
../data/raw/Garbage_Dataset_Classification/images/metal/metal_01642.jpg,metal_plastic,metal,kaggle
../data/raw/Garbage_Dataset_Classification/images/trash/trash_13382.jpg,trash,trash,kaggle
../data/raw/Garbage_Dataset_Classification/images/trash/trash_18009.jpg,trash,trash,kaggle
../data/raw/Garbage_Dataset_Classification/images/plastic/plastic_01129.jpg,metal_plastic,plastic,kaggle
../data/raw/Garbage_Dataset_Classification/images/glass/glass_04283.jpg,trash,glass,kaggle
../data/raw/Garbage_Dataset_Classification/images/plastic/plastic_02727.jpg,metal_plastic,plastic,kaggle
../data/raw/Garbage_Dataset_Classification/images/cardboard/cardboard_03091.jpg,cardboard_paper,cardboard,kaggle
../data/raw/Garbage_Dataset_Classification/images/metal/metal_01383.jpg,metal_plastic,metal,kaggle
../data/raw/Garbage_Dataset_Classification/images/glass/glass_05378.jpg,trash,glass,kaggle
../data/raw/Garbage_Dataset_Classification/images/paper/paper_01672.jpg,cardboard_paper,paper,kaggle
../data/raw/Garbage_Dataset_Classification/images/plastic/plastic_03015.jpg,metal_plastic,plastic,kaggle
../data/raw/Garbage_Dataset_Classification/images/cardboard/cardboard_01193.jpg,cardboard_paper,cardboard,kaggle
../data/raw/Garbage_Dataset_Classification/images/trash/trash_01319.jpg,trash,trash,kaggle
../data/raw/Garbage_Dataset_Classification/images/metal/metal_00767.jpg,metal_plastic,metal,kaggle
../data/raw/Garbage_Dataset_Classification/images/glass/glass_02975.jpg,trash,glass,kaggle
../data/raw/Garbage_Dataset_Classification/images/cardboard/cardboard_01218.jpg,cardboard_paper,cardboard,kaggle
../data/raw/Garbage_Dataset_Classification/images/glass/glass_02108.jpg,trash,glass,kaggle
../data/raw/Garbage_Dataset_Classification/images/plastic/plastic_01940.jpg,metal_plastic,plastic,kaggle
../data/raw/Garbage_Dataset_Classification/images/trash/trash_04015.jpg,trash,trash,kaggle
../data/raw/Garbage_Dataset_Classification/images/glass/glass_00509.jpg,trash,glass,kaggle
../data/raw/Garbage_Dataset_Classification/images/glass/glass_02612.jpg,trash,glass,kaggle
../data/raw/Garbage_Dataset_Classification/images/metal/metal_02004.jpg,metal_plastic,metal,kaggle
../data/raw/Garbage_Dataset_Classification/images/plastic/plastic_02799.jpg,metal_plastic,plastic,kaggle
../data/raw/Garbage_Dataset_Classification/images/trash/trash_01342.jpg,trash,trash,kaggle
../data/raw/Garbage_Dataset_Classification/images/glass/glass_00138.jpg,trash,glass,kaggle
../data/raw/Garbage_Dataset_Classification/images/trash/trash_19016.jpg,trash,trash,kaggle
../data/raw/Garbage_Dataset_Classification/images/glass/glass_01718.jpg,trash,glass,kaggle
../data/raw/Garbage_Dataset_Classification/images/glass/glass_03350.jpg,trash,glass,kaggle
../data/raw/Garbage_Dataset_Classification/images/plastic/plastic_00725.jpg,metal_plastic,plastic,kaggle
../data/raw/Garbage_Dataset_Classification/images/metal/metal_01491.jpg,metal_plastic,metal,kaggle
../data/raw/Garbage_Dataset_Classification/images/cardboard/cardboard_00049.jpg,cardboard_paper,cardboard,kaggle
../data/raw/Garbage_Dataset_Classification/images/trash/trash_07060.jpg,trash,trash,kaggle
../data/raw/Garbage_Dataset_Classification/images/plastic/plastic_02218.jpg,metal_plastic,plastic,kaggle
../data/raw/Garbage_Dataset_Classification/images/plastic/plastic_00407.jpg,metal_plastic,plastic,kaggle
../data/raw/Garbage_Dataset_Classification/images/glass/glass_00748.jpg,trash,glass,kaggle
../data/raw/Garbage_Dataset_Classification/images/metal/metal_00402.jpg,metal_plastic,metal,kaggle
../data/raw/Garbage_Dataset_Classification/images/glass/glass_00171.jpg,trash,glass,kaggle
../data/raw/Garbage_Dataset_Classification/images/metal/metal_01274.jpg,metal_plastic,metal,kaggle
../data/raw/Garbage_Dataset_Classification/images/plastic/plastic_03172.jpg,metal_plastic,plastic,kaggle
../data/raw/Garbage_Dataset_Classification/images/paper/paper_02120.jpg,cardboard_paper,paper,kaggle
../data/raw/Garbage_Dataset_Classification/images/trash/trash_07510.jpg,trash,trash,kaggle
../data/raw/Garbage_Dataset_Classification/images/glass/glass_02673.jpg,trash,glass,kaggle
../data/raw/Garbage_Dataset_Classification/images/plastic/plastic_01070.jpg,metal_plastic,plastic,kaggle
../data/raw/Garbage_Dataset_Classification/images/cardboard/cardboard_02327.jpg,cardboard_paper,cardboard,kaggle
../data/raw/Garbage_Dataset_Classification/images/trash/trash_19711.jpg,trash,trash,kaggle
../data/raw/Garbage_Dataset_Classification/images/cardboard/cardboard_01947.jpg,cardboard_paper,cardboard,kaggle
../data/raw/Garbage_Dataset_Classification/images/glass/glass_04148.jpg,trash,glass,kaggle
../data/raw/Garbage_Dataset_Classification/images/glass/glass_05140.jpg,trash,glass,kaggle
../data/raw/Garbage_Dataset_Classification/images/paper/paper_02022.jpg,cardboard_paper,paper,kaggle
../data/raw/Garbage_Dataset_Classification/images/plastic/plastic_01100.jpg,metal_plastic,plastic,kaggle
../data/raw/Garbage_Dataset_Classification/images/plastic/plastic_00426.jpg,metal_plastic,plastic,kaggle
../data/raw/Garbage_Dataset_Classification/images/glass/glass_04545.jpg,trash,glass,kaggle
../data/raw/Garbage_Dataset_Classification/images/paper/paper_01231.jpg,cardboard_paper,paper,kaggle
../data/raw/Garbage_Dataset_Classification/images/trash/trash_02984.jpg,trash,trash,kaggle
../data/raw/Garbage_Dataset_Classification/images/glass/glass_02711.jpg,trash,glass,kaggle
../data/raw/Garbage_Dataset_Classification/images/paper/paper_01581.jpg,cardboard_paper,paper,kaggle
../data/raw/Garbage_Dataset_Classification/images/plastic/plastic_02635.jpg,metal_plastic,plastic,kaggle
../data/raw/Garbage_Dataset_Classification/images/glass/glass_02609.jpg,trash,glass,kaggle
../data/raw/Garbage_Dataset_Classification/images/plastic/plastic_02138.jpg,metal_plastic,plastic,kaggle
../data/raw/Garbage_Dataset_Classification/images/glass/glass_04577.jpg,trash,glass,kaggle
../data/raw/Garbage_Dataset_Classification/images/metal/metal_00452.jpg,metal_plastic,metal,kaggle
../data/raw/Garbage_Dataset_Classification/images/trash/trash_07350.jpg,trash,trash,kaggle
../data/raw/Garbage_Dataset_Classification/images/trash/trash_07919.jpg,trash,trash,kaggle
../data/raw/Garbage_Dataset_Classification/images/paper/paper_02081.jpg,cardboard_paper,paper,kaggle
../data/raw/Garbage_Dataset_Classification/images/plastic/plastic_02808.jpg,metal_plastic,plastic,kaggle
../data/raw/Garbage_Dataset_Classification/images/metal/metal_02725.jpg,metal_plastic,metal,kaggle
../data/raw/Garbage_Dataset_Classification/images/plastic/plastic_02395.jpg,metal_plastic,plastic,kaggle
../data/raw/Garbage_Dataset_Classification/images/cardboard/cardboard_03039.jpg,cardboard_paper,cardboard,kaggle
../data/raw/Garbage_Dataset_Classification/images/glass/glass_04110.jpg,trash,glass,kaggle
../data/raw/Garbage_Dataset_Classification/images/cardboard/cardboard_02635.jpg,cardboard_paper,cardboard,kaggle
../data/raw/Garbage_Dataset_Classification/images/plastic/plastic_00335.jpg,metal_plastic,plastic,kaggle
../data/raw/Garbage_Dataset_Classification/images/plastic/plastic_00532.jpg,metal_plastic,plastic,kaggle
../data/raw/Garbage_Dataset_Classification/images/glass/glass_01363.jpg,trash,glass,kaggle
../data/raw/Garbage_Dataset_Classification/images/trash/trash_04440.jpg,trash,trash,kaggle
../data/raw/Garbage_Dataset_Classification/images/metal/metal_02702.jpg,metal_plastic,metal,kaggle
../data/raw/Garbage_Dataset_Classification/images/metal/metal_00730.jpg,metal_plastic,metal,kaggle
../data/raw/Garbage_Dataset_Classification/images/trash/trash_00299.jpg,trash,trash,kaggle
../data/raw/Garbage_Dataset_Classification/images/plastic/plastic_02731.jpg,metal_plastic,plastic,kaggle
../data/raw/Garbage_Dataset_Classification/images/plastic/plastic_02331.jpg,metal_plastic,plastic,kaggle
../data/raw/Garbage_Dataset_Classification/images/plastic/plastic_01653.jpg,metal_plastic,plastic,kaggle
../data/raw/Garbage_Dataset_Classification/images/trash/trash_11405.jpg,trash,trash,kaggle
../data/raw/Garbage_Dataset_Classification/images/glass/glass_03616.jpg,trash,glass,kaggle
../data/raw/Garbage_Dataset_Classification/images/paper/paper_00863.jpg,cardboard_paper,paper,kaggle
../data/raw/Garbage_Dataset_Classification/images/trash/trash_10016.jpg,trash,trash,kaggle
../data/raw/Garbage_Dataset_Classification/images/plastic/plastic_00861.jpg,metal_plastic,plastic,kaggle
../data/raw/Garbage_Dataset_Classification/images/metal/metal_01830.jpg,metal_plastic,metal,kaggle
../data/raw/Garbage_Dataset_Classification/images/cardboard/cardboard_00831.jpg,cardboard_paper,cardboard,kaggle
../data/raw/Garbage_Dataset_Classification/images/cardboard/cardboard_02525.jpg,cardboard_paper,cardboard,kaggle
../data/raw/Garbage_Dataset_Classification/images/plastic/plastic_00889.jpg,metal_plastic,plastic,kaggle
../data/raw/Garbage_Dataset_Classification/images/plastic/plastic_03070.jpg,metal_plastic,plastic,kaggle
../data/raw/Garbage_Dataset_Classification/images/metal/metal_01355.jpg,metal_plastic,metal,kaggle
../data/raw/Garbage_Dataset_Classification/images/paper/paper_01186.jpg,cardboard_paper,paper,kaggle
../data/raw/Garbage_Dataset_Classification/images/metal/metal_00503.jpg,metal_plastic,metal,kaggle
../data/raw/Garbage_Dataset_Classification/images/trash/trash_05311.jpg,trash,trash,kaggle
../data/raw/Garbage_Dataset_Classification/images/paper/paper_02704.jpg,cardboard_paper,paper,kaggle
../data/raw/Garbage_Dataset_Classification/images/trash/trash_16361.jpg,trash,trash,kaggle
../data/raw/Garbage_Dataset_Classification/images/plastic/plastic_02348.jpg,metal_plastic,plastic,kaggle
../data/raw/Garbage_Dataset_Classification/images/glass/glass_02015.jpg,trash,glass,kaggle
../data/raw/Garbage_Dataset_Classification/images/plastic/plastic_02795.jpg,metal_plastic,plastic,kaggle
../data/raw/Garbage_Dataset_Classification/images/plastic/plastic_02179.jpg,metal_plastic,plastic,kaggle
../data/raw/Garbage_Dataset_Classification/images/metal/metal_00274.jpg,metal_plastic,metal,kaggle
../data/raw/Garbage_Dataset_Classification/images/cardboard/cardboard_02209.jpg,cardboard_paper,cardboard,kaggle
../data/raw/Garbage_Dataset_Classification/images/cardboard/cardboard_01827.jpg,cardboard_paper,cardboard,kaggle
../data/raw/Garbage_Dataset_Classification/images/cardboard/cardboard_01370.jpg,cardboard_paper,cardboard,kaggle
../data/raw/Garbage_Dataset_Classification/images/glass/glass_04194.jpg,trash,glass,kaggle
../data/raw/Garbage_Dataset_Classification/images/cardboard/cardboard_02803.jpg,cardboard_paper,cardboard,kaggle
../data/raw/Garbage_Dataset_Classification/images/trash/trash_09697.jpg,trash,trash,kaggle
../data/raw/Garbage_Dataset_Classification/images/glass/glass_01025.jpg,trash,glass,kaggle
../data/raw/Garbage_Dataset_Classification/images/cardboard/cardboard_01881.jpg,cardboard_paper,cardboard,kaggle
../data/raw/Garbage_Dataset_Classification/images/metal/metal_02442.jpg,metal_plastic,metal,kaggle
../data/raw/Garbage_Dataset_Classification/images/glass/glass_00674.jpg,trash,glass,kaggle
../data/raw/Garbage_Dataset_Classification/images/cardboard/cardboard_02813.jpg,cardboard_paper,cardboard,kaggle
../data/raw/Garbage_Dataset_Classification/images/paper/paper_02883.jpg,cardboard_paper,paper,kaggle
../data/raw/Garbage_Dataset_Classification/images/cardboard/cardboard_00521.jpg,cardboard_paper,cardboard,kaggle
../data/raw/Garbage_Dataset_Classification/images/trash/trash_01703.jpg,trash,trash,kaggle
../data/raw/Garbage_Dataset_Classification/images/paper/paper_01693.jpg,cardboard_paper,paper,kaggle
../data/raw/Garbage_Dataset_Classification/images/plastic/plastic_01698.jpg,metal_plastic,plastic,kaggle
../data/raw/Garbage_Dataset_Classification/images/trash/trash_09186.jpg,trash,trash,kaggle
../data/raw/Garbage_Dataset_Classification/images/metal/metal_02691.jpg,metal_plastic,metal,kaggle
../data/raw/Garbage_Dataset_Classification/images/glass/glass_03207.jpg,trash,glass,kaggle
../data/raw/Garbage_Dataset_Classification/images/metal/metal_01794.jpg,metal_plastic,metal,kaggle
../data/raw/Garbage_Dataset_Classification/images/cardboard/cardboard_02703.jpg,cardboard_paper,cardboard,kaggle
../data/raw/Garbage_Dataset_Classification/images/trash/trash_15063.jpg,trash,trash,kaggle
../data/raw/Garbage_Dataset_Classification/images/plastic/plastic_01985.jpg,metal_plastic,plastic,kaggle
../data/raw/Garbage_Dataset_Classification/images/metal/metal_02386.jpg,metal_plastic,metal,kaggle
../data/raw/Garbage_Dataset_Classification/images/paper/paper_00893.jpg,cardboard_paper,paper,kaggle
../data/raw/Garbage_Dataset_Classification/images/glass/glass_02418.jpg,trash,glass,kaggle
../data/raw/Garbage_Dataset_Classification/images/glass/glass_02931.jpg,trash,glass,kaggle
../data/raw/Garbage_Dataset_Classification/images/paper/paper_02876.jpg,cardboard_paper,paper,kaggle
../data/raw/Garbage_Dataset_Classification/images/glass/glass_02906.jpg,trash,glass,kaggle
../data/raw/Garbage_Dataset_Classification/images/metal/metal_00118.jpg,metal_plastic,metal,kaggle
../data/raw/Garbage_Dataset_Classification/images/cardboard/cardboard_02364.jpg,cardboard_paper,cardboard,kaggle
../data/raw/Garbage_Dataset_Classification/images/metal/metal_02134.jpg,metal_plastic,metal,kaggle
../data/raw/Garbage_Dataset_Classification/images/trash/trash_14386.jpg,trash,trash,kaggle
../data/raw/Garbage_Dataset_Classification/images/plastic/plastic_02174.jpg,metal_plastic,plastic,kaggle
../data/raw/Garbage_Dataset_Classification/images/glass/glass_01366.jpg,trash,glass,kaggle
../data/raw/Garbage_Dataset_Classification/images/cardboard/cardboard_01540.jpg,cardboard_paper,cardboard,kaggle
../data/raw/Garbage_Dataset_Classification/images/cardboard/cardboard_02165.jpg,cardboard_paper,cardboard,kaggle
../data/raw/Garbage_Dataset_Classification/images/plastic/plastic_00709.jpg,metal_plastic,plastic,kaggle
../data/raw/Garbage_Dataset_Classification/images/plastic/plastic_02501.jpg,metal_plastic,plastic,kaggle
../data/raw/Garbage_Dataset_Classification/images/trash/trash_15733.jpg,trash,trash,kaggle
../data/raw/Garbage_Dataset_Classification/images/paper/paper_01655.jpg,cardboard_paper,paper,kaggle
../data/raw/Garbage_Dataset_Classification/images/plastic/plastic_03122.jpg,metal_plastic,plastic,kaggle
../data/raw/Garbage_Dataset_Classification/images/plastic/plastic_02672.jpg,metal_plastic,plastic,kaggle
../data/raw/Garbage_Dataset_Classification/images/cardboard/cardboard_01582.jpg,cardboard_paper,cardboard,kaggle
../data/raw/Garbage_Dataset_Classification/images/cardboard/cardboard_00930.jpg,cardboard_paper,cardboard,kaggle
../data/raw/Garbage_Dataset_Classification/images/paper/paper_01063.jpg,cardboard_paper,paper,kaggle
../data/raw/Garbage_Dataset_Classification/images/plastic/plastic_03091.jpg,metal_plastic,plastic,kaggle
../data/raw/Garbage_Dataset_Classification/images/trash/trash_02935.jpg,trash,trash,kaggle
../data/raw/Garbage_Dataset_Classification/images/trash/trash_05756.jpg,trash,trash,kaggle
../data/raw/Garbage_Dataset_Classification/images/plastic/plastic_02964.jpg,metal_plastic,plastic,kaggle
../data/raw/Garbage_Dataset_Classification/images/paper/paper_00714.jpg,cardboard_paper,paper,kaggle
../data/raw/Garbage_Dataset_Classification/images/metal/metal_02170.jpg,metal_plastic,metal,kaggle
../data/raw/Garbage_Dataset_Classification/images/trash/trash_15614.jpg,trash,trash,kaggle
../data/raw/Garbage_Dataset_Classification/images/cardboard/cardboard_02537.jpg,cardboard_paper,cardboard,kaggle
../data/raw/Garbage_Dataset_Classification/images/glass/glass_00760.jpg,trash,glass,kaggle
../data/raw/Garbage_Dataset_Classification/images/paper/paper_02474.jpg,cardboard_paper,paper,kaggle
../data/raw/Garbage_Dataset_Classification/images/trash/trash_08461.jpg,trash,trash,kaggle
../data/raw/Garbage_Dataset_Classification/images/glass/glass_01762.jpg,trash,glass,kaggle
../data/raw/Garbage_Dataset_Classification/images/glass/glass_04233.jpg,trash,glass,kaggle
../data/raw/Garbage_Dataset_Classification/images/trash/trash_19841.jpg,trash,trash,kaggle
../data/raw/Garbage_Dataset_Classification/images/metal/metal_01441.jpg,metal_plastic,metal,kaggle
../data/raw/Garbage_Dataset_Classification/images/glass/glass_01977.jpg,trash,glass,kaggle
../data/raw/Garbage_Dataset_Classification/images/paper/paper_01382.jpg,cardboard_paper,paper,kaggle
../data/raw/Garbage_Dataset_Classification/images/metal/metal_01956.jpg,metal_plastic,metal,kaggle
../data/raw/Garbage_Dataset_Classification/images/glass/glass_03483.jpg,trash,glass,kaggle
../data/raw/Garbage_Dataset_Classification/images/trash/trash_04574.jpg,trash,trash,kaggle
../data/raw/Garbage_Dataset_Classification/images/trash/trash_16230.jpg,trash,trash,kaggle
../data/raw/Garbage_Dataset_Classification/images/paper/paper_02063.jpg,cardboard_paper,paper,kaggle
../data/raw/Garbage_Dataset_Classification/images/plastic/plastic_01093.jpg,metal_plastic,plastic,kaggle
../data/raw/Garbage_Dataset_Classification/images/cardboard/cardboard_01443.jpg,cardboard_paper,cardboard,kaggle
../data/raw/Garbage_Dataset_Classification/images/paper/paper_02715.jpg,cardboard_paper,paper,kaggle
../data/raw/Garbage_Dataset_Classification/images/paper/paper_01950.jpg,cardboard_paper,paper,kaggle
../data/raw/Garbage_Dataset_Classification/images/plastic/plastic_01728.jpg,metal_plastic,plastic,kaggle
../data/raw/Garbage_Dataset_Classification/images/trash/trash_17192.jpg,trash,trash,kaggle
../data/raw/Garbage_Dataset_Classification/images/paper/paper_01057.jpg,cardboard_paper,paper,kaggle
../data/raw/Garbage_Dataset_Classification/images/plastic/plastic_01934.jpg,metal_plastic,plastic,kaggle
../data/raw/Garbage_Dataset_Classification/images/plastic/plastic_02871.jpg,metal_plastic,plastic,kaggle
../data/raw/Garbage_Dataset_Classification/images/trash/trash_05782.jpg,trash,trash,kaggle
../data/raw/Garbage_Dataset_Classification/images/metal/metal_02163.jpg,metal_plastic,metal,kaggle
../data/raw/Garbage_Dataset_Classification/images/glass/glass_05092.jpg,trash,glass,kaggle
../data/raw/Garbage_Dataset_Classification/images/cardboard/cardboard_03031.jpg,cardboard_paper,cardboard,kaggle
../data/raw/Garbage_Dataset_Classification/images/glass/glass_02631.jpg,trash,glass,kaggle
../data/raw/Garbage_Dataset_Classification/images/glass/glass_02214.jpg,trash,glass,kaggle
../data/raw/Garbage_Dataset_Classification/images/paper/paper_03259.jpg,cardboard_paper,paper,kaggle
../data/raw/Garbage_Dataset_Classification/images/trash/trash_09097.jpg,trash,trash,kaggle
../data/raw/Garbage_Dataset_Classification/images/metal/metal_00879.jpg,metal_plastic,metal,kaggle
../data/raw/Garbage_Dataset_Classification/images/cardboard/cardboard_00988.jpg,cardboard_paper,cardboard,kaggle
../data/raw/Garbage_Dataset_Classification/images/plastic/plastic_01826.jpg,metal_plastic,plastic,kaggle
../data/raw/Garbage_Dataset_Classification/images/trash/trash_08608.jpg,trash,trash,kaggle
../data/raw/Garbage_Dataset_Classification/images/cardboard/cardboard_01720.jpg,cardboard_paper,cardboard,kaggle
../data/raw/Garbage_Dataset_Classification/images/metal/metal_01207.jpg,metal_plastic,metal,kaggle
../data/raw/Garbage_Dataset_Classification/images/trash/trash_14646.jpg,trash,trash,kaggle
../data/raw/Garbage_Dataset_Classification/images/metal/metal_01289.jpg,metal_plastic,metal,kaggle
../data/raw/Garbage_Dataset_Classification/images/paper/paper_00829.jpg,cardboard_paper,paper,kaggle
../data/raw/Garbage_Dataset_Classification/images/trash/trash_10720.jpg,trash,trash,kaggle
../data/raw/Garbage_Dataset_Classification/images/cardboard/cardboard_02366.jpg,cardboard_paper,cardboard,kaggle
../data/raw/Garbage_Dataset_Classification/images/glass/glass_03002.jpg,trash,glass,kaggle
../data/raw/Garbage_Dataset_Classification/images/glass/glass_01599.jpg,trash,glass,kaggle
../data/raw/Garbage_Dataset_Classification/images/metal/metal_02196.jpg,metal_plastic,metal,kaggle
../data/raw/Garbage_Dataset_Classification/images/cardboard/cardboard_01448.jpg,cardboard_paper,cardboard,kaggle
../data/raw/Garbage_Dataset_Classification/images/trash/trash_09943.jpg,trash,trash,kaggle
../data/raw/Garbage_Dataset_Classification/images/metal/metal_02006.jpg,metal_plastic,metal,kaggle
../data/raw/Garbage_Dataset_Classification/images/cardboard/cardboard_02758.jpg,cardboard_paper,cardboard,kaggle
../data/raw/Garbage_Dataset_Classification/images/trash/trash_13004.jpg,trash,trash,kaggle
../data/raw/Garbage_Dataset_Classification/images/paper/paper_01987.jpg,cardboard_paper,paper,kaggle
../data/raw/Garbage_Dataset_Classification/images/metal/metal_01340.jpg,metal_plastic,metal,kaggle
../data/raw/Garbage_Dataset_Classification/images/trash/trash_11756.jpg,trash,trash,kaggle
../data/raw/Garbage_Dataset_Classification/images/plastic/plastic_03231.jpg,metal_plastic,plastic,kaggle
../data/raw/Garbage_Dataset_Classification/images/paper/paper_01808.jpg,cardboard_paper,paper,kaggle
../data/raw/Garbage_Dataset_Classification/images/plastic/plastic_02514.jpg,metal_plastic,plastic,kaggle
../data/raw/Garbage_Dataset_Classification/images/metal/metal_01984.jpg,metal_plastic,metal,kaggle
../data/raw/Garbage_Dataset_Classification/images/glass/glass_05006.jpg,trash,glass,kaggle
../data/raw/Garbage_Dataset_Classification/images/glass/glass_05271.jpg,trash,glass,kaggle
../data/raw/Garbage_Dataset_Classification/images/glass/glass_01251.jpg,trash,glass,kaggle
../data/raw/Garbage_Dataset_Classification/images/trash/trash_12043.jpg,trash,trash,kaggle
../data/raw/Garbage_Dataset_Classification/images/trash/trash_02497.jpg,trash,trash,kaggle
../data/raw/Garbage_Dataset_Classification/images/paper/paper_00375.jpg,cardboard_paper,paper,kaggle
../data/raw/Garbage_Dataset_Classification/images/plastic/plastic_00222.jpg,metal_plastic,plastic,kaggle
../data/raw/Garbage_Dataset_Classification/images/metal/metal_02246.jpg,metal_plastic,metal,kaggle
../data/raw/Garbage_Dataset_Classification/images/metal/metal_01172.jpg,metal_plastic,metal,kaggle
../data/raw/Garbage_Dataset_Classification/images/trash/trash_15730.jpg,trash,trash,kaggle
../data/raw/Garbage_Dataset_Classification/images/paper/paper_02826.jpg,cardboard_paper,paper,kaggle
../data/raw/Garbage_Dataset_Classification/images/trash/trash_07394.jpg,trash,trash,kaggle
../data/raw/Garbage_Dataset_Classification/images/plastic/plastic_02793.jpg,metal_plastic,plastic,kaggle
../data/raw/Garbage_Dataset_Classification/images/paper/paper_00326.jpg,cardboard_paper,paper,kaggle
../data/raw/Garbage_Dataset_Classification/images/cardboard/cardboard_00124.jpg,cardboard_paper,cardboard,kaggle
../data/raw/Garbage_Dataset_Classification/images/trash/trash_06031.jpg,trash,trash,kaggle
../data/raw/Garbage_Dataset_Classification/images/metal/metal_02640.jpg,metal_plastic,metal,kaggle
../data/raw/Garbage_Dataset_Classification/images/plastic/plastic_03063.jpg,metal_plastic,plastic,kaggle
../data/raw/Garbage_Dataset_Classification/images/glass/glass_04532.jpg,trash,glass,kaggle
../data/raw/Garbage_Dataset_Classification/images/trash/trash_19653.jpg,trash,trash,kaggle
../data/raw/Garbage_Dataset_Classification/images/trash/trash_04741.jpg,trash,trash,kaggle
../data/raw/Garbage_Dataset_Classification/images/cardboard/cardboard_03047.jpg,cardboard_paper,cardboard,kaggle
../data/raw/Garbage_Dataset_Classification/images/trash/trash_12949.jpg,trash,trash,kaggle
../data/raw/Garbage_Dataset_Classification/images/glass/glass_02604.jpg,trash,glass,kaggle
../data/raw/Garbage_Dataset_Classification/images/trash/trash_14399.jpg,trash,trash,kaggle
../data/raw/Garbage_Dataset_Classification/images/trash/trash_11875.jpg,trash,trash,kaggle
../data/raw/Garbage_Dataset_Classification/images/plastic/plastic_01712.jpg,metal_plastic,plastic,kaggle
../data/raw/Garbage_Dataset_Classification/images/glass/glass_00632.jpg,trash,glass,kaggle
../data/raw/Garbage_Dataset_Classification/images/trash/trash_07682.jpg,trash,trash,kaggle
../data/raw/Garbage_Dataset_Classification/images/plastic/plastic_02734.jpg,metal_plastic,plastic,kaggle
../data/raw/Garbage_Dataset_Classification/images/glass/glass_04346.jpg,trash,glass,kaggle
../data/raw/Garbage_Dataset_Classification/images/plastic/plastic_01499.jpg,metal_plastic,plastic,kaggle
../data/raw/Garbage_Dataset_Classification/images/metal/metal_02124.jpg,metal_plastic,metal,kaggle
../data/raw/Garbage_Dataset_Classification/images/metal/metal_02255.jpg,metal_plastic,metal,kaggle
../data/raw/Garbage_Dataset_Classification/images/paper/paper_00625.jpg,cardboard_paper,paper,kaggle
../data/raw/Garbage_Dataset_Classification/images/paper/paper_00598.jpg,cardboard_paper,paper,kaggle
../data/raw/Garbage_Dataset_Classification/images/metal/metal_00985.jpg,metal_plastic,metal,kaggle
../data/raw/Garbage_Dataset_Classification/images/plastic/plastic_00574.jpg,metal_plastic,plastic,kaggle
../data/raw/Garbage_Dataset_Classification/images/paper/paper_02900.jpg,cardboard_paper,paper,kaggle
../data/raw/Garbage_Dataset_Classification/images/glass/glass_00904.jpg,trash,glass,kaggle
../data/raw/Garbage_Dataset_Classification/images/trash/trash_07976.jpg,trash,trash,kaggle
../data/raw/Garbage_Dataset_Classification/images/paper/paper_02191.jpg,cardboard_paper,paper,kaggle
../data/raw/Garbage_Dataset_Classification/images/cardboard/cardboard_01490.jpg,cardboard_paper,cardboard,kaggle
../data/raw/Garbage_Dataset_Classification/images/paper/paper_02899.jpg,cardboard_paper,paper,kaggle
../data/raw/Garbage_Dataset_Classification/images/cardboard/cardboard_02831.jpg,cardboard_paper,cardboard,kaggle
../data/raw/Garbage_Dataset_Classification/images/glass/glass_02109.jpg,trash,glass,kaggle
../data/raw/Garbage_Dataset_Classification/images/glass/glass_02660.jpg,trash,glass,kaggle
../data/raw/Garbage_Dataset_Classification/images/trash/trash_13034.jpg,trash,trash,kaggle
../data/raw/Garbage_Dataset_Classification/images/paper/paper_02138.jpg,cardboard_paper,paper,kaggle
../data/raw/Garbage_Dataset_Classification/images/cardboard/cardboard_01703.jpg,cardboard_paper,cardboard,kaggle
../data/custom/ecoglasses/EDDF6F06-EAD9-4137-896E-BE482017883A_1_105_c.jpeg,ecoglasses,custom_ecoglasses,custom
../data/raw/Garbage_Dataset_Classification/images/trash/trash_18938.jpg,trash,trash,kaggle
../data/raw/Garbage_Dataset_Classification/images/cardboard/cardboard_02445.jpg,cardboard_paper,cardboard,kaggle
../data/raw/Garbage_Dataset_Classification/images/trash/trash_02703.jpg,trash,trash,kaggle
../data/raw/Garbage_Dataset_Classification/images/paper/paper_02955.jpg,cardboard_paper,paper,kaggle
../data/raw/Garbage_Dataset_Classification/images/paper/paper_00790.jpg,cardboard_paper,paper,kaggle
../data/raw/Garbage_Dataset_Classification/images/paper/paper_02902.jpg,cardboard_paper,paper,kaggle
../data/raw/Garbage_Dataset_Classification/images/paper/paper_03057.jpg,cardboard_paper,paper,kaggle
../data/raw/Garbage_Dataset_Classification/images/plastic/plastic_00772.jpg,metal_plastic,plastic,kaggle
../data/raw/Garbage_Dataset_Classification/images/cardboard/cardboard_01274.jpg,cardboard_paper,cardboard,kaggle
../data/raw/Garbage_Dataset_Classification/images/glass/glass_05088.jpg,trash,glass,kaggle
../data/raw/Garbage_Dataset_Classification/images/glass/glass_05421.jpg,trash,glass,kaggle
../data/raw/Garbage_Dataset_Classification/images/plastic/plastic_01565.jpg,metal_plastic,plastic,kaggle
../data/raw/Garbage_Dataset_Classification/images/plastic/plastic_02819.jpg,metal_plastic,plastic,kaggle
../data/raw/Garbage_Dataset_Classification/images/paper/paper_01774.jpg,cardboard_paper,paper,kaggle
../data/raw/Garbage_Dataset_Classification/images/metal/metal_01978.jpg,metal_plastic,metal,kaggle
../data/raw/Garbage_Dataset_Classification/images/paper/paper_02205.jpg,cardboard_paper,paper,kaggle
../data/raw/Garbage_Dataset_Classification/images/metal/metal_01205.jpg,metal_plastic,metal,kaggle
../data/raw/Garbage_Dataset_Classification/images/paper/paper_02907.jpg,cardboard_paper,paper,kaggle
../data/raw/Garbage_Dataset_Classification/images/metal/metal_00929.jpg,metal_plastic,metal,kaggle
../data/raw/Garbage_Dataset_Classification/images/cardboard/cardboard_00969.jpg,cardboard_paper,cardboard,kaggle
../data/raw/Garbage_Dataset_Classification/images/glass/glass_01206.jpg,trash,glass,kaggle
../data/raw/Garbage_Dataset_Classification/images/glass/glass_00968.jpg,trash,glass,kaggle
../data/raw/Garbage_Dataset_Classification/images/metal/metal_02382.jpg,metal_plastic,metal,kaggle
../data/raw/Garbage_Dataset_Classification/images/plastic/plastic_01840.jpg,metal_plastic,plastic,kaggle
../data/raw/Garbage_Dataset_Classification/images/paper/paper_01332.jpg,cardboard_paper,paper,kaggle
../data/raw/Garbage_Dataset_Classification/images/glass/glass_01621.jpg,trash,glass,kaggle
../data/raw/Garbage_Dataset_Classification/images/paper/paper_02916.jpg,cardboard_paper,paper,kaggle
../data/raw/Garbage_Dataset_Classification/images/glass/glass_01651.jpg,trash,glass,kaggle
../data/raw/Garbage_Dataset_Classification/images/plastic/plastic_02579.jpg,metal_plastic,plastic,kaggle
../data/raw/Garbage_Dataset_Classification/images/glass/glass_03108.jpg,trash,glass,kaggle
../data/raw/Garbage_Dataset_Classification/images/cardboard/cardboard_01368.jpg,cardboard_paper,cardboard,kaggle
../data/raw/Garbage_Dataset_Classification/images/trash/trash_04985.jpg,trash,trash,kaggle
../data/raw/Garbage_Dataset_Classification/images/metal/metal_02591.jpg,metal_plastic,metal,kaggle
../data/raw/Garbage_Dataset_Classification/images/metal/metal_02143.jpg,metal_plastic,metal,kaggle
../data/raw/Garbage_Dataset_Classification/images/trash/trash_09037.jpg,trash,trash,kaggle
../data/raw/Garbage_Dataset_Classification/images/glass/glass_00477.jpg,trash,glass,kaggle
../data/raw/Garbage_Dataset_Classification/images/metal/metal_01572.jpg,metal_plastic,metal,kaggle
../data/raw/Garbage_Dataset_Classification/images/trash/trash_13804.jpg,trash,trash,kaggle
../data/raw/Garbage_Dataset_Classification/images/cardboard/cardboard_01966.jpg,cardboard_paper,cardboard,kaggle
../data/raw/Garbage_Dataset_Classification/images/trash/trash_03902.jpg,trash,trash,kaggle
../data/raw/Garbage_Dataset_Classification/images/plastic/plastic_02788.jpg,metal_plastic,plastic,kaggle
../data/raw/Garbage_Dataset_Classification/images/plastic/plastic_02225.jpg,metal_plastic,plastic,kaggle
../data/raw/Garbage_Dataset_Classification/images/cardboard/cardboard_01469.jpg,cardboard_paper,cardboard,kaggle
../data/raw/Garbage_Dataset_Classification/images/cardboard/cardboard_00429.jpg,cardboard_paper,cardboard,kaggle
../data/raw/Garbage_Dataset_Classification/images/plastic/plastic_02895.jpg,metal_plastic,plastic,kaggle
../data/raw/Garbage_Dataset_Classification/images/glass/glass_00537.jpg,trash,glass,kaggle
../data/raw/Garbage_Dataset_Classification/images/cardboard/cardboard_02411.jpg,cardboard_paper,cardboard,kaggle
../data/raw/Garbage_Dataset_Classification/images/plastic/plastic_01355.jpg,metal_plastic,plastic,kaggle
../data/raw/Garbage_Dataset_Classification/images/metal/metal_01073.jpg,metal_plastic,metal,kaggle
../data/raw/Garbage_Dataset_Classification/images/glass/glass_01204.jpg,trash,glass,kaggle
../data/raw/Garbage_Dataset_Classification/images/paper/paper_01805.jpg,cardboard_paper,paper,kaggle
../data/raw/Garbage_Dataset_Classification/images/paper/paper_03101.jpg,cardboard_paper,paper,kaggle
../data/raw/Garbage_Dataset_Classification/images/paper/paper_01081.jpg,cardboard_paper,paper,kaggle
../data/raw/Garbage_Dataset_Classification/images/cardboard/cardboard_01501.jpg,cardboard_paper,cardboard,kaggle
../data/raw/Garbage_Dataset_Classification/images/glass/glass_03299.jpg,trash,glass,kaggle
../data/raw/Garbage_Dataset_Classification/images/metal/metal_01654.jpg,metal_plastic,metal,kaggle
../data/raw/Garbage_Dataset_Classification/images/cardboard/cardboard_00753.jpg,cardboard_paper,cardboard,kaggle
../data/raw/Garbage_Dataset_Classification/images/trash/trash_12133.jpg,trash,trash,kaggle
../data/raw/Garbage_Dataset_Classification/images/trash/trash_00044.jpg,trash,trash,kaggle
../data/raw/Garbage_Dataset_Classification/images/glass/glass_01907.jpg,trash,glass,kaggle
../data/raw/Garbage_Dataset_Classification/images/cardboard/cardboard_03048.jpg,cardboard_paper,cardboard,kaggle
../data/raw/Garbage_Dataset_Classification/images/metal/metal_01865.jpg,metal_plastic,metal,kaggle
../data/raw/Garbage_Dataset_Classification/images/cardboard/cardboard_01384.jpg,cardboard_paper,cardboard,kaggle
../data/raw/Garbage_Dataset_Classification/images/paper/paper_02634.jpg,cardboard_paper,paper,kaggle
../data/raw/Garbage_Dataset_Classification/images/trash/trash_07390.jpg,trash,trash,kaggle
../data/raw/Garbage_Dataset_Classification/images/metal/metal_01425.jpg,metal_plastic,metal,kaggle
../data/raw/Garbage_Dataset_Classification/images/plastic/plastic_03314.jpg,metal_plastic,plastic,kaggle
../data/raw/Garbage_Dataset_Classification/images/plastic/plastic_02826.jpg,metal_plastic,plastic,kaggle
../data/raw/Garbage_Dataset_Classification/images/plastic/plastic_02878.jpg,metal_plastic,plastic,kaggle
../data/raw/Garbage_Dataset_Classification/images/plastic/plastic_03196.jpg,metal_plastic,plastic,kaggle
../data/raw/Garbage_Dataset_Classification/images/metal/metal_01930.jpg,metal_plastic,metal,kaggle
../data/raw/Garbage_Dataset_Classification/images/trash/trash_08441.jpg,trash,trash,kaggle
../data/raw/Garbage_Dataset_Classification/images/cardboard/cardboard_02552.jpg,cardboard_paper,cardboard,kaggle
../data/raw/Garbage_Dataset_Classification/images/plastic/plastic_00025.jpg,metal_plastic,plastic,kaggle
../data/raw/Garbage_Dataset_Classification/images/trash/trash_01523.jpg,trash,trash,kaggle
../data/raw/Garbage_Dataset_Classification/images/paper/paper_02928.jpg,cardboard_paper,paper,kaggle
../data/raw/Garbage_Dataset_Classification/images/glass/glass_03638.jpg,trash,glass,kaggle
../data/raw/Garbage_Dataset_Classification/images/glass/glass_04118.jpg,trash,glass,kaggle
../data/raw/Garbage_Dataset_Classification/images/glass/glass_00189.jpg,trash,glass,kaggle
../data/raw/Garbage_Dataset_Classification/images/cardboard/cardboard_01343.jpg,cardboard_paper,cardboard,kaggle
../data/raw/Garbage_Dataset_Classification/images/plastic/plastic_01233.jpg,metal_plastic,plastic,kaggle
../data/raw/Garbage_Dataset_Classification/images/paper/paper_01732.jpg,cardboard_paper,paper,kaggle
../data/raw/Garbage_Dataset_Classification/images/paper/paper_02092.jpg,cardboard_paper,paper,kaggle
../data/raw/Garbage_Dataset_Classification/images/trash/trash_07831.jpg,trash,trash,kaggle
../data/raw/Garbage_Dataset_Classification/images/trash/trash_01698.jpg,trash,trash,kaggle
../data/raw/Garbage_Dataset_Classification/images/plastic/plastic_01525.jpg,metal_plastic,plastic,kaggle
../data/raw/Garbage_Dataset_Classification/images/cardboard/cardboard_02584.jpg,cardboard_paper,cardboard,kaggle
../data/raw/Garbage_Dataset_Classification/images/glass/glass_02351.jpg,trash,glass,kaggle
../data/raw/Garbage_Dataset_Classification/images/trash/trash_00854.jpg,trash,trash,kaggle
../data/raw/Garbage_Dataset_Classification/images/trash/trash_10327.jpg,trash,trash,kaggle
../data/raw/Garbage_Dataset_Classification/images/glass/glass_01296.jpg,trash,glass,kaggle
../data/raw/Garbage_Dataset_Classification/images/plastic/plastic_02414.jpg,metal_plastic,plastic,kaggle
../data/raw/Garbage_Dataset_Classification/images/cardboard/cardboard_01603.jpg,cardboard_paper,cardboard,kaggle
../data/raw/Garbage_Dataset_Classification/images/cardboard/cardboard_01735.jpg,cardboard_paper,cardboard,kaggle
../data/raw/Garbage_Dataset_Classification/images/plastic/plastic_01798.jpg,metal_plastic,plastic,kaggle
../data/raw/Garbage_Dataset_Classification/images/paper/paper_02221.jpg,cardboard_paper,paper,kaggle
../data/raw/Garbage_Dataset_Classification/images/cardboard/cardboard_03006.jpg,cardboard_paper,cardboard,kaggle
../data/raw/Garbage_Dataset_Classification/images/cardboard/cardboard_01977.jpg,cardboard_paper,cardboard,kaggle
../data/raw/Garbage_Dataset_Classification/images/metal/metal_01842.jpg,metal_plastic,metal,kaggle
../data/raw/Garbage_Dataset_Classification/images/cardboard/cardboard_02677.jpg,cardboard_paper,cardboard,kaggle
../data/raw/Garbage_Dataset_Classification/images/plastic/plastic_00664.jpg,metal_plastic,plastic,kaggle
../data/raw/Garbage_Dataset_Classification/images/paper/paper_02555.jpg,cardboard_paper,paper,kaggle
../data/raw/Garbage_Dataset_Classification/images/plastic/plastic_02367.jpg,metal_plastic,plastic,kaggle
../data/raw/Garbage_Dataset_Classification/images/metal/metal_02536.jpg,metal_plastic,metal,kaggle
../data/raw/Garbage_Dataset_Classification/images/cardboard/cardboard_01769.jpg,cardboard_paper,cardboard,kaggle
../data/raw/Garbage_Dataset_Classification/images/metal/metal_02359.jpg,metal_plastic,metal,kaggle
../data/raw/Garbage_Dataset_Classification/images/paper/paper_02764.jpg,cardboard_paper,paper,kaggle
../data/raw/Garbage_Dataset_Classification/images/glass/glass_00777.jpg,trash,glass,kaggle
../data/raw/Garbage_Dataset_Classification/images/cardboard/cardboard_01624.jpg,cardboard_paper,cardboard,kaggle
../data/raw/Garbage_Dataset_Classification/images/plastic/plastic_01773.jpg,metal_plastic,plastic,kaggle
../data/raw/Garbage_Dataset_Classification/images/cardboard/cardboard_01377.jpg,cardboard_paper,cardboard,kaggle
../data/raw/Garbage_Dataset_Classification/images/paper/paper_01689.jpg,cardboard_paper,paper,kaggle
../data/raw/Garbage_Dataset_Classification/images/glass/glass_01614.jpg,trash,glass,kaggle
../data/raw/Garbage_Dataset_Classification/images/paper/paper_02493.jpg,cardboard_paper,paper,kaggle
../data/raw/Garbage_Dataset_Classification/images/glass/glass_01119.jpg,trash,glass,kaggle
../data/raw/Garbage_Dataset_Classification/images/plastic/plastic_01334.jpg,metal_plastic,plastic,kaggle
../data/raw/Garbage_Dataset_Classification/images/metal/metal_01365.jpg,metal_plastic,metal,kaggle
../data/raw/Garbage_Dataset_Classification/images/trash/trash_16347.jpg,trash,trash,kaggle
../data/raw/Garbage_Dataset_Classification/images/paper/paper_03038.jpg,cardboard_paper,paper,kaggle
../data/raw/Garbage_Dataset_Classification/images/plastic/plastic_02945.jpg,metal_plastic,plastic,kaggle
../data/raw/Garbage_Dataset_Classification/images/cardboard/cardboard_02032.jpg,cardboard_paper,cardboard,kaggle
../data/raw/Garbage_Dataset_Classification/images/metal/metal_01356.jpg,metal_plastic,metal,kaggle
../data/raw/Garbage_Dataset_Classification/images/paper/paper_02146.jpg,cardboard_paper,paper,kaggle
../data/raw/Garbage_Dataset_Classification/images/paper/paper_02598.jpg,cardboard_paper,paper,kaggle
../data/raw/Garbage_Dataset_Classification/images/paper/paper_01127.jpg,cardboard_paper,paper,kaggle
../data/raw/Garbage_Dataset_Classification/images/metal/metal_01777.jpg,metal_plastic,metal,kaggle
../data/raw/Garbage_Dataset_Classification/images/trash/trash_02430.jpg,trash,trash,kaggle
../data/raw/Garbage_Dataset_Classification/images/metal/metal_01597.jpg,metal_plastic,metal,kaggle
../data/raw/Garbage_Dataset_Classification/images/paper/paper_02013.jpg,cardboard_paper,paper,kaggle
../data/raw/Garbage_Dataset_Classification/images/trash/trash_03027.jpg,trash,trash,kaggle
../data/raw/Garbage_Dataset_Classification/images/glass/glass_05005.jpg,trash,glass,kaggle
../data/raw/Garbage_Dataset_Classification/images/metal/metal_01209.jpg,metal_plastic,metal,kaggle
../data/raw/Garbage_Dataset_Classification/images/paper/paper_01471.jpg,cardboard_paper,paper,kaggle
../data/raw/Garbage_Dataset_Classification/images/glass/glass_00955.jpg,trash,glass,kaggle
../data/raw/Garbage_Dataset_Classification/images/metal/metal_01100.jpg,metal_plastic,metal,kaggle
../data/raw/Garbage_Dataset_Classification/images/paper/paper_02556.jpg,cardboard_paper,paper,kaggle
../data/raw/Garbage_Dataset_Classification/images/metal/metal_02027.jpg,metal_plastic,metal,kaggle
../data/raw/Garbage_Dataset_Classification/images/metal/metal_00624.jpg,metal_plastic,metal,kaggle
../data/raw/Garbage_Dataset_Classification/images/metal/metal_02011.jpg,metal_plastic,metal,kaggle
../data/raw/Garbage_Dataset_Classification/images/glass/glass_03431.jpg,trash,glass,kaggle
../data/raw/Garbage_Dataset_Classification/images/metal/metal_01169.jpg,metal_plastic,metal,kaggle
../data/raw/Garbage_Dataset_Classification/images/trash/trash_13923.jpg,trash,trash,kaggle
../data/raw/Garbage_Dataset_Classification/images/metal/metal_00483.jpg,metal_plastic,metal,kaggle
../data/raw/Garbage_Dataset_Classification/images/glass/glass_03963.jpg,trash,glass,kaggle
../data/raw/Garbage_Dataset_Classification/images/plastic/plastic_01003.jpg,metal_plastic,plastic,kaggle
../data/raw/Garbage_Dataset_Classification/images/plastic/plastic_01650.jpg,metal_plastic,plastic,kaggle
../data/raw/Garbage_Dataset_Classification/images/trash/trash_11499.jpg,trash,trash,kaggle
../data/raw/Garbage_Dataset_Classification/images/glass/glass_04747.jpg,trash,glass,kaggle
../data/raw/Garbage_Dataset_Classification/images/metal/metal_00480.jpg,metal_plastic,metal,kaggle
../data/raw/Garbage_Dataset_Classification/images/glass/glass_02818.jpg,trash,glass,kaggle
../data/raw/Garbage_Dataset_Classification/images/cardboard/cardboard_02281.jpg,cardboard_paper,cardboard,kaggle
../data/raw/Garbage_Dataset_Classification/images/trash/trash_12432.jpg,trash,trash,kaggle
../data/raw/Garbage_Dataset_Classification/images/trash/trash_18435.jpg,trash,trash,kaggle
../data/raw/Garbage_Dataset_Classification/images/cardboard/cardboard_02103.jpg,cardboard_paper,cardboard,kaggle
../data/raw/Garbage_Dataset_Classification/images/plastic/plastic_02432.jpg,metal_plastic,plastic,kaggle
../data/raw/Garbage_Dataset_Classification/images/paper/paper_02896.jpg,cardboard_paper,paper,kaggle
../data/raw/Garbage_Dataset_Classification/images/cardboard/cardboard_02070.jpg,cardboard_paper,cardboard,kaggle
../data/raw/Garbage_Dataset_Classification/images/trash/trash_15588.jpg,trash,trash,kaggle
../data/raw/Garbage_Dataset_Classification/images/glass/glass_02778.jpg,trash,glass,kaggle
../data/raw/Garbage_Dataset_Classification/images/metal/metal_01664.jpg,metal_plastic,metal,kaggle
../data/raw/Garbage_Dataset_Classification/images/glass/glass_02454.jpg,trash,glass,kaggle
../data/raw/Garbage_Dataset_Classification/images/glass/glass_05148.jpg,trash,glass,kaggle
../data/raw/Garbage_Dataset_Classification/images/cardboard/cardboard_02016.jpg,cardboard_paper,cardboard,kaggle
../data/raw/Garbage_Dataset_Classification/images/plastic/plastic_02416.jpg,metal_plastic,plastic,kaggle
../data/raw/Garbage_Dataset_Classification/images/cardboard/cardboard_03114.jpg,cardboard_paper,cardboard,kaggle
../data/raw/Garbage_Dataset_Classification/images/paper/paper_01769.jpg,cardboard_paper,paper,kaggle
../data/raw/Garbage_Dataset_Classification/images/cardboard/cardboard_02438.jpg,cardboard_paper,cardboard,kaggle
../data/raw/Garbage_Dataset_Classification/images/trash/trash_01517.jpg,trash,trash,kaggle
../data/raw/Garbage_Dataset_Classification/images/paper/paper_00480.jpg,cardboard_paper,paper,kaggle
../data/raw/Garbage_Dataset_Classification/images/glass/glass_03165.jpg,trash,glass,kaggle
../data/raw/Garbage_Dataset_Classification/images/paper/paper_00248.jpg,cardboard_paper,paper,kaggle
../data/raw/Garbage_Dataset_Classification/images/glass/glass_00141.jpg,trash,glass,kaggle
../data/raw/Garbage_Dataset_Classification/images/metal/metal_01867.jpg,metal_plastic,metal,kaggle
../data/raw/Garbage_Dataset_Classification/images/paper/paper_02608.jpg,cardboard_paper,paper,kaggle
../data/raw/Garbage_Dataset_Classification/images/trash/trash_20021.jpg,trash,trash,kaggle
../data/raw/Garbage_Dataset_Classification/images/trash/trash_16315.jpg,trash,trash,kaggle
../data/raw/Garbage_Dataset_Classification/images/metal/metal_01570.jpg,metal_plastic,metal,kaggle
../data/raw/Garbage_Dataset_Classification/images/glass/glass_04674.jpg,trash,glass,kaggle
../data/raw/Garbage_Dataset_Classification/images/cardboard/cardboard_02985.jpg,cardboard_paper,cardboard,kaggle
../data/raw/Garbage_Dataset_Classification/images/plastic/plastic_01117.jpg,metal_plastic,plastic,kaggle
../data/raw/Garbage_Dataset_Classification/images/paper/paper_03210.jpg,cardboard_paper,paper,kaggle
../data/raw/Garbage_Dataset_Classification/images/paper/paper_00473.jpg,cardboard_paper,paper,kaggle
../data/raw/Garbage_Dataset_Classification/images/cardboard/cardboard_02097.jpg,cardboard_paper,cardboard,kaggle
../data/raw/Garbage_Dataset_Classification/images/glass/glass_01079.jpg,trash,glass,kaggle
../data/raw/Garbage_Dataset_Classification/images/glass/glass_02861.jpg,trash,glass,kaggle
../data/raw/Garbage_Dataset_Classification/images/paper/paper_02921.jpg,cardboard_paper,paper,kaggle
../data/raw/Garbage_Dataset_Classification/images/glass/glass_04308.jpg,trash,glass,kaggle
../data/raw/Garbage_Dataset_Classification/images/plastic/plastic_02195.jpg,metal_plastic,plastic,kaggle
../data/raw/Garbage_Dataset_Classification/images/cardboard/cardboard_00320.jpg,cardboard_paper,cardboard,kaggle
../data/raw/Garbage_Dataset_Classification/images/plastic/plastic_02309.jpg,metal_plastic,plastic,kaggle
../data/raw/Garbage_Dataset_Classification/images/metal/metal_02237.jpg,metal_plastic,metal,kaggle
../data/raw/Garbage_Dataset_Classification/images/plastic/plastic_02790.jpg,metal_plastic,plastic,kaggle
../data/raw/Garbage_Dataset_Classification/images/plastic/plastic_01995.jpg,metal_plastic,plastic,kaggle
../data/raw/Garbage_Dataset_Classification/images/cardboard/cardboard_00023.jpg,cardboard_paper,cardboard,kaggle
../data/raw/Garbage_Dataset_Classification/images/trash/trash_08898.jpg,trash,trash,kaggle
../data/raw/Garbage_Dataset_Classification/images/trash/trash_13564.jpg,trash,trash,kaggle
../data/raw/Garbage_Dataset_Classification/images/plastic/plastic_00987.jpg,metal_plastic,plastic,kaggle
../data/raw/Garbage_Dataset_Classification/images/paper/paper_02892.jpg,cardboard_paper,paper,kaggle
../data/raw/Garbage_Dataset_Classification/images/glass/glass_02871.jpg,trash,glass,kaggle
../data/raw/Garbage_Dataset_Classification/images/trash/trash_08746.jpg,trash,trash,kaggle
../data/raw/Garbage_Dataset_Classification/images/cardboard/cardboard_01300.jpg,cardboard_paper,cardboard,kaggle
../data/raw/Garbage_Dataset_Classification/images/cardboard/cardboard_02810.jpg,cardboard_paper,cardboard,kaggle
../data/raw/Garbage_Dataset_Classification/images/metal/metal_00410.jpg,metal_plastic,metal,kaggle
../data/raw/Garbage_Dataset_Classification/images/metal/metal_00234.jpg,metal_plastic,metal,kaggle
../data/raw/Garbage_Dataset_Classification/images/cardboard/cardboard_02919.jpg,cardboard_paper,cardboard,kaggle
../data/raw/Garbage_Dataset_Classification/images/trash/trash_12753.jpg,trash,trash,kaggle
../data/raw/Garbage_Dataset_Classification/images/metal/metal_01504.jpg,metal_plastic,metal,kaggle
../data/raw/Garbage_Dataset_Classification/images/plastic/plastic_01408.jpg,metal_plastic,plastic,kaggle
../data/raw/Garbage_Dataset_Classification/images/cardboard/cardboard_02095.jpg,cardboard_paper,cardboard,kaggle
../data/raw/Garbage_Dataset_Classification/images/cardboard/cardboard_01684.jpg,cardboard_paper,cardboard,kaggle
../data/raw/Garbage_Dataset_Classification/images/paper/paper_02037.jpg,cardboard_paper,paper,kaggle
../data/raw/Garbage_Dataset_Classification/images/cardboard/cardboard_01786.jpg,cardboard_paper,cardboard,kaggle
../data/raw/Garbage_Dataset_Classification/images/metal/metal_00832.jpg,metal_plastic,metal,kaggle
../data/raw/Garbage_Dataset_Classification/images/paper/paper_01902.jpg,cardboard_paper,paper,kaggle
../data/raw/Garbage_Dataset_Classification/images/trash/trash_02607.jpg,trash,trash,kaggle
../data/raw/Garbage_Dataset_Classification/images/paper/paper_02615.jpg,cardboard_paper,paper,kaggle
../data/raw/Garbage_Dataset_Classification/images/plastic/plastic_01746.jpg,metal_plastic,plastic,kaggle
../data/raw/Garbage_Dataset_Classification/images/metal/metal_02436.jpg,metal_plastic,metal,kaggle
../data/raw/Garbage_Dataset_Classification/images/metal/metal_01478.jpg,metal_plastic,metal,kaggle
../data/raw/Garbage_Dataset_Classification/images/glass/glass_02188.jpg,trash,glass,kaggle
../data/raw/Garbage_Dataset_Classification/images/trash/trash_16059.jpg,trash,trash,kaggle
../data/raw/Garbage_Dataset_Classification/images/plastic/plastic_02627.jpg,metal_plastic,plastic,kaggle
../data/raw/Garbage_Dataset_Classification/images/trash/trash_16621.jpg,trash,trash,kaggle
../data/raw/Garbage_Dataset_Classification/images/plastic/plastic_02386.jpg,metal_plastic,plastic,kaggle
../data/raw/Garbage_Dataset_Classification/images/trash/trash_00120.jpg,trash,trash,kaggle
../data/raw/Garbage_Dataset_Classification/images/cardboard/cardboard_02744.jpg,cardboard_paper,cardboard,kaggle
../data/raw/Garbage_Dataset_Classification/images/metal/metal_01765.jpg,metal_plastic,metal,kaggle
../data/raw/Garbage_Dataset_Classification/images/plastic/plastic_01866.jpg,metal_plastic,plastic,kaggle
../data/raw/Garbage_Dataset_Classification/images/trash/trash_12590.jpg,trash,trash,kaggle
../data/raw/Garbage_Dataset_Classification/images/cardboard/cardboard_00469.jpg,cardboard_paper,cardboard,kaggle
../data/raw/Garbage_Dataset_Classification/images/glass/glass_03180.jpg,trash,glass,kaggle
../data/raw/Garbage_Dataset_Classification/images/trash/trash_17834.jpg,trash,trash,kaggle
../data/raw/Garbage_Dataset_Classification/images/plastic/plastic_03240.jpg,metal_plastic,plastic,kaggle
../data/raw/Garbage_Dataset_Classification/images/paper/paper_02313.jpg,cardboard_paper,paper,kaggle
../data/raw/Garbage_Dataset_Classification/images/metal/metal_02074.jpg,metal_plastic,metal,kaggle
../data/raw/Garbage_Dataset_Classification/images/cardboard/cardboard_00073.jpg,cardboard_paper,cardboard,kaggle
../data/custom/ecoglasses/CE67709D-F148-49F3-BC10-12EC5E6051C6_1_105_c.jpeg,ecoglasses,custom_ecoglasses,custom
../data/raw/Garbage_Dataset_Classification/images/glass/glass_05492.jpg,trash,glass,kaggle
../data/raw/Garbage_Dataset_Classification/images/glass/glass_04570.jpg,trash,glass,kaggle
../data/raw/Garbage_Dataset_Classification/images/glass/glass_03488.jpg,trash,glass,kaggle
../data/raw/Garbage_Dataset_Classification/images/paper/paper_00603.jpg,cardboard_paper,paper,kaggle
../data/raw/Garbage_Dataset_Classification/images/cardboard/cardboard_02643.jpg,cardboard_paper,cardboard,kaggle
../data/raw/Garbage_Dataset_Classification/images/trash/trash_19844.jpg,trash,trash,kaggle
../data/raw/Garbage_Dataset_Classification/images/cardboard/cardboard_02555.jpg,cardboard_paper,cardboard,kaggle
../data/raw/Garbage_Dataset_Classification/images/glass/glass_02813.jpg,trash,glass,kaggle
../data/raw/Garbage_Dataset_Classification/images/glass/glass_04208.jpg,trash,glass,kaggle
../data/raw/Garbage_Dataset_Classification/images/cardboard/cardboard_02644.jpg,cardboard_paper,cardboard,kaggle
../data/raw/Garbage_Dataset_Classification/images/paper/paper_02984.jpg,cardboard_paper,paper,kaggle
../data/raw/Garbage_Dataset_Classification/images/metal/metal_02701.jpg,metal_plastic,metal,kaggle
../data/raw/Garbage_Dataset_Classification/images/trash/trash_06360.jpg,trash,trash,kaggle
../data/raw/Garbage_Dataset_Classification/images/metal/metal_00934.jpg,metal_plastic,metal,kaggle
../data/raw/Garbage_Dataset_Classification/images/paper/paper_02802.jpg,cardboard_paper,paper,kaggle
../data/raw/Garbage_Dataset_Classification/images/plastic/plastic_01523.jpg,metal_plastic,plastic,kaggle
../data/raw/Garbage_Dataset_Classification/images/metal/metal_02156.jpg,metal_plastic,metal,kaggle
../data/raw/Garbage_Dataset_Classification/images/cardboard/cardboard_02419.jpg,cardboard_paper,cardboard,kaggle
../data/raw/Garbage_Dataset_Classification/images/glass/glass_02265.jpg,trash,glass,kaggle
../data/raw/Garbage_Dataset_Classification/images/paper/paper_02424.jpg,cardboard_paper,paper,kaggle
../data/raw/Garbage_Dataset_Classification/images/trash/trash_05195.jpg,trash,trash,kaggle
../data/raw/Garbage_Dataset_Classification/images/glass/glass_02279.jpg,trash,glass,kaggle
../data/raw/Garbage_Dataset_Classification/images/plastic/plastic_01007.jpg,metal_plastic,plastic,kaggle
../data/raw/Garbage_Dataset_Classification/images/trash/trash_14046.jpg,trash,trash,kaggle
../data/raw/Garbage_Dataset_Classification/images/metal/metal_01590.jpg,metal_plastic,metal,kaggle
../data/raw/Garbage_Dataset_Classification/images/metal/metal_02510.jpg,metal_plastic,metal,kaggle
../data/raw/Garbage_Dataset_Classification/images/trash/trash_16207.jpg,trash,trash,kaggle
../data/raw/Garbage_Dataset_Classification/images/cardboard/cardboard_00391.jpg,cardboard_paper,cardboard,kaggle
../data/raw/Garbage_Dataset_Classification/images/trash/trash_16088.jpg,trash,trash,kaggle
../data/raw/Garbage_Dataset_Classification/images/metal/metal_01808.jpg,metal_plastic,metal,kaggle
../data/raw/Garbage_Dataset_Classification/images/trash/trash_00480.jpg,trash,trash,kaggle
../data/raw/Garbage_Dataset_Classification/images/plastic/plastic_00543.jpg,metal_plastic,plastic,kaggle
../data/raw/Garbage_Dataset_Classification/images/paper/paper_03056.jpg,cardboard_paper,paper,kaggle
../data/raw/Garbage_Dataset_Classification/images/metal/metal_00906.jpg,metal_plastic,metal,kaggle
../data/raw/Garbage_Dataset_Classification/images/metal/metal_02574.jpg,metal_plastic,metal,kaggle
../data/raw/Garbage_Dataset_Classification/images/cardboard/cardboard_00671.jpg,cardboard_paper,cardboard,kaggle
../data/raw/Garbage_Dataset_Classification/images/plastic/plastic_01092.jpg,metal_plastic,plastic,kaggle
../data/raw/Garbage_Dataset_Classification/images/metal/metal_02432.jpg,metal_plastic,metal,kaggle
../data/raw/Garbage_Dataset_Classification/images/metal/metal_00400.jpg,metal_plastic,metal,kaggle
../data/raw/Garbage_Dataset_Classification/images/metal/metal_01461.jpg,metal_plastic,metal,kaggle
../data/raw/Garbage_Dataset_Classification/images/plastic/plastic_02840.jpg,metal_plastic,plastic,kaggle
../data/raw/Garbage_Dataset_Classification/images/glass/glass_02937.jpg,trash,glass,kaggle
../data/raw/Garbage_Dataset_Classification/images/metal/metal_02186.jpg,metal_plastic,metal,kaggle
../data/raw/Garbage_Dataset_Classification/images/glass/glass_02077.jpg,trash,glass,kaggle
../data/raw/Garbage_Dataset_Classification/images/cardboard/cardboard_00647.jpg,cardboard_paper,cardboard,kaggle
../data/raw/Garbage_Dataset_Classification/images/metal/metal_02116.jpg,metal_plastic,metal,kaggle
../data/raw/Garbage_Dataset_Classification/images/plastic/plastic_03310.jpg,metal_plastic,plastic,kaggle
../data/raw/Garbage_Dataset_Classification/images/trash/trash_18742.jpg,trash,trash,kaggle
../data/custom/ecoglasses/F5BE389A-F3A3-4ECD-B753-44B1DBC5C2C4_1_105_c.jpeg,ecoglasses,custom_ecoglasses,custom
../data/raw/Garbage_Dataset_Classification/images/glass/glass_05230.jpg,trash,glass,kaggle
../data/raw/Garbage_Dataset_Classification/images/glass/glass_02578.jpg,trash,glass,kaggle
../data/raw/Garbage_Dataset_Classification/images/trash/trash_18070.jpg,trash,trash,kaggle
../data/raw/Garbage_Dataset_Classification/images/plastic/plastic_01251.jpg,metal_plastic,plastic,kaggle
../data/raw/Garbage_Dataset_Classification/images/cardboard/cardboard_01709.jpg,cardboard_paper,cardboard,kaggle
../data/raw/Garbage_Dataset_Classification/images/paper/paper_02103.jpg,cardboard_paper,paper,kaggle
../data/raw/Garbage_Dataset_Classification/images/trash/trash_15862.jpg,trash,trash,kaggle
../data/raw/Garbage_Dataset_Classification/images/trash/trash_15390.jpg,trash,trash,kaggle
../data/raw/Garbage_Dataset_Classification/images/cardboard/cardboard_01271.jpg,cardboard_paper,cardboard,kaggle
../data/raw/Garbage_Dataset_Classification/images/trash/trash_14275.jpg,trash,trash,kaggle
../data/raw/Garbage_Dataset_Classification/images/glass/glass_02042.jpg,trash,glass,kaggle
../data/raw/Garbage_Dataset_Classification/images/paper/paper_01940.jpg,cardboard_paper,paper,kaggle
../data/raw/Garbage_Dataset_Classification/images/cardboard/cardboard_01521.jpg,cardboard_paper,cardboard,kaggle
../data/raw/Garbage_Dataset_Classification/images/glass/glass_00573.jpg,trash,glass,kaggle
../data/raw/Garbage_Dataset_Classification/images/paper/paper_00391.jpg,cardboard_paper,paper,kaggle
../data/raw/Garbage_Dataset_Classification/images/cardboard/cardboard_00178.jpg,cardboard_paper,cardboard,kaggle
../data/raw/Garbage_Dataset_Classification/images/trash/trash_01435.jpg,trash,trash,kaggle
../data/raw/Garbage_Dataset_Classification/images/paper/paper_01606.jpg,cardboard_paper,paper,kaggle
../data/raw/Garbage_Dataset_Classification/images/trash/trash_08448.jpg,trash,trash,kaggle
../data/raw/Garbage_Dataset_Classification/images/paper/paper_01781.jpg,cardboard_paper,paper,kaggle
../data/raw/Garbage_Dataset_Classification/images/paper/paper_02017.jpg,cardboard_paper,paper,kaggle
../data/raw/Garbage_Dataset_Classification/images/metal/metal_00623.jpg,metal_plastic,metal,kaggle
../data/raw/Garbage_Dataset_Classification/images/metal/metal_02121.jpg,metal_plastic,metal,kaggle
../data/raw/Garbage_Dataset_Classification/images/cardboard/cardboard_02155.jpg,cardboard_paper,cardboard,kaggle
../data/raw/Garbage_Dataset_Classification/images/paper/paper_02047.jpg,cardboard_paper,paper,kaggle
../data/raw/Garbage_Dataset_Classification/images/metal/metal_01095.jpg,metal_plastic,metal,kaggle
../data/raw/Garbage_Dataset_Classification/images/paper/paper_02382.jpg,cardboard_paper,paper,kaggle
../data/raw/Garbage_Dataset_Classification/images/glass/glass_05266.jpg,trash,glass,kaggle
../data/raw/Garbage_Dataset_Classification/images/plastic/plastic_01443.jpg,metal_plastic,plastic,kaggle
../data/raw/Garbage_Dataset_Classification/images/glass/glass_04581.jpg,trash,glass,kaggle
../data/raw/Garbage_Dataset_Classification/images/cardboard/cardboard_02978.jpg,cardboard_paper,cardboard,kaggle
../data/raw/Garbage_Dataset_Classification/images/paper/paper_02799.jpg,cardboard_paper,paper,kaggle
../data/raw/Garbage_Dataset_Classification/images/cardboard/cardboard_02479.jpg,cardboard_paper,cardboard,kaggle
../data/raw/Garbage_Dataset_Classification/images/paper/paper_02806.jpg,cardboard_paper,paper,kaggle
../data/raw/Garbage_Dataset_Classification/images/glass/glass_01038.jpg,trash,glass,kaggle
../data/raw/Garbage_Dataset_Classification/images/trash/trash_16017.jpg,trash,trash,kaggle
../data/raw/Garbage_Dataset_Classification/images/glass/glass_03454.jpg,trash,glass,kaggle
../data/raw/Garbage_Dataset_Classification/images/trash/trash_12247.jpg,trash,trash,kaggle
../data/raw/Garbage_Dataset_Classification/images/plastic/plastic_01590.jpg,metal_plastic,plastic,kaggle
../data/raw/Garbage_Dataset_Classification/images/metal/metal_02528.jpg,metal_plastic,metal,kaggle
../data/custom/ecoglasses/6E824C10-EE16-4B34-8640-EB3ED712558C_1_105_c.jpeg,ecoglasses,custom_ecoglasses,custom
../data/raw/Garbage_Dataset_Classification/images/cardboard/cardboard_00661.jpg,cardboard_paper,cardboard,kaggle
../data/raw/Garbage_Dataset_Classification/images/paper/paper_01371.jpg,cardboard_paper,paper,kaggle
../data/raw/Garbage_Dataset_Classification/images/trash/trash_18697.jpg,trash,trash,kaggle
../data/raw/Garbage_Dataset_Classification/images/paper/paper_00734.jpg,cardboard_paper,paper,kaggle
../data/raw/Garbage_Dataset_Classification/images/trash/trash_10494.jpg,trash,trash,kaggle
../data/raw/Garbage_Dataset_Classification/images/plastic/plastic_00008.jpg,metal_plastic,plastic,kaggle
../data/raw/Garbage_Dataset_Classification/images/trash/trash_13670.jpg,trash,trash,kaggle
../data/raw/Garbage_Dataset_Classification/images/cardboard/cardboard_02289.jpg,cardboard_paper,cardboard,kaggle
../data/raw/Garbage_Dataset_Classification/images/metal/metal_02276.jpg,metal_plastic,metal,kaggle
../data/raw/Garbage_Dataset_Classification/images/trash/trash_14098.jpg,trash,trash,kaggle
../data/raw/Garbage_Dataset_Classification/images/metal/metal_02522.jpg,metal_plastic,metal,kaggle
../data/raw/Garbage_Dataset_Classification/images/glass/glass_01970.jpg,trash,glass,kaggle
../data/raw/Garbage_Dataset_Classification/images/plastic/plastic_02255.jpg,metal_plastic,plastic,kaggle
../data/raw/Garbage_Dataset_Classification/images/cardboard/cardboard_01729.jpg,cardboard_paper,cardboard,kaggle
../data/raw/Garbage_Dataset_Classification/images/glass/glass_05327.jpg,trash,glass,kaggle
../data/raw/Garbage_Dataset_Classification/images/cardboard/cardboard_01493.jpg,cardboard_paper,cardboard,kaggle
../data/raw/Garbage_Dataset_Classification/images/cardboard/cardboard_02379.jpg,cardboard_paper,cardboard,kaggle
../data/raw/Garbage_Dataset_Classification/images/plastic/plastic_00658.jpg,metal_plastic,plastic,kaggle
../data/raw/Garbage_Dataset_Classification/images/glass/glass_04221.jpg,trash,glass,kaggle
../data/raw/Garbage_Dataset_Classification/images/cardboard/cardboard_00399.jpg,cardboard_paper,cardboard,kaggle
../data/raw/Garbage_Dataset_Classification/images/plastic/plastic_02846.jpg,metal_plastic,plastic,kaggle
../data/raw/Garbage_Dataset_Classification/images/paper/paper_03277.jpg,cardboard_paper,paper,kaggle
../data/raw/Garbage_Dataset_Classification/images/trash/trash_20230.jpg,trash,trash,kaggle
../data/raw/Garbage_Dataset_Classification/images/plastic/plastic_01098.jpg,metal_plastic,plastic,kaggle
../data/raw/Garbage_Dataset_Classification/images/plastic/plastic_03088.jpg,metal_plastic,plastic,kaggle
../data/raw/Garbage_Dataset_Classification/images/glass/glass_02736.jpg,trash,glass,kaggle
../data/raw/Garbage_Dataset_Classification/images/paper/paper_02822.jpg,cardboard_paper,paper,kaggle
../data/raw/Garbage_Dataset_Classification/images/trash/trash_17732.jpg,trash,trash,kaggle
../data/raw/Garbage_Dataset_Classification/images/glass/glass_01043.jpg,trash,glass,kaggle
../data/raw/Garbage_Dataset_Classification/images/paper/paper_00386.jpg,cardboard_paper,paper,kaggle
../data/raw/Garbage_Dataset_Classification/images/trash/trash_17619.jpg,trash,trash,kaggle
../data/raw/Garbage_Dataset_Classification/images/plastic/plastic_00483.jpg,metal_plastic,plastic,kaggle
../data/raw/Garbage_Dataset_Classification/images/metal/metal_02402.jpg,metal_plastic,metal,kaggle
../data/raw/Garbage_Dataset_Classification/images/glass/glass_03252.jpg,trash,glass,kaggle
../data/raw/Garbage_Dataset_Classification/images/glass/glass_00762.jpg,trash,glass,kaggle
../data/raw/Garbage_Dataset_Classification/images/glass/glass_00132.jpg,trash,glass,kaggle
../data/raw/Garbage_Dataset_Classification/images/metal/metal_00646.jpg,metal_plastic,metal,kaggle
../data/raw/Garbage_Dataset_Classification/images/metal/metal_00411.jpg,metal_plastic,metal,kaggle
../data/raw/Garbage_Dataset_Classification/images/plastic/plastic_01522.jpg,metal_plastic,plastic,kaggle
../data/raw/Garbage_Dataset_Classification/images/trash/trash_08825.jpg,trash,trash,kaggle
../data/raw/Garbage_Dataset_Classification/images/plastic/plastic_03223.jpg,metal_plastic,plastic,kaggle
../data/raw/Garbage_Dataset_Classification/images/trash/trash_07056.jpg,trash,trash,kaggle
../data/raw/Garbage_Dataset_Classification/images/glass/glass_04655.jpg,trash,glass,kaggle
../data/raw/Garbage_Dataset_Classification/images/metal/metal_01922.jpg,metal_plastic,metal,kaggle
../data/raw/Garbage_Dataset_Classification/images/cardboard/cardboard_00288.jpg,cardboard_paper,cardboard,kaggle
../data/raw/Garbage_Dataset_Classification/images/glass/glass_04209.jpg,trash,glass,kaggle
../data/raw/Garbage_Dataset_Classification/images/cardboard/cardboard_02747.jpg,cardboard_paper,cardboard,kaggle
../data/raw/Garbage_Dataset_Classification/images/paper/paper_02482.jpg,cardboard_paper,paper,kaggle
../data/raw/Garbage_Dataset_Classification/images/metal/metal_00705.jpg,metal_plastic,metal,kaggle
../data/raw/Garbage_Dataset_Classification/images/glass/glass_04222.jpg,trash,glass,kaggle
../data/raw/Garbage_Dataset_Classification/images/trash/trash_00590.jpg,trash,trash,kaggle
../data/raw/Garbage_Dataset_Classification/images/trash/trash_11532.jpg,trash,trash,kaggle
../data/raw/Garbage_Dataset_Classification/images/glass/glass_01134.jpg,trash,glass,kaggle
../data/raw/Garbage_Dataset_Classification/images/paper/paper_02159.jpg,cardboard_paper,paper,kaggle
../data/raw/Garbage_Dataset_Classification/images/paper/paper_02033.jpg,cardboard_paper,paper,kaggle
../data/raw/Garbage_Dataset_Classification/images/trash/trash_00735.jpg,trash,trash,kaggle
../data/raw/Garbage_Dataset_Classification/images/trash/trash_03020.jpg,trash,trash,kaggle
../data/raw/Garbage_Dataset_Classification/images/glass/glass_02506.jpg,trash,glass,kaggle
../data/raw/Garbage_Dataset_Classification/images/paper/paper_02886.jpg,cardboard_paper,paper,kaggle
../data/raw/Garbage_Dataset_Classification/images/glass/glass_02285.jpg,trash,glass,kaggle
../data/raw/Garbage_Dataset_Classification/images/cardboard/cardboard_02409.jpg,cardboard_paper,cardboard,kaggle
../data/raw/Garbage_Dataset_Classification/images/trash/trash_14550.jpg,trash,trash,kaggle
../data/raw/Garbage_Dataset_Classification/images/cardboard/cardboard_00523.jpg,cardboard_paper,cardboard,kaggle
../data/raw/Garbage_Dataset_Classification/images/glass/glass_02258.jpg,trash,glass,kaggle
../data/raw/Garbage_Dataset_Classification/images/glass/glass_00999.jpg,trash,glass,kaggle
../data/raw/Garbage_Dataset_Classification/images/cardboard/cardboard_00636.jpg,cardboard_paper,cardboard,kaggle
../data/raw/Garbage_Dataset_Classification/images/trash/trash_01548.jpg,trash,trash,kaggle
../data/raw/Garbage_Dataset_Classification/images/paper/paper_03151.jpg,cardboard_paper,paper,kaggle
../data/raw/Garbage_Dataset_Classification/images/paper/paper_00819.jpg,cardboard_paper,paper,kaggle
../data/raw/Garbage_Dataset_Classification/images/plastic/plastic_02150.jpg,metal_plastic,plastic,kaggle
../data/raw/Garbage_Dataset_Classification/images/paper/paper_02756.jpg,cardboard_paper,paper,kaggle
../data/raw/Garbage_Dataset_Classification/images/cardboard/cardboard_01909.jpg,cardboard_paper,cardboard,kaggle
../data/raw/Garbage_Dataset_Classification/images/plastic/plastic_03201.jpg,metal_plastic,plastic,kaggle
../data/raw/Garbage_Dataset_Classification/images/cardboard/cardboard_02053.jpg,cardboard_paper,cardboard,kaggle
../data/raw/Garbage_Dataset_Classification/images/cardboard/cardboard_02420.jpg,cardboard_paper,cardboard,kaggle
../data/raw/Garbage_Dataset_Classification/images/cardboard/cardboard_02975.jpg,cardboard_paper,cardboard,kaggle
../data/raw/Garbage_Dataset_Classification/images/plastic/plastic_00545.jpg,metal_plastic,plastic,kaggle
../data/raw/Garbage_Dataset_Classification/images/trash/trash_10568.jpg,trash,trash,kaggle
../data/raw/Garbage_Dataset_Classification/images/trash/trash_05119.jpg,trash,trash,kaggle
../data/raw/Garbage_Dataset_Classification/images/glass/glass_02707.jpg,trash,glass,kaggle
../data/raw/Garbage_Dataset_Classification/images/trash/trash_19078.jpg,trash,trash,kaggle
../data/raw/Garbage_Dataset_Classification/images/glass/glass_02895.jpg,trash,glass,kaggle
../data/raw/Garbage_Dataset_Classification/images/glass/glass_05488.jpg,trash,glass,kaggle
../data/raw/Garbage_Dataset_Classification/images/cardboard/cardboard_00983.jpg,cardboard_paper,cardboard,kaggle
../data/raw/Garbage_Dataset_Classification/images/plastic/plastic_02535.jpg,metal_plastic,plastic,kaggle
../data/raw/Garbage_Dataset_Classification/images/cardboard/cardboard_01795.jpg,cardboard_paper,cardboard,kaggle
../data/raw/Garbage_Dataset_Classification/images/plastic/plastic_00874.jpg,metal_plastic,plastic,kaggle
../data/raw/Garbage_Dataset_Classification/images/cardboard/cardboard_00334.jpg,cardboard_paper,cardboard,kaggle
../data/raw/Garbage_Dataset_Classification/images/cardboard/cardboard_02646.jpg,cardboard_paper,cardboard,kaggle
../data/raw/Garbage_Dataset_Classification/images/glass/glass_05117.jpg,trash,glass,kaggle
../data/raw/Garbage_Dataset_Classification/images/glass/glass_01709.jpg,trash,glass,kaggle
../data/raw/Garbage_Dataset_Classification/images/plastic/plastic_02711.jpg,metal_plastic,plastic,kaggle
../data/raw/Garbage_Dataset_Classification/images/plastic/plastic_02839.jpg,metal_plastic,plastic,kaggle
../data/raw/Garbage_Dataset_Classification/images/glass/glass_02320.jpg,trash,glass,kaggle
../data/raw/Garbage_Dataset_Classification/images/glass/glass_00178.jpg,trash,glass,kaggle
../data/raw/Garbage_Dataset_Classification/images/cardboard/cardboard_01611.jpg,cardboard_paper,cardboard,kaggle
../data/raw/Garbage_Dataset_Classification/images/paper/paper_03242.jpg,cardboard_paper,paper,kaggle
../data/raw/Garbage_Dataset_Classification/images/trash/trash_02571.jpg,trash,trash,kaggle
../data/raw/Garbage_Dataset_Classification/images/plastic/plastic_02677.jpg,metal_plastic,plastic,kaggle
../data/raw/Garbage_Dataset_Classification/images/plastic/plastic_02211.jpg,metal_plastic,plastic,kaggle
../data/raw/Garbage_Dataset_Classification/images/paper/paper_01799.jpg,cardboard_paper,paper,kaggle
../data/raw/Garbage_Dataset_Classification/images/glass/glass_05094.jpg,trash,glass,kaggle
../data/raw/Garbage_Dataset_Classification/images/glass/glass_00560.jpg,trash,glass,kaggle
../data/raw/Garbage_Dataset_Classification/images/plastic/plastic_01513.jpg,metal_plastic,plastic,kaggle
../data/custom/ecoglasses/33AAC0BD-8EF5-4BAC-A190-5E98E4781306_1_105_c.jpeg,ecoglasses,custom_ecoglasses,custom
../data/raw/Garbage_Dataset_Classification/images/glass/glass_01361.jpg,trash,glass,kaggle
../data/raw/Garbage_Dataset_Classification/images/trash/trash_00365.jpg,trash,trash,kaggle
../data/raw/Garbage_Dataset_Classification/images/glass/glass_03850.jpg,trash,glass,kaggle
../data/raw/Garbage_Dataset_Classification/images/cardboard/cardboard_01874.jpg,cardboard_paper,cardboard,kaggle
../data/raw/Garbage_Dataset_Classification/images/cardboard/cardboard_01172.jpg,cardboard_paper,cardboard,kaggle
../data/raw/Garbage_Dataset_Classification/images/cardboard/cardboard_01168.jpg,cardboard_paper,cardboard,kaggle
../data/raw/Garbage_Dataset_Classification/images/glass/glass_00811.jpg,trash,glass,kaggle
../data/raw/Garbage_Dataset_Classification/images/metal/metal_01702.jpg,metal_plastic,metal,kaggle
../data/raw/Garbage_Dataset_Classification/images/cardboard/cardboard_00307.jpg,cardboard_paper,cardboard,kaggle
../data/raw/Garbage_Dataset_Classification/images/paper/paper_02952.jpg,cardboard_paper,paper,kaggle
../data/raw/Garbage_Dataset_Classification/images/paper/paper_02588.jpg,cardboard_paper,paper,kaggle
../data/raw/Garbage_Dataset_Classification/images/trash/trash_11662.jpg,trash,trash,kaggle
../data/raw/Garbage_Dataset_Classification/images/plastic/plastic_01675.jpg,metal_plastic,plastic,kaggle
../data/raw/Garbage_Dataset_Classification/images/plastic/plastic_01908.jpg,metal_plastic,plastic,kaggle
../data/raw/Garbage_Dataset_Classification/images/cardboard/cardboard_01968.jpg,cardboard_paper,cardboard,kaggle
../data/raw/Garbage_Dataset_Classification/images/glass/glass_01283.jpg,trash,glass,kaggle
../data/raw/Garbage_Dataset_Classification/images/trash/trash_10775.jpg,trash,trash,kaggle
../data/raw/Garbage_Dataset_Classification/images/paper/paper_02906.jpg,cardboard_paper,paper,kaggle
../data/raw/Garbage_Dataset_Classification/images/glass/glass_03140.jpg,trash,glass,kaggle
../data/raw/Garbage_Dataset_Classification/images/metal/metal_01341.jpg,metal_plastic,metal,kaggle
../data/raw/Garbage_Dataset_Classification/images/trash/trash_11051.jpg,trash,trash,kaggle
../data/raw/Garbage_Dataset_Classification/images/cardboard/cardboard_02083.jpg,cardboard_paper,cardboard,kaggle
../data/raw/Garbage_Dataset_Classification/images/cardboard/cardboard_01668.jpg,cardboard_paper,cardboard,kaggle
../data/raw/Garbage_Dataset_Classification/images/paper/paper_00475.jpg,cardboard_paper,paper,kaggle
../data/raw/Garbage_Dataset_Classification/images/paper/paper_02485.jpg,cardboard_paper,paper,kaggle
../data/raw/Garbage_Dataset_Classification/images/glass/glass_00094.jpg,trash,glass,kaggle
../data/raw/Garbage_Dataset_Classification/images/glass/glass_04579.jpg,trash,glass,kaggle
../data/raw/Garbage_Dataset_Classification/images/paper/paper_01921.jpg,cardboard_paper,paper,kaggle
../data/raw/Garbage_Dataset_Classification/images/glass/glass_02667.jpg,trash,glass,kaggle
../data/raw/Garbage_Dataset_Classification/images/cardboard/cardboard_00470.jpg,cardboard_paper,cardboard,kaggle
../data/raw/Garbage_Dataset_Classification/images/metal/metal_01657.jpg,metal_plastic,metal,kaggle
../data/raw/Garbage_Dataset_Classification/images/metal/metal_01232.jpg,metal_plastic,metal,kaggle
../data/raw/Garbage_Dataset_Classification/images/metal/metal_01311.jpg,metal_plastic,metal,kaggle
../data/raw/Garbage_Dataset_Classification/images/plastic/plastic_01818.jpg,metal_plastic,plastic,kaggle
../data/raw/Garbage_Dataset_Classification/images/trash/trash_14769.jpg,trash,trash,kaggle
../data/raw/Garbage_Dataset_Classification/images/metal/metal_00734.jpg,metal_plastic,metal,kaggle
../data/raw/Garbage_Dataset_Classification/images/metal/metal_00501.jpg,metal_plastic,metal,kaggle
../data/raw/Garbage_Dataset_Classification/images/cardboard/cardboard_00851.jpg,cardboard_paper,cardboard,kaggle
../data/raw/Garbage_Dataset_Classification/images/trash/trash_08372.jpg,trash,trash,kaggle
../data/raw/Garbage_Dataset_Classification/images/metal/metal_02433.jpg,metal_plastic,metal,kaggle
../data/raw/Garbage_Dataset_Classification/images/paper/paper_00845.jpg,cardboard_paper,paper,kaggle
../data/raw/Garbage_Dataset_Classification/images/metal/metal_02642.jpg,metal_plastic,metal,kaggle
../data/raw/Garbage_Dataset_Classification/images/paper/paper_01612.jpg,cardboard_paper,paper,kaggle
../data/raw/Garbage_Dataset_Classification/images/metal/metal_00992.jpg,metal_plastic,metal,kaggle
../data/raw/Garbage_Dataset_Classification/images/trash/trash_00222.jpg,trash,trash,kaggle
../data/raw/Garbage_Dataset_Classification/images/cardboard/cardboard_02594.jpg,cardboard_paper,cardboard,kaggle
../data/raw/Garbage_Dataset_Classification/images/metal/metal_01791.jpg,metal_plastic,metal,kaggle
../data/raw/Garbage_Dataset_Classification/images/cardboard/cardboard_02567.jpg,cardboard_paper,cardboard,kaggle
../data/raw/Garbage_Dataset_Classification/images/trash/trash_11076.jpg,trash,trash,kaggle
../data/raw/Garbage_Dataset_Classification/images/trash/trash_07829.jpg,trash,trash,kaggle
../data/raw/Garbage_Dataset_Classification/images/paper/paper_02262.jpg,cardboard_paper,paper,kaggle
../data/raw/Garbage_Dataset_Classification/images/cardboard/cardboard_03092.jpg,cardboard_paper,cardboard,kaggle
../data/raw/Garbage_Dataset_Classification/images/trash/trash_17717.jpg,trash,trash,kaggle
../data/raw/Garbage_Dataset_Classification/images/paper/paper_02735.jpg,cardboard_paper,paper,kaggle
../data/raw/Garbage_Dataset_Classification/images/plastic/plastic_00953.jpg,metal_plastic,plastic,kaggle
../data/raw/Garbage_Dataset_Classification/images/trash/trash_13503.jpg,trash,trash,kaggle
../data/raw/Garbage_Dataset_Classification/images/cardboard/cardboard_01923.jpg,cardboard_paper,cardboard,kaggle
../data/raw/Garbage_Dataset_Classification/images/plastic/plastic_02562.jpg,metal_plastic,plastic,kaggle
../data/raw/Garbage_Dataset_Classification/images/trash/trash_17110.jpg,trash,trash,kaggle
../data/raw/Garbage_Dataset_Classification/images/plastic/plastic_01609.jpg,metal_plastic,plastic,kaggle
../data/raw/Garbage_Dataset_Classification/images/paper/paper_02954.jpg,cardboard_paper,paper,kaggle
../data/raw/Garbage_Dataset_Classification/images/metal/metal_02446.jpg,metal_plastic,metal,kaggle
../data/raw/Garbage_Dataset_Classification/images/cardboard/cardboard_01347.jpg,cardboard_paper,cardboard,kaggle
../data/raw/Garbage_Dataset_Classification/images/metal/metal_00077.jpg,metal_plastic,metal,kaggle
../data/raw/Garbage_Dataset_Classification/images/cardboard/cardboard_00594.jpg,cardboard_paper,cardboard,kaggle
../data/raw/Garbage_Dataset_Classification/images/cardboard/cardboard_02260.jpg,cardboard_paper,cardboard,kaggle
../data/raw/Garbage_Dataset_Classification/images/plastic/plastic_01983.jpg,metal_plastic,plastic,kaggle
../data/raw/Garbage_Dataset_Classification/images/plastic/plastic_00816.jpg,metal_plastic,plastic,kaggle
../data/raw/Garbage_Dataset_Classification/images/paper/paper_03099.jpg,cardboard_paper,paper,kaggle
../data/raw/Garbage_Dataset_Classification/images/metal/metal_01516.jpg,metal_plastic,metal,kaggle
../data/raw/Garbage_Dataset_Classification/images/paper/paper_02982.jpg,cardboard_paper,paper,kaggle
../data/raw/Garbage_Dataset_Classification/images/plastic/plastic_02698.jpg,metal_plastic,plastic,kaggle
../data/raw/Garbage_Dataset_Classification/images/trash/trash_00320.jpg,trash,trash,kaggle
../data/raw/Garbage_Dataset_Classification/images/plastic/plastic_02517.jpg,metal_plastic,plastic,kaggle
../data/raw/Garbage_Dataset_Classification/images/cardboard/cardboard_02431.jpg,cardboard_paper,cardboard,kaggle
../data/raw/Garbage_Dataset_Classification/images/cardboard/cardboard_01903.jpg,cardboard_paper,cardboard,kaggle
../data/raw/Garbage_Dataset_Classification/images/glass/glass_03766.jpg,trash,glass,kaggle
../data/raw/Garbage_Dataset_Classification/images/glass/glass_03262.jpg,trash,glass,kaggle
../data/raw/Garbage_Dataset_Classification/images/trash/trash_07972.jpg,trash,trash,kaggle
../data/raw/Garbage_Dataset_Classification/images/trash/trash_04091.jpg,trash,trash,kaggle
../data/raw/Garbage_Dataset_Classification/images/trash/trash_10562.jpg,trash,trash,kaggle
../data/raw/Garbage_Dataset_Classification/images/metal/metal_01994.jpg,metal_plastic,metal,kaggle
../data/raw/Garbage_Dataset_Classification/images/trash/trash_15378.jpg,trash,trash,kaggle
../data/raw/Garbage_Dataset_Classification/images/paper/paper_02121.jpg,cardboard_paper,paper,kaggle
../data/raw/Garbage_Dataset_Classification/images/metal/metal_02091.jpg,metal_plastic,metal,kaggle
../data/raw/Garbage_Dataset_Classification/images/paper/paper_03014.jpg,cardboard_paper,paper,kaggle
../data/raw/Garbage_Dataset_Classification/images/glass/glass_02804.jpg,trash,glass,kaggle
../data/raw/Garbage_Dataset_Classification/images/trash/trash_07285.jpg,trash,trash,kaggle
../data/raw/Garbage_Dataset_Classification/images/plastic/plastic_01494.jpg,metal_plastic,plastic,kaggle
../data/raw/Garbage_Dataset_Classification/images/trash/trash_18256.jpg,trash,trash,kaggle
../data/raw/Garbage_Dataset_Classification/images/plastic/plastic_01871.jpg,metal_plastic,plastic,kaggle
../data/raw/Garbage_Dataset_Classification/images/trash/trash_08204.jpg,trash,trash,kaggle
../data/raw/Garbage_Dataset_Classification/images/cardboard/cardboard_01556.jpg,cardboard_paper,cardboard,kaggle
../data/raw/Garbage_Dataset_Classification/images/glass/glass_04417.jpg,trash,glass,kaggle
../data/raw/Garbage_Dataset_Classification/images/metal/metal_01811.jpg,metal_plastic,metal,kaggle
../data/raw/Garbage_Dataset_Classification/images/metal/metal_01031.jpg,metal_plastic,metal,kaggle
../data/raw/Garbage_Dataset_Classification/images/plastic/plastic_01520.jpg,metal_plastic,plastic,kaggle
../data/raw/Garbage_Dataset_Classification/images/paper/paper_01428.jpg,cardboard_paper,paper,kaggle
../data/raw/Garbage_Dataset_Classification/images/glass/glass_04461.jpg,trash,glass,kaggle
../data/raw/Garbage_Dataset_Classification/images/paper/paper_00861.jpg,cardboard_paper,paper,kaggle
../data/raw/Garbage_Dataset_Classification/images/glass/glass_00588.jpg,trash,glass,kaggle
../data/raw/Garbage_Dataset_Classification/images/cardboard/cardboard_01718.jpg,cardboard_paper,cardboard,kaggle
../data/raw/Garbage_Dataset_Classification/images/paper/paper_02316.jpg,cardboard_paper,paper,kaggle
../data/raw/Garbage_Dataset_Classification/images/plastic/plastic_02791.jpg,metal_plastic,plastic,kaggle
../data/raw/Garbage_Dataset_Classification/images/metal/metal_00685.jpg,metal_plastic,metal,kaggle
../data/raw/Garbage_Dataset_Classification/images/cardboard/cardboard_01943.jpg,cardboard_paper,cardboard,kaggle
../data/raw/Garbage_Dataset_Classification/images/glass/glass_03355.jpg,trash,glass,kaggle
../data/raw/Garbage_Dataset_Classification/images/glass/glass_05523.jpg,trash,glass,kaggle
../data/raw/Garbage_Dataset_Classification/images/trash/trash_18451.jpg,trash,trash,kaggle
../data/raw/Garbage_Dataset_Classification/images/glass/glass_00638.jpg,trash,glass,kaggle
../data/raw/Garbage_Dataset_Classification/images/plastic/plastic_02891.jpg,metal_plastic,plastic,kaggle
../data/raw/Garbage_Dataset_Classification/images/plastic/plastic_01238.jpg,metal_plastic,plastic,kaggle
../data/raw/Garbage_Dataset_Classification/images/metal/metal_02183.jpg,metal_plastic,metal,kaggle
../data/raw/Garbage_Dataset_Classification/images/plastic/plastic_02629.jpg,metal_plastic,plastic,kaggle
../data/raw/Garbage_Dataset_Classification/images/plastic/plastic_01622.jpg,metal_plastic,plastic,kaggle
../data/raw/Garbage_Dataset_Classification/images/trash/trash_15435.jpg,trash,trash,kaggle
../data/raw/Garbage_Dataset_Classification/images/trash/trash_10779.jpg,trash,trash,kaggle
../data/raw/Garbage_Dataset_Classification/images/plastic/plastic_00117.jpg,metal_plastic,plastic,kaggle
../data/raw/Garbage_Dataset_Classification/images/plastic/plastic_03058.jpg,metal_plastic,plastic,kaggle
../data/raw/Garbage_Dataset_Classification/images/metal/metal_01477.jpg,metal_plastic,metal,kaggle
../data/raw/Garbage_Dataset_Classification/images/metal/metal_01951.jpg,metal_plastic,metal,kaggle
../data/raw/Garbage_Dataset_Classification/images/glass/glass_03795.jpg,trash,glass,kaggle
../data/raw/Garbage_Dataset_Classification/images/trash/trash_04900.jpg,trash,trash,kaggle
../data/raw/Garbage_Dataset_Classification/images/paper/paper_02098.jpg,cardboard_paper,paper,kaggle
../data/raw/Garbage_Dataset_Classification/images/cardboard/cardboard_01155.jpg,cardboard_paper,cardboard,kaggle
../data/raw/Garbage_Dataset_Classification/images/metal/metal_01888.jpg,metal_plastic,metal,kaggle
../data/raw/Garbage_Dataset_Classification/images/trash/trash_16072.jpg,trash,trash,kaggle
../data/raw/Garbage_Dataset_Classification/images/metal/metal_02250.jpg,metal_plastic,metal,kaggle
../data/raw/Garbage_Dataset_Classification/images/trash/trash_19706.jpg,trash,trash,kaggle
../data/raw/Garbage_Dataset_Classification/images/trash/trash_18271.jpg,trash,trash,kaggle
../data/raw/Garbage_Dataset_Classification/images/metal/metal_00961.jpg,metal_plastic,metal,kaggle
../data/raw/Garbage_Dataset_Classification/images/glass/glass_03797.jpg,trash,glass,kaggle
../data/raw/Garbage_Dataset_Classification/images/metal/metal_02064.jpg,metal_plastic,metal,kaggle
../data/raw/Garbage_Dataset_Classification/images/plastic/plastic_03078.jpg,metal_plastic,plastic,kaggle
../data/raw/Garbage_Dataset_Classification/images/paper/paper_02823.jpg,cardboard_paper,paper,kaggle
../data/raw/Garbage_Dataset_Classification/images/trash/trash_11558.jpg,trash,trash,kaggle
../data/raw/Garbage_Dataset_Classification/images/metal/metal_01722.jpg,metal_plastic,metal,kaggle
../data/raw/Garbage_Dataset_Classification/images/trash/trash_02208.jpg,trash,trash,kaggle
../data/raw/Garbage_Dataset_Classification/images/glass/glass_02893.jpg,trash,glass,kaggle
../data/raw/Garbage_Dataset_Classification/images/plastic/plastic_02914.jpg,metal_plastic,plastic,kaggle
../data/raw/Garbage_Dataset_Classification/images/trash/trash_05490.jpg,trash,trash,kaggle
../data/raw/Garbage_Dataset_Classification/images/plastic/plastic_01120.jpg,metal_plastic,plastic,kaggle
../data/raw/Garbage_Dataset_Classification/images/trash/trash_06313.jpg,trash,trash,kaggle
../data/raw/Garbage_Dataset_Classification/images/paper/paper_01988.jpg,cardboard_paper,paper,kaggle
../data/raw/Garbage_Dataset_Classification/images/trash/trash_17699.jpg,trash,trash,kaggle
../data/raw/Garbage_Dataset_Classification/images/cardboard/cardboard_00829.jpg,cardboard_paper,cardboard,kaggle
../data/raw/Garbage_Dataset_Classification/images/trash/trash_13832.jpg,trash,trash,kaggle
../data/raw/Garbage_Dataset_Classification/images/glass/glass_00304.jpg,trash,glass,kaggle
../data/raw/Garbage_Dataset_Classification/images/paper/paper_02619.jpg,cardboard_paper,paper,kaggle
../data/raw/Garbage_Dataset_Classification/images/glass/glass_04170.jpg,trash,glass,kaggle
../data/raw/Garbage_Dataset_Classification/images/plastic/plastic_00206.jpg,metal_plastic,plastic,kaggle
../data/raw/Garbage_Dataset_Classification/images/metal/metal_01518.jpg,metal_plastic,metal,kaggle
../data/raw/Garbage_Dataset_Classification/images/paper/paper_00488.jpg,cardboard_paper,paper,kaggle
../data/raw/Garbage_Dataset_Classification/images/trash/trash_12860.jpg,trash,trash,kaggle
../data/raw/Garbage_Dataset_Classification/images/plastic/plastic_01297.jpg,metal_plastic,plastic,kaggle
../data/raw/Garbage_Dataset_Classification/images/metal/metal_01960.jpg,metal_plastic,metal,kaggle
../data/raw/Garbage_Dataset_Classification/images/plastic/plastic_00267.jpg,metal_plastic,plastic,kaggle
../data/raw/Garbage_Dataset_Classification/images/trash/trash_11795.jpg,trash,trash,kaggle
../data/raw/Garbage_Dataset_Classification/images/plastic/plastic_03285.jpg,metal_plastic,plastic,kaggle
../data/raw/Garbage_Dataset_Classification/images/glass/glass_02782.jpg,trash,glass,kaggle
../data/raw/Garbage_Dataset_Classification/images/cardboard/cardboard_02761.jpg,cardboard_paper,cardboard,kaggle
../data/raw/Garbage_Dataset_Classification/images/paper/paper_01368.jpg,cardboard_paper,paper,kaggle
../data/raw/Garbage_Dataset_Classification/images/trash/trash_03666.jpg,trash,trash,kaggle
../data/raw/Garbage_Dataset_Classification/images/cardboard/cardboard_02418.jpg,cardboard_paper,cardboard,kaggle
../data/raw/Garbage_Dataset_Classification/images/trash/trash_02502.jpg,trash,trash,kaggle
../data/raw/Garbage_Dataset_Classification/images/plastic/plastic_01377.jpg,metal_plastic,plastic,kaggle
../data/raw/Garbage_Dataset_Classification/images/glass/glass_01984.jpg,trash,glass,kaggle
../data/raw/Garbage_Dataset_Classification/images/paper/paper_01003.jpg,cardboard_paper,paper,kaggle
../data/raw/Garbage_Dataset_Classification/images/metal/metal_01479.jpg,metal_plastic,metal,kaggle
../data/raw/Garbage_Dataset_Classification/images/cardboard/cardboard_00849.jpg,cardboard_paper,cardboard,kaggle
../data/raw/Garbage_Dataset_Classification/images/metal/metal_00772.jpg,metal_plastic,metal,kaggle
../data/raw/Garbage_Dataset_Classification/images/cardboard/cardboard_00526.jpg,cardboard_paper,cardboard,kaggle
../data/raw/Garbage_Dataset_Classification/images/paper/paper_01019.jpg,cardboard_paper,paper,kaggle
../data/raw/Garbage_Dataset_Classification/images/glass/glass_02393.jpg,trash,glass,kaggle
../data/raw/Garbage_Dataset_Classification/images/trash/trash_10632.jpg,trash,trash,kaggle
../data/raw/Garbage_Dataset_Classification/images/metal/metal_00397.jpg,metal_plastic,metal,kaggle
../data/raw/Garbage_Dataset_Classification/images/plastic/plastic_01740.jpg,metal_plastic,plastic,kaggle
../data/raw/Garbage_Dataset_Classification/images/plastic/plastic_02888.jpg,metal_plastic,plastic,kaggle
../data/raw/Garbage_Dataset_Classification/images/plastic/plastic_02171.jpg,metal_plastic,plastic,kaggle
../data/raw/Garbage_Dataset_Classification/images/metal/metal_02547.jpg,metal_plastic,metal,kaggle
../data/raw/Garbage_Dataset_Classification/images/metal/metal_02053.jpg,metal_plastic,metal,kaggle
../data/raw/Garbage_Dataset_Classification/images/metal/metal_00706.jpg,metal_plastic,metal,kaggle
../data/raw/Garbage_Dataset_Classification/images/plastic/plastic_02129.jpg,metal_plastic,plastic,kaggle
../data/raw/Garbage_Dataset_Classification/images/cardboard/cardboard_01391.jpg,cardboard_paper,cardboard,kaggle
../data/raw/Garbage_Dataset_Classification/images/trash/trash_09816.jpg,trash,trash,kaggle
../data/raw/Garbage_Dataset_Classification/images/metal/metal_00139.jpg,metal_plastic,metal,kaggle
../data/raw/Garbage_Dataset_Classification/images/paper/paper_01303.jpg,cardboard_paper,paper,kaggle
../data/raw/Garbage_Dataset_Classification/images/plastic/plastic_02376.jpg,metal_plastic,plastic,kaggle
../data/raw/Garbage_Dataset_Classification/images/paper/paper_02486.jpg,cardboard_paper,paper,kaggle
../data/raw/Garbage_Dataset_Classification/images/glass/glass_04006.jpg,trash,glass,kaggle
../data/raw/Garbage_Dataset_Classification/images/paper/paper_02269.jpg,cardboard_paper,paper,kaggle
../data/raw/Garbage_Dataset_Classification/images/plastic/plastic_02850.jpg,metal_plastic,plastic,kaggle
../data/raw/Garbage_Dataset_Classification/images/glass/glass_04181.jpg,trash,glass,kaggle
../data/raw/Garbage_Dataset_Classification/images/paper/paper_02217.jpg,cardboard_paper,paper,kaggle
../data/raw/Garbage_Dataset_Classification/images/cardboard/cardboard_02407.jpg,cardboard_paper,cardboard,kaggle
../data/raw/Garbage_Dataset_Classification/images/glass/glass_00047.jpg,trash,glass,kaggle
../data/raw/Garbage_Dataset_Classification/images/cardboard/cardboard_01145.jpg,cardboard_paper,cardboard,kaggle
../data/raw/Garbage_Dataset_Classification/images/trash/trash_03534.jpg,trash,trash,kaggle
../data/raw/Garbage_Dataset_Classification/images/paper/paper_01785.jpg,cardboard_paper,paper,kaggle
../data/raw/Garbage_Dataset_Classification/images/paper/paper_02415.jpg,cardboard_paper,paper,kaggle
../data/raw/Garbage_Dataset_Classification/images/cardboard/cardboard_00973.jpg,cardboard_paper,cardboard,kaggle
../data/raw/Garbage_Dataset_Classification/images/metal/metal_01786.jpg,metal_plastic,metal,kaggle
../data/raw/Garbage_Dataset_Classification/images/metal/metal_02066.jpg,metal_plastic,metal,kaggle
../data/raw/Garbage_Dataset_Classification/images/paper/paper_02093.jpg,cardboard_paper,paper,kaggle
../data/raw/Garbage_Dataset_Classification/images/cardboard/cardboard_02213.jpg,cardboard_paper,cardboard,kaggle
../data/raw/Garbage_Dataset_Classification/images/glass/glass_04569.jpg,trash,glass,kaggle
../data/raw/Garbage_Dataset_Classification/images/paper/paper_00470.jpg,cardboard_paper,paper,kaggle
../data/raw/Garbage_Dataset_Classification/images/paper/paper_02793.jpg,cardboard_paper,paper,kaggle
../data/raw/Garbage_Dataset_Classification/images/cardboard/cardboard_02337.jpg,cardboard_paper,cardboard,kaggle
../data/raw/Garbage_Dataset_Classification/images/glass/glass_01435.jpg,trash,glass,kaggle
../data/raw/Garbage_Dataset_Classification/images/cardboard/cardboard_02372.jpg,cardboard_paper,cardboard,kaggle
../data/raw/Garbage_Dataset_Classification/images/paper/paper_01679.jpg,cardboard_paper,paper,kaggle
../data/raw/Garbage_Dataset_Classification/images/metal/metal_01887.jpg,metal_plastic,metal,kaggle
../data/raw/Garbage_Dataset_Classification/images/trash/trash_07040.jpg,trash,trash,kaggle
../data/raw/Garbage_Dataset_Classification/images/paper/paper_01232.jpg,cardboard_paper,paper,kaggle
../data/raw/Garbage_Dataset_Classification/images/trash/trash_13474.jpg,trash,trash,kaggle
../data/raw/Garbage_Dataset_Classification/images/trash/trash_16001.jpg,trash,trash,kaggle
../data/raw/Garbage_Dataset_Classification/images/paper/paper_01929.jpg,cardboard_paper,paper,kaggle
../data/raw/Garbage_Dataset_Classification/images/plastic/plastic_01248.jpg,metal_plastic,plastic,kaggle
../data/raw/Garbage_Dataset_Classification/images/glass/glass_03892.jpg,trash,glass,kaggle
../data/raw/Garbage_Dataset_Classification/images/glass/glass_03058.jpg,trash,glass,kaggle
../data/raw/Garbage_Dataset_Classification/images/paper/paper_01934.jpg,cardboard_paper,paper,kaggle
../data/raw/Garbage_Dataset_Classification/images/plastic/plastic_00369.jpg,metal_plastic,plastic,kaggle
../data/raw/Garbage_Dataset_Classification/images/trash/trash_17971.jpg,trash,trash,kaggle
../data/raw/Garbage_Dataset_Classification/images/metal/metal_00789.jpg,metal_plastic,metal,kaggle
../data/raw/Garbage_Dataset_Classification/images/paper/paper_01283.jpg,cardboard_paper,paper,kaggle
../data/raw/Garbage_Dataset_Classification/images/paper/paper_02658.jpg,cardboard_paper,paper,kaggle
../data/raw/Garbage_Dataset_Classification/images/paper/paper_02174.jpg,cardboard_paper,paper,kaggle
../data/raw/Garbage_Dataset_Classification/images/metal/metal_02445.jpg,metal_plastic,metal,kaggle
../data/raw/Garbage_Dataset_Classification/images/metal/metal_02025.jpg,metal_plastic,metal,kaggle
../data/raw/Garbage_Dataset_Classification/images/plastic/plastic_00734.jpg,metal_plastic,plastic,kaggle
../data/raw/Garbage_Dataset_Classification/images/trash/trash_00175.jpg,trash,trash,kaggle
../data/raw/Garbage_Dataset_Classification/images/plastic/plastic_01997.jpg,metal_plastic,plastic,kaggle
../data/raw/Garbage_Dataset_Classification/images/plastic/plastic_01138.jpg,metal_plastic,plastic,kaggle
../data/raw/Garbage_Dataset_Classification/images/metal/metal_02273.jpg,metal_plastic,metal,kaggle
../data/raw/Garbage_Dataset_Classification/images/glass/glass_00698.jpg,trash,glass,kaggle
../data/raw/Garbage_Dataset_Classification/images/trash/trash_12531.jpg,trash,trash,kaggle
../data/raw/Garbage_Dataset_Classification/images/trash/trash_13383.jpg,trash,trash,kaggle
../data/raw/Garbage_Dataset_Classification/images/paper/paper_01537.jpg,cardboard_paper,paper,kaggle
../data/raw/Garbage_Dataset_Classification/images/plastic/plastic_00828.jpg,metal_plastic,plastic,kaggle
../data/raw/Garbage_Dataset_Classification/images/paper/paper_02173.jpg,cardboard_paper,paper,kaggle
../data/raw/Garbage_Dataset_Classification/images/glass/glass_03364.jpg,trash,glass,kaggle
../data/raw/Garbage_Dataset_Classification/images/cardboard/cardboard_02060.jpg,cardboard_paper,cardboard,kaggle
../data/raw/Garbage_Dataset_Classification/images/paper/paper_02763.jpg,cardboard_paper,paper,kaggle
../data/raw/Garbage_Dataset_Classification/images/trash/trash_01514.jpg,trash,trash,kaggle
../data/raw/Garbage_Dataset_Classification/images/cardboard/cardboard_00547.jpg,cardboard_paper,cardboard,kaggle
../data/raw/Garbage_Dataset_Classification/images/plastic/plastic_03076.jpg,metal_plastic,plastic,kaggle
../data/raw/Garbage_Dataset_Classification/images/paper/paper_00044.jpg,cardboard_paper,paper,kaggle
../data/raw/Garbage_Dataset_Classification/images/cardboard/cardboard_02570.jpg,cardboard_paper,cardboard,kaggle
../data/raw/Garbage_Dataset_Classification/images/trash/trash_14141.jpg,trash,trash,kaggle
../data/raw/Garbage_Dataset_Classification/images/plastic/plastic_02860.jpg,metal_plastic,plastic,kaggle
../data/raw/Garbage_Dataset_Classification/images/paper/paper_02852.jpg,cardboard_paper,paper,kaggle
../data/raw/Garbage_Dataset_Classification/images/cardboard/cardboard_02943.jpg,cardboard_paper,cardboard,kaggle
../data/raw/Garbage_Dataset_Classification/images/paper/paper_00206.jpg,cardboard_paper,paper,kaggle
../data/raw/Garbage_Dataset_Classification/images/trash/trash_03204.jpg,trash,trash,kaggle
../data/raw/Garbage_Dataset_Classification/images/trash/trash_15236.jpg,trash,trash,kaggle
../data/raw/Garbage_Dataset_Classification/images/metal/metal_02619.jpg,metal_plastic,metal,kaggle
../data/raw/Garbage_Dataset_Classification/images/paper/paper_01101.jpg,cardboard_paper,paper,kaggle
../data/raw/Garbage_Dataset_Classification/images/glass/glass_03316.jpg,trash,glass,kaggle
../data/raw/Garbage_Dataset_Classification/images/paper/paper_03295.jpg,cardboard_paper,paper,kaggle
../data/raw/Garbage_Dataset_Classification/images/metal/metal_00859.jpg,metal_plastic,metal,kaggle
../data/raw/Garbage_Dataset_Classification/images/trash/trash_00417.jpg,trash,trash,kaggle
../data/raw/Garbage_Dataset_Classification/images/trash/trash_03568.jpg,trash,trash,kaggle
../data/raw/Garbage_Dataset_Classification/images/cardboard/cardboard_00355.jpg,cardboard_paper,cardboard,kaggle
../data/raw/Garbage_Dataset_Classification/images/cardboard/cardboard_01480.jpg,cardboard_paper,cardboard,kaggle
../data/raw/Garbage_Dataset_Classification/images/metal/metal_01663.jpg,metal_plastic,metal,kaggle
../data/raw/Garbage_Dataset_Classification/images/trash/trash_09869.jpg,trash,trash,kaggle
../data/raw/Garbage_Dataset_Classification/images/cardboard/cardboard_02000.jpg,cardboard_paper,cardboard,kaggle
../data/raw/Garbage_Dataset_Classification/images/metal/metal_02422.jpg,metal_plastic,metal,kaggle
../data/raw/Garbage_Dataset_Classification/images/metal/metal_01829.jpg,metal_plastic,metal,kaggle
../data/raw/Garbage_Dataset_Classification/images/cardboard/cardboard_01418.jpg,cardboard_paper,cardboard,kaggle
../data/raw/Garbage_Dataset_Classification/images/trash/trash_04633.jpg,trash,trash,kaggle
../data/raw/Garbage_Dataset_Classification/images/glass/glass_04918.jpg,trash,glass,kaggle
../data/raw/Garbage_Dataset_Classification/images/glass/glass_01716.jpg,trash,glass,kaggle
../data/raw/Garbage_Dataset_Classification/images/glass/glass_02030.jpg,trash,glass,kaggle
../data/raw/Garbage_Dataset_Classification/images/trash/trash_04978.jpg,trash,trash,kaggle
../data/raw/Garbage_Dataset_Classification/images/glass/glass_01879.jpg,trash,glass,kaggle
../data/custom/ecoglasses/729D7566-59CA-429D-95A5-3CB48F6DB217_1_105_c.jpeg,ecoglasses,custom_ecoglasses,custom
../data/raw/Garbage_Dataset_Classification/images/glass/glass_04701.jpg,trash,glass,kaggle
../data/raw/Garbage_Dataset_Classification/images/glass/glass_04127.jpg,trash,glass,kaggle
../data/raw/Garbage_Dataset_Classification/images/trash/trash_09706.jpg,trash,trash,kaggle
../data/raw/Garbage_Dataset_Classification/images/cardboard/cardboard_02442.jpg,cardboard_paper,cardboard,kaggle
../data/raw/Garbage_Dataset_Classification/images/plastic/plastic_01438.jpg,metal_plastic,plastic,kaggle
../data/raw/Garbage_Dataset_Classification/images/metal/metal_01863.jpg,metal_plastic,metal,kaggle
../data/raw/Garbage_Dataset_Classification/images/glass/glass_02299.jpg,trash,glass,kaggle
../data/raw/Garbage_Dataset_Classification/images/trash/trash_10063.jpg,trash,trash,kaggle
../data/raw/Garbage_Dataset_Classification/images/glass/glass_00896.jpg,trash,glass,kaggle
../data/raw/Garbage_Dataset_Classification/images/glass/glass_05134.jpg,trash,glass,kaggle
../data/raw/Garbage_Dataset_Classification/images/cardboard/cardboard_02776.jpg,cardboard_paper,cardboard,kaggle
../data/raw/Garbage_Dataset_Classification/images/paper/paper_00601.jpg,cardboard_paper,paper,kaggle
../data/raw/Garbage_Dataset_Classification/images/glass/glass_01394.jpg,trash,glass,kaggle
../data/raw/Garbage_Dataset_Classification/images/metal/metal_00425.jpg,metal_plastic,metal,kaggle
../data/raw/Garbage_Dataset_Classification/images/cardboard/cardboard_02964.jpg,cardboard_paper,cardboard,kaggle
../data/raw/Garbage_Dataset_Classification/images/trash/trash_19961.jpg,trash,trash,kaggle
../data/raw/Garbage_Dataset_Classification/images/metal/metal_01040.jpg,metal_plastic,metal,kaggle
../data/raw/Garbage_Dataset_Classification/images/glass/glass_02858.jpg,trash,glass,kaggle
../data/raw/Garbage_Dataset_Classification/images/glass/glass_03216.jpg,trash,glass,kaggle
../data/raw/Garbage_Dataset_Classification/images/paper/paper_01067.jpg,cardboard_paper,paper,kaggle
../data/raw/Garbage_Dataset_Classification/images/paper/paper_01325.jpg,cardboard_paper,paper,kaggle
../data/raw/Garbage_Dataset_Classification/images/trash/trash_09806.jpg,trash,trash,kaggle
../data/raw/Garbage_Dataset_Classification/images/plastic/plastic_01956.jpg,metal_plastic,plastic,kaggle
../data/raw/Garbage_Dataset_Classification/images/trash/trash_07740.jpg,trash,trash,kaggle
../data/raw/Garbage_Dataset_Classification/images/metal/metal_02613.jpg,metal_plastic,metal,kaggle
../data/raw/Garbage_Dataset_Classification/images/cardboard/cardboard_02835.jpg,cardboard_paper,cardboard,kaggle
../data/raw/Garbage_Dataset_Classification/images/glass/glass_00602.jpg,trash,glass,kaggle
../data/raw/Garbage_Dataset_Classification/images/metal/metal_02236.jpg,metal_plastic,metal,kaggle
../data/raw/Garbage_Dataset_Classification/images/cardboard/cardboard_02170.jpg,cardboard_paper,cardboard,kaggle
../data/raw/Garbage_Dataset_Classification/images/cardboard/cardboard_01253.jpg,cardboard_paper,cardboard,kaggle
../data/raw/Garbage_Dataset_Classification/images/trash/trash_12579.jpg,trash,trash,kaggle
../data/raw/Garbage_Dataset_Classification/images/metal/metal_01921.jpg,metal_plastic,metal,kaggle
../data/raw/Garbage_Dataset_Classification/images/paper/paper_00910.jpg,cardboard_paper,paper,kaggle
../data/raw/Garbage_Dataset_Classification/images/trash/trash_00093.jpg,trash,trash,kaggle
../data/raw/Garbage_Dataset_Classification/images/plastic/plastic_02814.jpg,metal_plastic,plastic,kaggle
../data/raw/Garbage_Dataset_Classification/images/plastic/plastic_02917.jpg,metal_plastic,plastic,kaggle
../data/raw/Garbage_Dataset_Classification/images/plastic/plastic_02285.jpg,metal_plastic,plastic,kaggle
../data/raw/Garbage_Dataset_Classification/images/paper/paper_02934.jpg,cardboard_paper,paper,kaggle
../data/raw/Garbage_Dataset_Classification/images/glass/glass_03148.jpg,trash,glass,kaggle
../data/raw/Garbage_Dataset_Classification/images/trash/trash_06721.jpg,trash,trash,kaggle
../data/raw/Garbage_Dataset_Classification/images/paper/paper_02355.jpg,cardboard_paper,paper,kaggle
../data/raw/Garbage_Dataset_Classification/images/glass/glass_03940.jpg,trash,glass,kaggle
../data/raw/Garbage_Dataset_Classification/images/metal/metal_01110.jpg,metal_plastic,metal,kaggle
../data/raw/Garbage_Dataset_Classification/images/cardboard/cardboard_02717.jpg,cardboard_paper,cardboard,kaggle
../data/raw/Garbage_Dataset_Classification/images/glass/glass_00903.jpg,trash,glass,kaggle
../data/raw/Garbage_Dataset_Classification/images/cardboard/cardboard_01586.jpg,cardboard_paper,cardboard,kaggle
../data/raw/Garbage_Dataset_Classification/images/glass/glass_03442.jpg,trash,glass,kaggle
../data/raw/Garbage_Dataset_Classification/images/plastic/plastic_01133.jpg,metal_plastic,plastic,kaggle
../data/raw/Garbage_Dataset_Classification/images/metal/metal_01430.jpg,metal_plastic,metal,kaggle
../data/raw/Garbage_Dataset_Classification/images/paper/paper_00302.jpg,cardboard_paper,paper,kaggle
../data/raw/Garbage_Dataset_Classification/images/plastic/plastic_02320.jpg,metal_plastic,plastic,kaggle
../data/raw/Garbage_Dataset_Classification/images/plastic/plastic_02666.jpg,metal_plastic,plastic,kaggle
../data/raw/Garbage_Dataset_Classification/images/plastic/plastic_02657.jpg,metal_plastic,plastic,kaggle
../data/raw/Garbage_Dataset_Classification/images/cardboard/cardboard_02306.jpg,cardboard_paper,cardboard,kaggle
../data/raw/Garbage_Dataset_Classification/images/glass/glass_04802.jpg,trash,glass,kaggle
../data/raw/Garbage_Dataset_Classification/images/cardboard/cardboard_02566.jpg,cardboard_paper,cardboard,kaggle
../data/raw/Garbage_Dataset_Classification/images/paper/paper_02223.jpg,cardboard_paper,paper,kaggle
../data/raw/Garbage_Dataset_Classification/images/cardboard/cardboard_01544.jpg,cardboard_paper,cardboard,kaggle
../data/raw/Garbage_Dataset_Classification/images/cardboard/cardboard_00888.jpg,cardboard_paper,cardboard,kaggle
../data/raw/Garbage_Dataset_Classification/images/glass/glass_02531.jpg,trash,glass,kaggle
../data/raw/Garbage_Dataset_Classification/images/plastic/plastic_01526.jpg,metal_plastic,plastic,kaggle
../data/raw/Garbage_Dataset_Classification/images/trash/trash_04069.jpg,trash,trash,kaggle
../data/raw/Garbage_Dataset_Classification/images/trash/trash_02688.jpg,trash,trash,kaggle
../data/raw/Garbage_Dataset_Classification/images/paper/paper_02249.jpg,cardboard_paper,paper,kaggle
../data/raw/Garbage_Dataset_Classification/images/cardboard/cardboard_01555.jpg,cardboard_paper,cardboard,kaggle
../data/raw/Garbage_Dataset_Classification/images/glass/glass_03009.jpg,trash,glass,kaggle
../data/raw/Garbage_Dataset_Classification/images/plastic/plastic_02803.jpg,metal_plastic,plastic,kaggle
../data/raw/Garbage_Dataset_Classification/images/glass/glass_03304.jpg,trash,glass,kaggle
../data/raw/Garbage_Dataset_Classification/images/glass/glass_03531.jpg,trash,glass,kaggle
../data/raw/Garbage_Dataset_Classification/images/plastic/plastic_00906.jpg,metal_plastic,plastic,kaggle
../data/raw/Garbage_Dataset_Classification/images/metal/metal_02208.jpg,metal_plastic,metal,kaggle
../data/raw/Garbage_Dataset_Classification/images/paper/paper_01758.jpg,cardboard_paper,paper,kaggle
../data/raw/Garbage_Dataset_Classification/images/plastic/plastic_00999.jpg,metal_plastic,plastic,kaggle
../data/raw/Garbage_Dataset_Classification/images/glass/glass_00849.jpg,trash,glass,kaggle
../data/raw/Garbage_Dataset_Classification/images/trash/trash_19793.jpg,trash,trash,kaggle
../data/raw/Garbage_Dataset_Classification/images/metal/metal_02718.jpg,metal_plastic,metal,kaggle
../data/raw/Garbage_Dataset_Classification/images/trash/trash_19337.jpg,trash,trash,kaggle
../data/raw/Garbage_Dataset_Classification/images/metal/metal_02063.jpg,metal_plastic,metal,kaggle
../data/raw/Garbage_Dataset_Classification/images/glass/glass_03073.jpg,trash,glass,kaggle
../data/raw/Garbage_Dataset_Classification/images/glass/glass_03688.jpg,trash,glass,kaggle
../data/raw/Garbage_Dataset_Classification/images/cardboard/cardboard_00697.jpg,cardboard_paper,cardboard,kaggle
../data/raw/Garbage_Dataset_Classification/images/glass/glass_00618.jpg,trash,glass,kaggle
../data/raw/Garbage_Dataset_Classification/images/paper/paper_02593.jpg,cardboard_paper,paper,kaggle
../data/raw/Garbage_Dataset_Classification/images/trash/trash_01922.jpg,trash,trash,kaggle
../data/raw/Garbage_Dataset_Classification/images/plastic/plastic_01637.jpg,metal_plastic,plastic,kaggle
../data/raw/Garbage_Dataset_Classification/images/glass/glass_04721.jpg,trash,glass,kaggle
../data/raw/Garbage_Dataset_Classification/images/trash/trash_09924.jpg,trash,trash,kaggle
../data/raw/Garbage_Dataset_Classification/images/trash/trash_04038.jpg,trash,trash,kaggle
../data/raw/Garbage_Dataset_Classification/images/glass/glass_03948.jpg,trash,glass,kaggle
../data/raw/Garbage_Dataset_Classification/images/paper/paper_01620.jpg,cardboard_paper,paper,kaggle
../data/raw/Garbage_Dataset_Classification/images/paper/paper_02491.jpg,cardboard_paper,paper,kaggle
../data/raw/Garbage_Dataset_Classification/images/trash/trash_13113.jpg,trash,trash,kaggle
../data/raw/Garbage_Dataset_Classification/images/cardboard/cardboard_01584.jpg,cardboard_paper,cardboard,kaggle
../data/raw/Garbage_Dataset_Classification/images/paper/paper_01812.jpg,cardboard_paper,paper,kaggle
../data/raw/Garbage_Dataset_Classification/images/paper/paper_02910.jpg,cardboard_paper,paper,kaggle
../data/raw/Garbage_Dataset_Classification/images/glass/glass_01339.jpg,trash,glass,kaggle
../data/raw/Garbage_Dataset_Classification/images/plastic/plastic_01237.jpg,metal_plastic,plastic,kaggle
../data/raw/Garbage_Dataset_Classification/images/glass/glass_03765.jpg,trash,glass,kaggle
../data/raw/Garbage_Dataset_Classification/images/trash/trash_17617.jpg,trash,trash,kaggle
../data/raw/Garbage_Dataset_Classification/images/glass/glass_04175.jpg,trash,glass,kaggle
../data/raw/Garbage_Dataset_Classification/images/paper/paper_02244.jpg,cardboard_paper,paper,kaggle
../data/raw/Garbage_Dataset_Classification/images/metal/metal_01875.jpg,metal_plastic,metal,kaggle
../data/raw/Garbage_Dataset_Classification/images/glass/glass_02805.jpg,trash,glass,kaggle
../data/raw/Garbage_Dataset_Classification/images/plastic/plastic_02206.jpg,metal_plastic,plastic,kaggle
../data/raw/Garbage_Dataset_Classification/images/metal/metal_02627.jpg,metal_plastic,metal,kaggle
../data/raw/Garbage_Dataset_Classification/images/paper/paper_00859.jpg,cardboard_paper,paper,kaggle
../data/raw/Garbage_Dataset_Classification/images/trash/trash_18315.jpg,trash,trash,kaggle
../data/raw/Garbage_Dataset_Classification/images/glass/glass_05127.jpg,trash,glass,kaggle
../data/raw/Garbage_Dataset_Classification/images/plastic/plastic_02151.jpg,metal_plastic,plastic,kaggle
../data/raw/Garbage_Dataset_Classification/images/metal/metal_01737.jpg,metal_plastic,metal,kaggle
../data/raw/Garbage_Dataset_Classification/images/metal/metal_00303.jpg,metal_plastic,metal,kaggle
../data/raw/Garbage_Dataset_Classification/images/glass/glass_00309.jpg,trash,glass,kaggle
../data/raw/Garbage_Dataset_Classification/images/metal/metal_02283.jpg,metal_plastic,metal,kaggle
../data/raw/Garbage_Dataset_Classification/images/glass/glass_04745.jpg,trash,glass,kaggle
../data/raw/Garbage_Dataset_Classification/images/cardboard/cardboard_00987.jpg,cardboard_paper,cardboard,kaggle
../data/raw/Garbage_Dataset_Classification/images/trash/trash_03956.jpg,trash,trash,kaggle
../data/raw/Garbage_Dataset_Classification/images/plastic/plastic_02127.jpg,metal_plastic,plastic,kaggle
../data/raw/Garbage_Dataset_Classification/images/cardboard/cardboard_03078.jpg,cardboard_paper,cardboard,kaggle
../data/raw/Garbage_Dataset_Classification/images/plastic/plastic_02884.jpg,metal_plastic,plastic,kaggle
../data/raw/Garbage_Dataset_Classification/images/metal/metal_00614.jpg,metal_plastic,metal,kaggle
../data/raw/Garbage_Dataset_Classification/images/plastic/plastic_02749.jpg,metal_plastic,plastic,kaggle
../data/raw/Garbage_Dataset_Classification/images/plastic/plastic_02713.jpg,metal_plastic,plastic,kaggle
../data/raw/Garbage_Dataset_Classification/images/cardboard/cardboard_00228.jpg,cardboard_paper,cardboard,kaggle
../data/raw/Garbage_Dataset_Classification/images/paper/paper_01336.jpg,cardboard_paper,paper,kaggle
../data/raw/Garbage_Dataset_Classification/images/metal/metal_02667.jpg,metal_plastic,metal,kaggle
../data/raw/Garbage_Dataset_Classification/images/cardboard/cardboard_01212.jpg,cardboard_paper,cardboard,kaggle
../data/raw/Garbage_Dataset_Classification/images/plastic/plastic_02670.jpg,metal_plastic,plastic,kaggle
../data/raw/Garbage_Dataset_Classification/images/cardboard/cardboard_02666.jpg,cardboard_paper,cardboard,kaggle
../data/raw/Garbage_Dataset_Classification/images/trash/trash_19693.jpg,trash,trash,kaggle
../data/raw/Garbage_Dataset_Classification/images/trash/trash_06037.jpg,trash,trash,kaggle
../data/raw/Garbage_Dataset_Classification/images/plastic/plastic_02093.jpg,metal_plastic,plastic,kaggle
../data/raw/Garbage_Dataset_Classification/images/cardboard/cardboard_00965.jpg,cardboard_paper,cardboard,kaggle
../data/raw/Garbage_Dataset_Classification/images/glass/glass_02639.jpg,trash,glass,kaggle
../data/raw/Garbage_Dataset_Classification/images/metal/metal_02096.jpg,metal_plastic,metal,kaggle
../data/raw/Garbage_Dataset_Classification/images/paper/paper_02149.jpg,cardboard_paper,paper,kaggle
../data/raw/Garbage_Dataset_Classification/images/metal/metal_00357.jpg,metal_plastic,metal,kaggle
../data/raw/Garbage_Dataset_Classification/images/plastic/plastic_00371.jpg,metal_plastic,plastic,kaggle
../data/raw/Garbage_Dataset_Classification/images/metal/metal_01580.jpg,metal_plastic,metal,kaggle
../data/raw/Garbage_Dataset_Classification/images/trash/trash_02008.jpg,trash,trash,kaggle
../data/raw/Garbage_Dataset_Classification/images/paper/paper_02740.jpg,cardboard_paper,paper,kaggle
../data/raw/Garbage_Dataset_Classification/images/trash/trash_04082.jpg,trash,trash,kaggle
../data/raw/Garbage_Dataset_Classification/images/glass/glass_02433.jpg,trash,glass,kaggle
../data/raw/Garbage_Dataset_Classification/images/paper/paper_01930.jpg,cardboard_paper,paper,kaggle
../data/raw/Garbage_Dataset_Classification/images/metal/metal_00311.jpg,metal_plastic,metal,kaggle
../data/raw/Garbage_Dataset_Classification/images/plastic/plastic_02728.jpg,metal_plastic,plastic,kaggle
../data/raw/Garbage_Dataset_Classification/images/plastic/plastic_01180.jpg,metal_plastic,plastic,kaggle
../data/raw/Garbage_Dataset_Classification/images/cardboard/cardboard_02951.jpg,cardboard_paper,cardboard,kaggle
../data/raw/Garbage_Dataset_Classification/images/cardboard/cardboard_02052.jpg,cardboard_paper,cardboard,kaggle
../data/raw/Garbage_Dataset_Classification/images/paper/paper_01811.jpg,cardboard_paper,paper,kaggle
../data/raw/Garbage_Dataset_Classification/images/cardboard/cardboard_00562.jpg,cardboard_paper,cardboard,kaggle
../data/raw/Garbage_Dataset_Classification/images/cardboard/cardboard_02607.jpg,cardboard_paper,cardboard,kaggle
../data/raw/Garbage_Dataset_Classification/images/glass/glass_01464.jpg,trash,glass,kaggle
../data/raw/Garbage_Dataset_Classification/images/trash/trash_13880.jpg,trash,trash,kaggle
../data/raw/Garbage_Dataset_Classification/images/paper/paper_01093.jpg,cardboard_paper,paper,kaggle
../data/raw/Garbage_Dataset_Classification/images/trash/trash_05205.jpg,trash,trash,kaggle
../data/raw/Garbage_Dataset_Classification/images/cardboard/cardboard_03087.jpg,cardboard_paper,cardboard,kaggle
../data/raw/Garbage_Dataset_Classification/images/glass/glass_02407.jpg,trash,glass,kaggle
../data/raw/Garbage_Dataset_Classification/images/glass/glass_02723.jpg,trash,glass,kaggle
../data/raw/Garbage_Dataset_Classification/images/glass/glass_02008.jpg,trash,glass,kaggle
../data/raw/Garbage_Dataset_Classification/images/paper/paper_02274.jpg,cardboard_paper,paper,kaggle
../data/raw/Garbage_Dataset_Classification/images/plastic/plastic_01212.jpg,metal_plastic,plastic,kaggle
../data/raw/Garbage_Dataset_Classification/images/plastic/plastic_02488.jpg,metal_plastic,plastic,kaggle
../data/raw/Garbage_Dataset_Classification/images/paper/paper_00775.jpg,cardboard_paper,paper,kaggle
../data/raw/Garbage_Dataset_Classification/images/glass/glass_04411.jpg,trash,glass,kaggle
../data/raw/Garbage_Dataset_Classification/images/metal/metal_01364.jpg,metal_plastic,metal,kaggle
../data/raw/Garbage_Dataset_Classification/images/cardboard/cardboard_00720.jpg,cardboard_paper,cardboard,kaggle
../data/raw/Garbage_Dataset_Classification/images/glass/glass_04684.jpg,trash,glass,kaggle
../data/raw/Garbage_Dataset_Classification/images/glass/glass_00558.jpg,trash,glass,kaggle
../data/custom/ecoglasses/0574F4A1-4B40-4B28-9CA0-8382DF23AB3E_1_105_c.jpeg,ecoglasses,custom_ecoglasses,custom
../data/raw/Garbage_Dataset_Classification/images/trash/trash_19553.jpg,trash,trash,kaggle
../data/raw/Garbage_Dataset_Classification/images/metal/metal_02710.jpg,metal_plastic,metal,kaggle
../data/raw/Garbage_Dataset_Classification/images/trash/trash_01089.jpg,trash,trash,kaggle
../data/raw/Garbage_Dataset_Classification/images/paper/paper_00350.jpg,cardboard_paper,paper,kaggle
../data/raw/Garbage_Dataset_Classification/images/paper/paper_02847.jpg,cardboard_paper,paper,kaggle
../data/raw/Garbage_Dataset_Classification/images/trash/trash_06593.jpg,trash,trash,kaggle
../data/raw/Garbage_Dataset_Classification/images/trash/trash_06848.jpg,trash,trash,kaggle
../data/raw/Garbage_Dataset_Classification/images/plastic/plastic_02124.jpg,metal_plastic,plastic,kaggle
../data/raw/Garbage_Dataset_Classification/images/plastic/plastic_00899.jpg,metal_plastic,plastic,kaggle
../data/raw/Garbage_Dataset_Classification/images/metal/metal_01713.jpg,metal_plastic,metal,kaggle
../data/raw/Garbage_Dataset_Classification/images/cardboard/cardboard_01626.jpg,cardboard_paper,cardboard,kaggle
../data/raw/Garbage_Dataset_Classification/images/glass/glass_04342.jpg,trash,glass,kaggle
../data/raw/Garbage_Dataset_Classification/images/trash/trash_12457.jpg,trash,trash,kaggle
../data/raw/Garbage_Dataset_Classification/images/trash/trash_09665.jpg,trash,trash,kaggle
../data/raw/Garbage_Dataset_Classification/images/metal/metal_00334.jpg,metal_plastic,metal,kaggle
../data/raw/Garbage_Dataset_Classification/images/cardboard/cardboard_01772.jpg,cardboard_paper,cardboard,kaggle
../data/raw/Garbage_Dataset_Classification/images/metal/metal_01560.jpg,metal_plastic,metal,kaggle
../data/raw/Garbage_Dataset_Classification/images/cardboard/cardboard_00219.jpg,cardboard_paper,cardboard,kaggle
../data/raw/Garbage_Dataset_Classification/images/plastic/plastic_01323.jpg,metal_plastic,plastic,kaggle
../data/raw/Garbage_Dataset_Classification/images/glass/glass_01553.jpg,trash,glass,kaggle
../data/raw/Garbage_Dataset_Classification/images/glass/glass_05089.jpg,trash,glass,kaggle
../data/raw/Garbage_Dataset_Classification/images/cardboard/cardboard_00902.jpg,cardboard_paper,cardboard,kaggle
../data/raw/Garbage_Dataset_Classification/images/metal/metal_01837.jpg,metal_plastic,metal,kaggle
../data/raw/Garbage_Dataset_Classification/images/glass/glass_05199.jpg,trash,glass,kaggle
../data/raw/Garbage_Dataset_Classification/images/plastic/plastic_01855.jpg,metal_plastic,plastic,kaggle
../data/raw/Garbage_Dataset_Classification/images/cardboard/cardboard_00979.jpg,cardboard_paper,cardboard,kaggle
../data/raw/Garbage_Dataset_Classification/images/glass/glass_03172.jpg,trash,glass,kaggle
../data/raw/Garbage_Dataset_Classification/images/glass/glass_05322.jpg,trash,glass,kaggle
../data/raw/Garbage_Dataset_Classification/images/glass/glass_01184.jpg,trash,glass,kaggle
../data/raw/Garbage_Dataset_Classification/images/paper/paper_02305.jpg,cardboard_paper,paper,kaggle
../data/raw/Garbage_Dataset_Classification/images/cardboard/cardboard_01955.jpg,cardboard_paper,cardboard,kaggle
../data/raw/Garbage_Dataset_Classification/images/trash/trash_05963.jpg,trash,trash,kaggle
../data/raw/Garbage_Dataset_Classification/images/plastic/plastic_01975.jpg,metal_plastic,plastic,kaggle
../data/raw/Garbage_Dataset_Classification/images/paper/paper_01555.jpg,cardboard_paper,paper,kaggle
../data/raw/Garbage_Dataset_Classification/images/trash/trash_10807.jpg,trash,trash,kaggle
../data/raw/Garbage_Dataset_Classification/images/cardboard/cardboard_02521.jpg,cardboard_paper,cardboard,kaggle
../data/raw/Garbage_Dataset_Classification/images/cardboard/cardboard_03023.jpg,cardboard_paper,cardboard,kaggle
../data/raw/Garbage_Dataset_Classification/images/glass/glass_01205.jpg,trash,glass,kaggle
../data/raw/Garbage_Dataset_Classification/images/plastic/plastic_01196.jpg,metal_plastic,plastic,kaggle
../data/raw/Garbage_Dataset_Classification/images/trash/trash_18896.jpg,trash,trash,kaggle
../data/raw/Garbage_Dataset_Classification/images/glass/glass_00503.jpg,trash,glass,kaggle
../data/raw/Garbage_Dataset_Classification/images/metal/metal_02513.jpg,metal_plastic,metal,kaggle
../data/raw/Garbage_Dataset_Classification/images/paper/paper_01001.jpg,cardboard_paper,paper,kaggle
../data/raw/Garbage_Dataset_Classification/images/plastic/plastic_02590.jpg,metal_plastic,plastic,kaggle
../data/raw/Garbage_Dataset_Classification/images/glass/glass_02944.jpg,trash,glass,kaggle
../data/raw/Garbage_Dataset_Classification/images/metal/metal_01685.jpg,metal_plastic,metal,kaggle
../data/raw/Garbage_Dataset_Classification/images/metal/metal_01120.jpg,metal_plastic,metal,kaggle
../data/raw/Garbage_Dataset_Classification/images/paper/paper_01393.jpg,cardboard_paper,paper,kaggle
../data/raw/Garbage_Dataset_Classification/images/cardboard/cardboard_02414.jpg,cardboard_paper,cardboard,kaggle
../data/raw/Garbage_Dataset_Classification/images/plastic/plastic_01389.jpg,metal_plastic,plastic,kaggle
../data/raw/Garbage_Dataset_Classification/images/metal/metal_01541.jpg,metal_plastic,metal,kaggle
../data/raw/Garbage_Dataset_Classification/images/trash/trash_06315.jpg,trash,trash,kaggle
../data/raw/Garbage_Dataset_Classification/images/cardboard/cardboard_01102.jpg,cardboard_paper,cardboard,kaggle
../data/raw/Garbage_Dataset_Classification/images/trash/trash_12706.jpg,trash,trash,kaggle
../data/raw/Garbage_Dataset_Classification/images/cardboard/cardboard_00369.jpg,cardboard_paper,cardboard,kaggle
../data/raw/Garbage_Dataset_Classification/images/paper/paper_02069.jpg,cardboard_paper,paper,kaggle
../data/raw/Garbage_Dataset_Classification/images/cardboard/cardboard_01226.jpg,cardboard_paper,cardboard,kaggle
../data/raw/Garbage_Dataset_Classification/images/paper/paper_03197.jpg,cardboard_paper,paper,kaggle
../data/raw/Garbage_Dataset_Classification/images/paper/paper_02370.jpg,cardboard_paper,paper,kaggle
../data/raw/Garbage_Dataset_Classification/images/paper/paper_02728.jpg,cardboard_paper,paper,kaggle
../data/raw/Garbage_Dataset_Classification/images/paper/paper_01626.jpg,cardboard_paper,paper,kaggle
../data/raw/Garbage_Dataset_Classification/images/cardboard/cardboard_02588.jpg,cardboard_paper,cardboard,kaggle
../data/raw/Garbage_Dataset_Classification/images/paper/paper_02960.jpg,cardboard_paper,paper,kaggle
../data/raw/Garbage_Dataset_Classification/images/cardboard/cardboard_02212.jpg,cardboard_paper,cardboard,kaggle
../data/raw/Garbage_Dataset_Classification/images/paper/paper_01750.jpg,cardboard_paper,paper,kaggle
../data/raw/Garbage_Dataset_Classification/images/plastic/plastic_02101.jpg,metal_plastic,plastic,kaggle
../data/raw/Garbage_Dataset_Classification/images/glass/glass_00732.jpg,trash,glass,kaggle
../data/raw/Garbage_Dataset_Classification/images/trash/trash_14080.jpg,trash,trash,kaggle
../data/raw/Garbage_Dataset_Classification/images/cardboard/cardboard_01307.jpg,cardboard_paper,cardboard,kaggle
../data/raw/Garbage_Dataset_Classification/images/trash/trash_09473.jpg,trash,trash,kaggle
../data/raw/Garbage_Dataset_Classification/images/metal/metal_02392.jpg,metal_plastic,metal,kaggle
../data/raw/Garbage_Dataset_Classification/images/paper/paper_00913.jpg,cardboard_paper,paper,kaggle
../data/raw/Garbage_Dataset_Classification/images/paper/paper_00929.jpg,cardboard_paper,paper,kaggle
../data/raw/Garbage_Dataset_Classification/images/trash/trash_01103.jpg,trash,trash,kaggle
../data/raw/Garbage_Dataset_Classification/images/cardboard/cardboard_02485.jpg,cardboard_paper,cardboard,kaggle
../data/raw/Garbage_Dataset_Classification/images/paper/paper_01369.jpg,cardboard_paper,paper,kaggle
../data/raw/Garbage_Dataset_Classification/images/trash/trash_16278.jpg,trash,trash,kaggle
../data/raw/Garbage_Dataset_Classification/images/metal/metal_02539.jpg,metal_plastic,metal,kaggle
../data/raw/Garbage_Dataset_Classification/images/plastic/plastic_02023.jpg,metal_plastic,plastic,kaggle
../data/raw/Garbage_Dataset_Classification/images/glass/glass_01793.jpg,trash,glass,kaggle
../data/raw/Garbage_Dataset_Classification/images/trash/trash_16649.jpg,trash,trash,kaggle
../data/raw/Garbage_Dataset_Classification/images/paper/paper_00838.jpg,cardboard_paper,paper,kaggle
../data/raw/Garbage_Dataset_Classification/images/glass/glass_02725.jpg,trash,glass,kaggle
../data/raw/Garbage_Dataset_Classification/images/cardboard/cardboard_02475.jpg,cardboard_paper,cardboard,kaggle
../data/raw/Garbage_Dataset_Classification/images/cardboard/cardboard_02323.jpg,cardboard_paper,cardboard,kaggle
../data/raw/Garbage_Dataset_Classification/images/paper/paper_01334.jpg,cardboard_paper,paper,kaggle
../data/raw/Garbage_Dataset_Classification/images/paper/paper_02917.jpg,cardboard_paper,paper,kaggle
../data/raw/Garbage_Dataset_Classification/images/trash/trash_04444.jpg,trash,trash,kaggle
../data/raw/Garbage_Dataset_Classification/images/trash/trash_08606.jpg,trash,trash,kaggle
../data/raw/Garbage_Dataset_Classification/images/cardboard/cardboard_01998.jpg,cardboard_paper,cardboard,kaggle
../data/raw/Garbage_Dataset_Classification/images/cardboard/cardboard_00085.jpg,cardboard_paper,cardboard,kaggle
../data/raw/Garbage_Dataset_Classification/images/plastic/plastic_02833.jpg,metal_plastic,plastic,kaggle
../data/raw/Garbage_Dataset_Classification/images/glass/glass_02473.jpg,trash,glass,kaggle
../data/raw/Garbage_Dataset_Classification/images/metal/metal_02599.jpg,metal_plastic,metal,kaggle
../data/raw/Garbage_Dataset_Classification/images/plastic/plastic_02280.jpg,metal_plastic,plastic,kaggle
../data/raw/Garbage_Dataset_Classification/images/plastic/plastic_00538.jpg,metal_plastic,plastic,kaggle
../data/raw/Garbage_Dataset_Classification/images/plastic/plastic_01808.jpg,metal_plastic,plastic,kaggle
../data/raw/Garbage_Dataset_Classification/images/paper/paper_01623.jpg,cardboard_paper,paper,kaggle
../data/raw/Garbage_Dataset_Classification/images/cardboard/cardboard_02498.jpg,cardboard_paper,cardboard,kaggle
../data/raw/Garbage_Dataset_Classification/images/cardboard/cardboard_02786.jpg,cardboard_paper,cardboard,kaggle
../data/raw/Garbage_Dataset_Classification/images/cardboard/cardboard_01304.jpg,cardboard_paper,cardboard,kaggle
../data/raw/Garbage_Dataset_Classification/images/plastic/plastic_03247.jpg,metal_plastic,plastic,kaggle
../data/raw/Garbage_Dataset_Classification/images/trash/trash_06645.jpg,trash,trash,kaggle
../data/raw/Garbage_Dataset_Classification/images/metal/metal_00290.jpg,metal_plastic,metal,kaggle
../data/raw/Garbage_Dataset_Classification/images/glass/glass_03699.jpg,trash,glass,kaggle
../data/raw/Garbage_Dataset_Classification/images/paper/paper_01841.jpg,cardboard_paper,paper,kaggle
../data/raw/Garbage_Dataset_Classification/images/paper/paper_02503.jpg,cardboard_paper,paper,kaggle
../data/raw/Garbage_Dataset_Classification/images/metal/metal_02582.jpg,metal_plastic,metal,kaggle
../data/raw/Garbage_Dataset_Classification/images/glass/glass_05411.jpg,trash,glass,kaggle
../data/raw/Garbage_Dataset_Classification/images/glass/glass_05242.jpg,trash,glass,kaggle
../data/raw/Garbage_Dataset_Classification/images/metal/metal_02712.jpg,metal_plastic,metal,kaggle
../data/raw/Garbage_Dataset_Classification/images/glass/glass_03487.jpg,trash,glass,kaggle
../data/raw/Garbage_Dataset_Classification/images/paper/paper_02692.jpg,cardboard_paper,paper,kaggle
../data/raw/Garbage_Dataset_Classification/images/glass/glass_05213.jpg,trash,glass,kaggle
../data/raw/Garbage_Dataset_Classification/images/paper/paper_02653.jpg,cardboard_paper,paper,kaggle
../data/raw/Garbage_Dataset_Classification/images/glass/glass_01971.jpg,trash,glass,kaggle
../data/raw/Garbage_Dataset_Classification/images/trash/trash_06072.jpg,trash,trash,kaggle
../data/raw/Garbage_Dataset_Classification/images/paper/paper_02387.jpg,cardboard_paper,paper,kaggle
../data/raw/Garbage_Dataset_Classification/images/glass/glass_04831.jpg,trash,glass,kaggle
../data/raw/Garbage_Dataset_Classification/images/plastic/plastic_02817.jpg,metal_plastic,plastic,kaggle
../data/raw/Garbage_Dataset_Classification/images/paper/paper_03094.jpg,cardboard_paper,paper,kaggle
../data/raw/Garbage_Dataset_Classification/images/cardboard/cardboard_02110.jpg,cardboard_paper,cardboard,kaggle
../data/raw/Garbage_Dataset_Classification/images/paper/paper_02991.jpg,cardboard_paper,paper,kaggle
../data/raw/Garbage_Dataset_Classification/images/glass/glass_01387.jpg,trash,glass,kaggle
../data/raw/Garbage_Dataset_Classification/images/glass/glass_02887.jpg,trash,glass,kaggle
../data/raw/Garbage_Dataset_Classification/images/glass/glass_05017.jpg,trash,glass,kaggle
../data/raw/Garbage_Dataset_Classification/images/trash/trash_11037.jpg,trash,trash,kaggle
../data/raw/Garbage_Dataset_Classification/images/metal/metal_00776.jpg,metal_plastic,metal,kaggle
../data/raw/Garbage_Dataset_Classification/images/plastic/plastic_02401.jpg,metal_plastic,plastic,kaggle
../data/raw/Garbage_Dataset_Classification/images/cardboard/cardboard_02966.jpg,cardboard_paper,cardboard,kaggle
../data/raw/Garbage_Dataset_Classification/images/metal/metal_01644.jpg,metal_plastic,metal,kaggle
../data/raw/Garbage_Dataset_Classification/images/metal/metal_02438.jpg,metal_plastic,metal,kaggle
../data/raw/Garbage_Dataset_Classification/images/glass/glass_04809.jpg,trash,glass,kaggle
../data/raw/Garbage_Dataset_Classification/images/glass/glass_00161.jpg,trash,glass,kaggle
../data/raw/Garbage_Dataset_Classification/images/trash/trash_11761.jpg,trash,trash,kaggle
../data/raw/Garbage_Dataset_Classification/images/paper/paper_00482.jpg,cardboard_paper,paper,kaggle
../data/raw/Garbage_Dataset_Classification/images/plastic/plastic_00825.jpg,metal_plastic,plastic,kaggle
../data/raw/Garbage_Dataset_Classification/images/glass/glass_01199.jpg,trash,glass,kaggle
../data/raw/Garbage_Dataset_Classification/images/metal/metal_01488.jpg,metal_plastic,metal,kaggle
../data/raw/Garbage_Dataset_Classification/images/cardboard/cardboard_02383.jpg,cardboard_paper,cardboard,kaggle
../data/raw/Garbage_Dataset_Classification/images/plastic/plastic_01927.jpg,metal_plastic,plastic,kaggle
../data/raw/Garbage_Dataset_Classification/images/paper/paper_01122.jpg,cardboard_paper,paper,kaggle
../data/raw/Garbage_Dataset_Classification/images/trash/trash_07536.jpg,trash,trash,kaggle
../data/raw/Garbage_Dataset_Classification/images/paper/paper_01041.jpg,cardboard_paper,paper,kaggle
../data/raw/Garbage_Dataset_Classification/images/cardboard/cardboard_02045.jpg,cardboard_paper,cardboard,kaggle
../data/raw/Garbage_Dataset_Classification/images/metal/metal_01672.jpg,metal_plastic,metal,kaggle
../data/raw/Garbage_Dataset_Classification/images/glass/glass_03590.jpg,trash,glass,kaggle
../data/raw/Garbage_Dataset_Classification/images/trash/trash_08048.jpg,trash,trash,kaggle
../data/raw/Garbage_Dataset_Classification/images/paper/paper_03131.jpg,cardboard_paper,paper,kaggle
../data/raw/Garbage_Dataset_Classification/images/plastic/plastic_03096.jpg,metal_plastic,plastic,kaggle
../data/raw/Garbage_Dataset_Classification/images/trash/trash_03439.jpg,trash,trash,kaggle
../data/raw/Garbage_Dataset_Classification/images/glass/glass_01469.jpg,trash,glass,kaggle
../data/raw/Garbage_Dataset_Classification/images/cardboard/cardboard_02322.jpg,cardboard_paper,cardboard,kaggle
../data/raw/Garbage_Dataset_Classification/images/paper/paper_00295.jpg,cardboard_paper,paper,kaggle
../data/raw/Garbage_Dataset_Classification/images/paper/paper_02601.jpg,cardboard_paper,paper,kaggle
../data/raw/Garbage_Dataset_Classification/images/cardboard/cardboard_01333.jpg,cardboard_paper,cardboard,kaggle
../data/raw/Garbage_Dataset_Classification/images/trash/trash_12784.jpg,trash,trash,kaggle
../data/raw/Garbage_Dataset_Classification/images/paper/paper_01970.jpg,cardboard_paper,paper,kaggle
../data/raw/Garbage_Dataset_Classification/images/plastic/plastic_01777.jpg,metal_plastic,plastic,kaggle
../data/raw/Garbage_Dataset_Classification/images/paper/paper_02930.jpg,cardboard_paper,paper,kaggle
../data/raw/Garbage_Dataset_Classification/images/trash/trash_01505.jpg,trash,trash,kaggle
../data/raw/Garbage_Dataset_Classification/images/glass/glass_04980.jpg,trash,glass,kaggle
../data/raw/Garbage_Dataset_Classification/images/plastic/plastic_00739.jpg,metal_plastic,plastic,kaggle
../data/raw/Garbage_Dataset_Classification/images/glass/glass_04910.jpg,trash,glass,kaggle
../data/raw/Garbage_Dataset_Classification/images/trash/trash_12155.jpg,trash,trash,kaggle
../data/raw/Garbage_Dataset_Classification/images/trash/trash_17696.jpg,trash,trash,kaggle
../data/raw/Garbage_Dataset_Classification/images/paper/paper_01539.jpg,cardboard_paper,paper,kaggle
../data/raw/Garbage_Dataset_Classification/images/metal/metal_01390.jpg,metal_plastic,metal,kaggle
../data/raw/Garbage_Dataset_Classification/images/plastic/plastic_02692.jpg,metal_plastic,plastic,kaggle
../data/raw/Garbage_Dataset_Classification/images/metal/metal_02144.jpg,metal_plastic,metal,kaggle
../data/raw/Garbage_Dataset_Classification/images/metal/metal_00698.jpg,metal_plastic,metal,kaggle
../data/raw/Garbage_Dataset_Classification/images/paper/paper_02915.jpg,cardboard_paper,paper,kaggle
../data/raw/Garbage_Dataset_Classification/images/plastic/plastic_01891.jpg,metal_plastic,plastic,kaggle
../data/raw/Garbage_Dataset_Classification/images/cardboard/cardboard_02953.jpg,cardboard_paper,cardboard,kaggle
../data/raw/Garbage_Dataset_Classification/images/cardboard/cardboard_02406.jpg,cardboard_paper,cardboard,kaggle
../data/raw/Garbage_Dataset_Classification/images/glass/glass_03054.jpg,trash,glass,kaggle
../data/raw/Garbage_Dataset_Classification/images/trash/trash_12027.jpg,trash,trash,kaggle
../data/raw/Garbage_Dataset_Classification/images/cardboard/cardboard_02059.jpg,cardboard_paper,cardboard,kaggle
../data/raw/Garbage_Dataset_Classification/images/cardboard/cardboard_00160.jpg,cardboard_paper,cardboard,kaggle
../data/raw/Garbage_Dataset_Classification/images/trash/trash_20216.jpg,trash,trash,kaggle
../data/raw/Garbage_Dataset_Classification/images/plastic/plastic_02304.jpg,metal_plastic,plastic,kaggle
../data/raw/Garbage_Dataset_Classification/images/glass/glass_01326.jpg,trash,glass,kaggle
../data/raw/Garbage_Dataset_Classification/images/metal/metal_01691.jpg,metal_plastic,metal,kaggle
../data/raw/Garbage_Dataset_Classification/images/paper/paper_03088.jpg,cardboard_paper,paper,kaggle
../data/raw/Garbage_Dataset_Classification/images/metal/metal_02516.jpg,metal_plastic,metal,kaggle
../data/raw/Garbage_Dataset_Classification/images/metal/metal_02203.jpg,metal_plastic,metal,kaggle
../data/raw/Garbage_Dataset_Classification/images/metal/metal_02224.jpg,metal_plastic,metal,kaggle
../data/raw/Garbage_Dataset_Classification/images/plastic/plastic_01687.jpg,metal_plastic,plastic,kaggle
../data/raw/Garbage_Dataset_Classification/images/cardboard/cardboard_00247.jpg,cardboard_paper,cardboard,kaggle
../data/raw/Garbage_Dataset_Classification/images/paper/paper_02454.jpg,cardboard_paper,paper,kaggle
../data/raw/Garbage_Dataset_Classification/images/trash/trash_11772.jpg,trash,trash,kaggle
../data/raw/Garbage_Dataset_Classification/images/trash/trash_00560.jpg,trash,trash,kaggle
../data/raw/Garbage_Dataset_Classification/images/plastic/plastic_01924.jpg,metal_plastic,plastic,kaggle
../data/raw/Garbage_Dataset_Classification/images/trash/trash_13622.jpg,trash,trash,kaggle
../data/raw/Garbage_Dataset_Classification/images/plastic/plastic_03217.jpg,metal_plastic,plastic,kaggle
../data/raw/Garbage_Dataset_Classification/images/cardboard/cardboard_01980.jpg,cardboard_paper,cardboard,kaggle
../data/raw/Garbage_Dataset_Classification/images/trash/trash_04192.jpg,trash,trash,kaggle
../data/raw/Garbage_Dataset_Classification/images/glass/glass_03342.jpg,trash,glass,kaggle
../data/raw/Garbage_Dataset_Classification/images/metal/metal_01247.jpg,metal_plastic,metal,kaggle
../data/raw/Garbage_Dataset_Classification/images/plastic/plastic_00864.jpg,metal_plastic,plastic,kaggle
../data/raw/Garbage_Dataset_Classification/images/plastic/plastic_01450.jpg,metal_plastic,plastic,kaggle
../data/raw/Garbage_Dataset_Classification/images/metal/metal_02161.jpg,metal_plastic,metal,kaggle
../data/raw/Garbage_Dataset_Classification/images/glass/glass_01978.jpg,trash,glass,kaggle
../data/raw/Garbage_Dataset_Classification/images/glass/glass_02610.jpg,trash,glass,kaggle
../data/raw/Garbage_Dataset_Classification/images/metal/metal_02579.jpg,metal_plastic,metal,kaggle
../data/raw/Garbage_Dataset_Classification/images/paper/paper_02657.jpg,cardboard_paper,paper,kaggle
../data/raw/Garbage_Dataset_Classification/images/paper/paper_01702.jpg,cardboard_paper,paper,kaggle
../data/raw/Garbage_Dataset_Classification/images/glass/glass_04558.jpg,trash,glass,kaggle
../data/raw/Garbage_Dataset_Classification/images/metal/metal_00070.jpg,metal_plastic,metal,kaggle
../data/raw/Garbage_Dataset_Classification/images/trash/trash_19723.jpg,trash,trash,kaggle
../data/raw/Garbage_Dataset_Classification/images/cardboard/cardboard_01350.jpg,cardboard_paper,cardboard,kaggle
../data/raw/Garbage_Dataset_Classification/images/metal/metal_02417.jpg,metal_plastic,metal,kaggle
../data/raw/Garbage_Dataset_Classification/images/glass/glass_05538.jpg,trash,glass,kaggle
../data/raw/Garbage_Dataset_Classification/images/trash/trash_20051.jpg,trash,trash,kaggle
../data/raw/Garbage_Dataset_Classification/images/paper/paper_01580.jpg,cardboard_paper,paper,kaggle
../data/raw/Garbage_Dataset_Classification/images/metal/metal_02058.jpg,metal_plastic,metal,kaggle
../data/raw/Garbage_Dataset_Classification/images/paper/paper_03143.jpg,cardboard_paper,paper,kaggle
../data/raw/Garbage_Dataset_Classification/images/plastic/plastic_01442.jpg,metal_plastic,plastic,kaggle
../data/raw/Garbage_Dataset_Classification/images/plastic/plastic_02844.jpg,metal_plastic,plastic,kaggle
../data/raw/Garbage_Dataset_Classification/images/cardboard/cardboard_00216.jpg,cardboard_paper,cardboard,kaggle
../data/raw/Garbage_Dataset_Classification/images/metal/metal_01529.jpg,metal_plastic,metal,kaggle
../data/raw/Garbage_Dataset_Classification/images/trash/trash_01795.jpg,trash,trash,kaggle
../data/raw/Garbage_Dataset_Classification/images/cardboard/cardboard_01541.jpg,cardboard_paper,cardboard,kaggle
../data/raw/Garbage_Dataset_Classification/images/cardboard/cardboard_01414.jpg,cardboard_paper,cardboard,kaggle
../data/raw/Garbage_Dataset_Classification/images/glass/glass_00469.jpg,trash,glass,kaggle
../data/raw/Garbage_Dataset_Classification/images/glass/glass_03682.jpg,trash,glass,kaggle
../data/raw/Garbage_Dataset_Classification/images/metal/metal_02491.jpg,metal_plastic,metal,kaggle
../data/raw/Garbage_Dataset_Classification/images/metal/metal_01588.jpg,metal_plastic,metal,kaggle
../data/raw/Garbage_Dataset_Classification/images/paper/paper_00660.jpg,cardboard_paper,paper,kaggle
../data/raw/Garbage_Dataset_Classification/images/glass/glass_00419.jpg,trash,glass,kaggle
../data/raw/Garbage_Dataset_Classification/images/trash/trash_15084.jpg,trash,trash,kaggle
../data/raw/Garbage_Dataset_Classification/images/paper/paper_02844.jpg,cardboard_paper,paper,kaggle
../data/raw/Garbage_Dataset_Classification/images/metal/metal_02300.jpg,metal_plastic,metal,kaggle
../data/raw/Garbage_Dataset_Classification/images/glass/glass_00077.jpg,trash,glass,kaggle
../data/raw/Garbage_Dataset_Classification/images/paper/paper_00659.jpg,cardboard_paper,paper,kaggle
../data/raw/Garbage_Dataset_Classification/images/paper/paper_02691.jpg,cardboard_paper,paper,kaggle
../data/raw/Garbage_Dataset_Classification/images/trash/trash_06713.jpg,trash,trash,kaggle
../data/raw/Garbage_Dataset_Classification/images/paper/paper_01540.jpg,cardboard_paper,paper,kaggle
../data/raw/Garbage_Dataset_Classification/images/metal/metal_02480.jpg,metal_plastic,metal,kaggle
../data/raw/Garbage_Dataset_Classification/images/glass/glass_00639.jpg,trash,glass,kaggle
../data/raw/Garbage_Dataset_Classification/images/paper/paper_01911.jpg,cardboard_paper,paper,kaggle
../data/raw/Garbage_Dataset_Classification/images/plastic/plastic_03320.jpg,metal_plastic,plastic,kaggle
../data/raw/Garbage_Dataset_Classification/images/cardboard/cardboard_02494.jpg,cardboard_paper,cardboard,kaggle
../data/raw/Garbage_Dataset_Classification/images/glass/glass_03328.jpg,trash,glass,kaggle
../data/raw/Garbage_Dataset_Classification/images/paper/paper_02557.jpg,cardboard_paper,paper,kaggle
../data/raw/Garbage_Dataset_Classification/images/paper/paper_02317.jpg,cardboard_paper,paper,kaggle
../data/raw/Garbage_Dataset_Classification/images/paper/paper_00874.jpg,cardboard_paper,paper,kaggle
../data/raw/Garbage_Dataset_Classification/images/paper/paper_01487.jpg,cardboard_paper,paper,kaggle
../data/raw/Garbage_Dataset_Classification/images/plastic/plastic_03109.jpg,metal_plastic,plastic,kaggle
../data/raw/Garbage_Dataset_Classification/images/trash/trash_16164.jpg,trash,trash,kaggle
../data/raw/Garbage_Dataset_Classification/images/metal/metal_01386.jpg,metal_plastic,metal,kaggle
../data/raw/Garbage_Dataset_Classification/images/glass/glass_00331.jpg,trash,glass,kaggle
../data/raw/Garbage_Dataset_Classification/images/cardboard/cardboard_02044.jpg,cardboard_paper,cardboard,kaggle
../data/raw/Garbage_Dataset_Classification/images/glass/glass_01125.jpg,trash,glass,kaggle
../data/raw/Garbage_Dataset_Classification/images/plastic/plastic_01145.jpg,metal_plastic,plastic,kaggle
../data/raw/Garbage_Dataset_Classification/images/trash/trash_11799.jpg,trash,trash,kaggle
../data/raw/Garbage_Dataset_Classification/images/cardboard/cardboard_03015.jpg,cardboard_paper,cardboard,kaggle
../data/raw/Garbage_Dataset_Classification/images/metal/metal_01298.jpg,metal_plastic,metal,kaggle
../data/raw/Garbage_Dataset_Classification/images/trash/trash_15041.jpg,trash,trash,kaggle
../data/raw/Garbage_Dataset_Classification/images/plastic/plastic_02137.jpg,metal_plastic,plastic,kaggle
../data/raw/Garbage_Dataset_Classification/images/cardboard/cardboard_00105.jpg,cardboard_paper,cardboard,kaggle
../data/raw/Garbage_Dataset_Classification/images/cardboard/cardboard_02234.jpg,cardboard_paper,cardboard,kaggle
../data/raw/Garbage_Dataset_Classification/images/trash/trash_03493.jpg,trash,trash,kaggle
../data/raw/Garbage_Dataset_Classification/images/metal/metal_01974.jpg,metal_plastic,metal,kaggle
../data/raw/Garbage_Dataset_Classification/images/glass/glass_05144.jpg,trash,glass,kaggle
../data/raw/Garbage_Dataset_Classification/images/plastic/plastic_00074.jpg,metal_plastic,plastic,kaggle
../data/raw/Garbage_Dataset_Classification/images/trash/trash_05870.jpg,trash,trash,kaggle
../data/raw/Garbage_Dataset_Classification/images/paper/paper_01765.jpg,cardboard_paper,paper,kaggle
../data/raw/Garbage_Dataset_Classification/images/paper/paper_02590.jpg,cardboard_paper,paper,kaggle
../data/raw/Garbage_Dataset_Classification/images/paper/paper_03270.jpg,cardboard_paper,paper,kaggle
../data/raw/Garbage_Dataset_Classification/images/metal/metal_01118.jpg,metal_plastic,metal,kaggle
../data/raw/Garbage_Dataset_Classification/images/cardboard/cardboard_02134.jpg,cardboard_paper,cardboard,kaggle
../data/raw/Garbage_Dataset_Classification/images/cardboard/cardboard_02591.jpg,cardboard_paper,cardboard,kaggle
../data/raw/Garbage_Dataset_Classification/images/plastic/plastic_00919.jpg,metal_plastic,plastic,kaggle
../data/raw/Garbage_Dataset_Classification/images/glass/glass_04201.jpg,trash,glass,kaggle
../data/raw/Garbage_Dataset_Classification/images/plastic/plastic_02441.jpg,metal_plastic,plastic,kaggle
../data/raw/Garbage_Dataset_Classification/images/plastic/plastic_00744.jpg,metal_plastic,plastic,kaggle
../data/raw/Garbage_Dataset_Classification/images/plastic/plastic_03151.jpg,metal_plastic,plastic,kaggle
../data/raw/Garbage_Dataset_Classification/images/glass/glass_05477.jpg,trash,glass,kaggle
../data/raw/Garbage_Dataset_Classification/images/trash/trash_09930.jpg,trash,trash,kaggle
../data/raw/Garbage_Dataset_Classification/images/trash/trash_12712.jpg,trash,trash,kaggle
../data/raw/Garbage_Dataset_Classification/images/cardboard/cardboard_02887.jpg,cardboard_paper,cardboard,kaggle
../data/raw/Garbage_Dataset_Classification/images/paper/paper_01806.jpg,cardboard_paper,paper,kaggle
../data/raw/Garbage_Dataset_Classification/images/paper/paper_02994.jpg,cardboard_paper,paper,kaggle
../data/raw/Garbage_Dataset_Classification/images/metal/metal_00227.jpg,metal_plastic,metal,kaggle
../data/raw/Garbage_Dataset_Classification/images/metal/metal_01962.jpg,metal_plastic,metal,kaggle
../data/raw/Garbage_Dataset_Classification/images/cardboard/cardboard_01929.jpg,cardboard_paper,cardboard,kaggle
../data/raw/Garbage_Dataset_Classification/images/paper/paper_02276.jpg,cardboard_paper,paper,kaggle
../data/raw/Garbage_Dataset_Classification/images/plastic/plastic_00604.jpg,metal_plastic,plastic,kaggle
../data/raw/Garbage_Dataset_Classification/images/plastic/plastic_03326.jpg,metal_plastic,plastic,kaggle
../data/raw/Garbage_Dataset_Classification/images/plastic/plastic_02371.jpg,metal_plastic,plastic,kaggle
../data/raw/Garbage_Dataset_Classification/images/plastic/plastic_01055.jpg,metal_plastic,plastic,kaggle
../data/raw/Garbage_Dataset_Classification/images/paper/paper_02707.jpg,cardboard_paper,paper,kaggle
../data/raw/Garbage_Dataset_Classification/images/paper/paper_00842.jpg,cardboard_paper,paper,kaggle
../data/raw/Garbage_Dataset_Classification/images/glass/glass_04804.jpg,trash,glass,kaggle
../data/raw/Garbage_Dataset_Classification/images/paper/paper_01259.jpg,cardboard_paper,paper,kaggle
../data/raw/Garbage_Dataset_Classification/images/trash/trash_15883.jpg,trash,trash,kaggle
../data/raw/Garbage_Dataset_Classification/images/plastic/plastic_02987.jpg,metal_plastic,plastic,kaggle
../data/raw/Garbage_Dataset_Classification/images/plastic/plastic_02450.jpg,metal_plastic,plastic,kaggle
../data/raw/Garbage_Dataset_Classification/images/cardboard/cardboard_02983.jpg,cardboard_paper,cardboard,kaggle
../data/raw/Garbage_Dataset_Classification/images/cardboard/cardboard_01934.jpg,cardboard_paper,cardboard,kaggle
../data/raw/Garbage_Dataset_Classification/images/metal/metal_02554.jpg,metal_plastic,metal,kaggle
../data/raw/Garbage_Dataset_Classification/images/glass/glass_04572.jpg,trash,glass,kaggle
../data/raw/Garbage_Dataset_Classification/images/paper/paper_02684.jpg,cardboard_paper,paper,kaggle
../data/raw/Garbage_Dataset_Classification/images/metal/metal_02118.jpg,metal_plastic,metal,kaggle
../data/raw/Garbage_Dataset_Classification/images/glass/glass_01947.jpg,trash,glass,kaggle
../data/raw/Garbage_Dataset_Classification/images/cardboard/cardboard_02369.jpg,cardboard_paper,cardboard,kaggle
../data/raw/Garbage_Dataset_Classification/images/metal/metal_02165.jpg,metal_plastic,metal,kaggle
../data/raw/Garbage_Dataset_Classification/images/paper/paper_03031.jpg,cardboard_paper,paper,kaggle
../data/raw/Garbage_Dataset_Classification/images/trash/trash_06616.jpg,trash,trash,kaggle
../data/raw/Garbage_Dataset_Classification/images/metal/metal_01255.jpg,metal_plastic,metal,kaggle
../data/raw/Garbage_Dataset_Classification/images/glass/glass_02060.jpg,trash,glass,kaggle
../data/raw/Garbage_Dataset_Classification/images/trash/trash_06439.jpg,trash,trash,kaggle
../data/raw/Garbage_Dataset_Classification/images/plastic/plastic_03067.jpg,metal_plastic,plastic,kaggle
../data/raw/Garbage_Dataset_Classification/images/trash/trash_17120.jpg,trash,trash,kaggle
../data/raw/Garbage_Dataset_Classification/images/glass/glass_01880.jpg,trash,glass,kaggle
../data/raw/Garbage_Dataset_Classification/images/paper/paper_02535.jpg,cardboard_paper,paper,kaggle
../data/raw/Garbage_Dataset_Classification/images/paper/paper_03156.jpg,cardboard_paper,paper,kaggle
../data/raw/Garbage_Dataset_Classification/images/trash/trash_18200.jpg,trash,trash,kaggle
../data/raw/Garbage_Dataset_Classification/images/metal/metal_02678.jpg,metal_plastic,metal,kaggle
../data/raw/Garbage_Dataset_Classification/images/paper/paper_03003.jpg,cardboard_paper,paper,kaggle
../data/raw/Garbage_Dataset_Classification/images/glass/glass_02164.jpg,trash,glass,kaggle
../data/raw/Garbage_Dataset_Classification/images/plastic/plastic_02359.jpg,metal_plastic,plastic,kaggle
../data/raw/Garbage_Dataset_Classification/images/cardboard/cardboard_01511.jpg,cardboard_paper,cardboard,kaggle
../data/raw/Garbage_Dataset_Classification/images/plastic/plastic_01760.jpg,metal_plastic,plastic,kaggle
../data/raw/Garbage_Dataset_Classification/images/glass/glass_03176.jpg,trash,glass,kaggle
../data/raw/Garbage_Dataset_Classification/images/trash/trash_17254.jpg,trash,trash,kaggle
../data/raw/Garbage_Dataset_Classification/images/glass/glass_03986.jpg,trash,glass,kaggle
../data/raw/Garbage_Dataset_Classification/images/glass/glass_03847.jpg,trash,glass,kaggle
../data/raw/Garbage_Dataset_Classification/images/metal/metal_01949.jpg,metal_plastic,metal,kaggle
../data/raw/Garbage_Dataset_Classification/images/trash/trash_09921.jpg,trash,trash,kaggle
../data/raw/Garbage_Dataset_Classification/images/plastic/plastic_02428.jpg,metal_plastic,plastic,kaggle
../data/custom/ecoglasses/02FE0179-C33B-4E50-9109-CFC71C1937F5_1_105_c.jpeg,ecoglasses,custom_ecoglasses,custom
../data/raw/Garbage_Dataset_Classification/images/plastic/plastic_03060.jpg,metal_plastic,plastic,kaggle
../data/raw/Garbage_Dataset_Classification/images/glass/glass_02600.jpg,trash,glass,kaggle
../data/raw/Garbage_Dataset_Classification/images/metal/metal_02187.jpg,metal_plastic,metal,kaggle
../data/raw/Garbage_Dataset_Classification/images/paper/paper_01883.jpg,cardboard_paper,paper,kaggle
../data/raw/Garbage_Dataset_Classification/images/cardboard/cardboard_01707.jpg,cardboard_paper,cardboard,kaggle
../data/raw/Garbage_Dataset_Classification/images/metal/metal_01362.jpg,metal_plastic,metal,kaggle
../data/raw/Garbage_Dataset_Classification/images/paper/paper_02203.jpg,cardboard_paper,paper,kaggle
../data/raw/Garbage_Dataset_Classification/images/metal/metal_00362.jpg,metal_plastic,metal,kaggle
../data/raw/Garbage_Dataset_Classification/images/metal/metal_02341.jpg,metal_plastic,metal,kaggle
../data/raw/Garbage_Dataset_Classification/images/metal/metal_01775.jpg,metal_plastic,metal,kaggle
../data/raw/Garbage_Dataset_Classification/images/glass/glass_00268.jpg,trash,glass,kaggle
../data/raw/Garbage_Dataset_Classification/images/metal/metal_02311.jpg,metal_plastic,metal,kaggle
../data/raw/Garbage_Dataset_Classification/images/glass/glass_04297.jpg,trash,glass,kaggle
../data/raw/Garbage_Dataset_Classification/images/paper/paper_00094.jpg,cardboard_paper,paper,kaggle
../data/raw/Garbage_Dataset_Classification/images/paper/paper_02383.jpg,cardboard_paper,paper,kaggle
../data/raw/Garbage_Dataset_Classification/images/paper/paper_01755.jpg,cardboard_paper,paper,kaggle
../data/raw/Garbage_Dataset_Classification/images/metal/metal_01703.jpg,metal_plastic,metal,kaggle
../data/raw/Garbage_Dataset_Classification/images/metal/metal_01143.jpg,metal_plastic,metal,kaggle
../data/raw/Garbage_Dataset_Classification/images/plastic/plastic_03300.jpg,metal_plastic,plastic,kaggle
../data/raw/Garbage_Dataset_Classification/images/plastic/plastic_02949.jpg,metal_plastic,plastic,kaggle
../data/raw/Garbage_Dataset_Classification/images/paper/paper_02534.jpg,cardboard_paper,paper,kaggle
../data/raw/Garbage_Dataset_Classification/images/trash/trash_01634.jpg,trash,trash,kaggle
../data/raw/Garbage_Dataset_Classification/images/glass/glass_02838.jpg,trash,glass,kaggle
../data/raw/Garbage_Dataset_Classification/images/metal/metal_02476.jpg,metal_plastic,metal,kaggle
../data/raw/Garbage_Dataset_Classification/images/paper/paper_01419.jpg,cardboard_paper,paper,kaggle
../data/raw/Garbage_Dataset_Classification/images/glass/glass_01519.jpg,trash,glass,kaggle
../data/raw/Garbage_Dataset_Classification/images/paper/paper_02302.jpg,cardboard_paper,paper,kaggle
../data/raw/Garbage_Dataset_Classification/images/cardboard/cardboard_00615.jpg,cardboard_paper,cardboard,kaggle
../data/raw/Garbage_Dataset_Classification/images/trash/trash_14259.jpg,trash,trash,kaggle
../data/raw/Garbage_Dataset_Classification/images/paper/paper_02180.jpg,cardboard_paper,paper,kaggle
../data/raw/Garbage_Dataset_Classification/images/glass/glass_03613.jpg,trash,glass,kaggle
../data/raw/Garbage_Dataset_Classification/images/cardboard/cardboard_02874.jpg,cardboard_paper,cardboard,kaggle
../data/raw/Garbage_Dataset_Classification/images/paper/paper_01739.jpg,cardboard_paper,paper,kaggle
../data/raw/Garbage_Dataset_Classification/images/trash/trash_03695.jpg,trash,trash,kaggle
../data/raw/Garbage_Dataset_Classification/images/trash/trash_12158.jpg,trash,trash,kaggle
../data/raw/Garbage_Dataset_Classification/images/metal/metal_01554.jpg,metal_plastic,metal,kaggle
../data/raw/Garbage_Dataset_Classification/images/metal/metal_01559.jpg,metal_plastic,metal,kaggle
../data/raw/Garbage_Dataset_Classification/images/glass/glass_05244.jpg,trash,glass,kaggle
../data/raw/Garbage_Dataset_Classification/images/cardboard/cardboard_02185.jpg,cardboard_paper,cardboard,kaggle
../data/raw/Garbage_Dataset_Classification/images/trash/trash_08485.jpg,trash,trash,kaggle
../data/raw/Garbage_Dataset_Classification/images/trash/trash_16040.jpg,trash,trash,kaggle
../data/raw/Garbage_Dataset_Classification/images/glass/glass_04066.jpg,trash,glass,kaggle
../data/raw/Garbage_Dataset_Classification/images/cardboard/cardboard_00982.jpg,cardboard_paper,cardboard,kaggle
../data/raw/Garbage_Dataset_Classification/images/glass/glass_01424.jpg,trash,glass,kaggle
../data/raw/Garbage_Dataset_Classification/images/trash/trash_02040.jpg,trash,trash,kaggle
../data/raw/Garbage_Dataset_Classification/images/plastic/plastic_02761.jpg,metal_plastic,plastic,kaggle
../data/raw/Garbage_Dataset_Classification/images/paper/paper_03138.jpg,cardboard_paper,paper,kaggle
../data/raw/Garbage_Dataset_Classification/images/metal/metal_00211.jpg,metal_plastic,metal,kaggle
../data/raw/Garbage_Dataset_Classification/images/metal/metal_00199.jpg,metal_plastic,metal,kaggle
../data/raw/Garbage_Dataset_Classification/images/trash/trash_11190.jpg,trash,trash,kaggle
../data/raw/Garbage_Dataset_Classification/images/trash/trash_08795.jpg,trash,trash,kaggle
../data/raw/Garbage_Dataset_Classification/images/plastic/plastic_02645.jpg,metal_plastic,plastic,kaggle
../data/raw/Garbage_Dataset_Classification/images/trash/trash_11611.jpg,trash,trash,kaggle
../data/raw/Garbage_Dataset_Classification/images/metal/metal_01369.jpg,metal_plastic,metal,kaggle
../data/raw/Garbage_Dataset_Classification/images/metal/metal_02610.jpg,metal_plastic,metal,kaggle
../data/raw/Garbage_Dataset_Classification/images/metal/metal_01377.jpg,metal_plastic,metal,kaggle
../data/raw/Garbage_Dataset_Classification/images/metal/metal_01304.jpg,metal_plastic,metal,kaggle
../data/raw/Garbage_Dataset_Classification/images/paper/paper_02747.jpg,cardboard_paper,paper,kaggle
../data/raw/Garbage_Dataset_Classification/images/plastic/plastic_00990.jpg,metal_plastic,plastic,kaggle
../data/raw/Garbage_Dataset_Classification/images/glass/glass_01016.jpg,trash,glass,kaggle
../data/raw/Garbage_Dataset_Classification/images/cardboard/cardboard_02597.jpg,cardboard_paper,cardboard,kaggle
../data/raw/Garbage_Dataset_Classification/images/paper/paper_02472.jpg,cardboard_paper,paper,kaggle
../data/raw/Garbage_Dataset_Classification/images/paper/paper_00075.jpg,cardboard_paper,paper,kaggle
../data/raw/Garbage_Dataset_Classification/images/paper/paper_02561.jpg,cardboard_paper,paper,kaggle
../data/raw/Garbage_Dataset_Classification/images/metal/metal_02214.jpg,metal_plastic,metal,kaggle
../data/raw/Garbage_Dataset_Classification/images/metal/metal_01610.jpg,metal_plastic,metal,kaggle
../data/raw/Garbage_Dataset_Classification/images/glass/glass_00371.jpg,trash,glass,kaggle
../data/raw/Garbage_Dataset_Classification/images/cardboard/cardboard_01161.jpg,cardboard_paper,cardboard,kaggle
../data/raw/Garbage_Dataset_Classification/images/trash/trash_18798.jpg,trash,trash,kaggle
../data/raw/Garbage_Dataset_Classification/images/plastic/plastic_03173.jpg,metal_plastic,plastic,kaggle
../data/raw/Garbage_Dataset_Classification/images/cardboard/cardboard_02342.jpg,cardboard_paper,cardboard,kaggle
../data/raw/Garbage_Dataset_Classification/images/plastic/plastic_00525.jpg,metal_plastic,plastic,kaggle
../data/raw/Garbage_Dataset_Classification/images/glass/glass_04132.jpg,trash,glass,kaggle
../data/raw/Garbage_Dataset_Classification/images/glass/glass_00575.jpg,trash,glass,kaggle
../data/raw/Garbage_Dataset_Classification/images/glass/glass_01561.jpg,trash,glass,kaggle
../data/raw/Garbage_Dataset_Classification/images/plastic/plastic_00381.jpg,metal_plastic,plastic,kaggle
../data/raw/Garbage_Dataset_Classification/images/glass/glass_01961.jpg,trash,glass,kaggle
../data/raw/Garbage_Dataset_Classification/images/paper/paper_00749.jpg,cardboard_paper,paper,kaggle
../data/raw/Garbage_Dataset_Classification/images/paper/paper_00594.jpg,cardboard_paper,paper,kaggle
../data/raw/Garbage_Dataset_Classification/images/plastic/plastic_01299.jpg,metal_plastic,plastic,kaggle
../data/raw/Garbage_Dataset_Classification/images/trash/trash_17364.jpg,trash,trash,kaggle
../data/raw/Garbage_Dataset_Classification/images/cardboard/cardboard_03066.jpg,cardboard_paper,cardboard,kaggle
../data/raw/Garbage_Dataset_Classification/images/trash/trash_10678.jpg,trash,trash,kaggle
../data/raw/Garbage_Dataset_Classification/images/cardboard/cardboard_01404.jpg,cardboard_paper,cardboard,kaggle
../data/raw/Garbage_Dataset_Classification/images/glass/glass_04468.jpg,trash,glass,kaggle
../data/raw/Garbage_Dataset_Classification/images/metal/metal_01584.jpg,metal_plastic,metal,kaggle
../data/raw/Garbage_Dataset_Classification/images/glass/glass_02757.jpg,trash,glass,kaggle
../data/raw/Garbage_Dataset_Classification/images/paper/paper_02423.jpg,cardboard_paper,paper,kaggle
../data/raw/Garbage_Dataset_Classification/images/cardboard/cardboard_02181.jpg,cardboard_paper,cardboard,kaggle
../data/raw/Garbage_Dataset_Classification/images/paper/paper_02499.jpg,cardboard_paper,paper,kaggle
../data/raw/Garbage_Dataset_Classification/images/cardboard/cardboard_02518.jpg,cardboard_paper,cardboard,kaggle
../data/raw/Garbage_Dataset_Classification/images/cardboard/cardboard_01950.jpg,cardboard_paper,cardboard,kaggle
../data/raw/Garbage_Dataset_Classification/images/glass/glass_02626.jpg,trash,glass,kaggle
../data/raw/Garbage_Dataset_Classification/images/glass/glass_02061.jpg,trash,glass,kaggle
../data/raw/Garbage_Dataset_Classification/images/glass/glass_04013.jpg,trash,glass,kaggle
../data/raw/Garbage_Dataset_Classification/images/plastic/plastic_01732.jpg,metal_plastic,plastic,kaggle
../data/raw/Garbage_Dataset_Classification/images/plastic/plastic_01730.jpg,metal_plastic,plastic,kaggle
../data/raw/Garbage_Dataset_Classification/images/plastic/plastic_01782.jpg,metal_plastic,plastic,kaggle
../data/raw/Garbage_Dataset_Classification/images/glass/glass_01644.jpg,trash,glass,kaggle
../data/raw/Garbage_Dataset_Classification/images/paper/paper_02187.jpg,cardboard_paper,paper,kaggle
../data/raw/Garbage_Dataset_Classification/images/trash/trash_00898.jpg,trash,trash,kaggle
../data/raw/Garbage_Dataset_Classification/images/glass/glass_02761.jpg,trash,glass,kaggle
../data/raw/Garbage_Dataset_Classification/images/cardboard/cardboard_01656.jpg,cardboard_paper,cardboard,kaggle
../data/raw/Garbage_Dataset_Classification/images/glass/glass_02792.jpg,trash,glass,kaggle
../data/raw/Garbage_Dataset_Classification/images/cardboard/cardboard_01518.jpg,cardboard_paper,cardboard,kaggle
../data/raw/Garbage_Dataset_Classification/images/plastic/plastic_02648.jpg,metal_plastic,plastic,kaggle
../data/raw/Garbage_Dataset_Classification/images/glass/glass_04924.jpg,trash,glass,kaggle
../data/custom/ecoglasses/61AABDE2-99F1-4AA2-8873-B111CEDCCD22_1_105_c.jpeg,ecoglasses,custom_ecoglasses,custom
../data/raw/Garbage_Dataset_Classification/images/paper/paper_02814.jpg,cardboard_paper,paper,kaggle
../data/raw/Garbage_Dataset_Classification/images/plastic/plastic_00520.jpg,metal_plastic,plastic,kaggle
../data/raw/Garbage_Dataset_Classification/images/plastic/plastic_00100.jpg,metal_plastic,plastic,kaggle
../data/raw/Garbage_Dataset_Classification/images/paper/paper_02718.jpg,cardboard_paper,paper,kaggle
../data/raw/Garbage_Dataset_Classification/images/glass/glass_04534.jpg,trash,glass,kaggle
../data/raw/Garbage_Dataset_Classification/images/trash/trash_12722.jpg,trash,trash,kaggle
../data/raw/Garbage_Dataset_Classification/images/trash/trash_16753.jpg,trash,trash,kaggle
../data/raw/Garbage_Dataset_Classification/images/cardboard/cardboard_01854.jpg,cardboard_paper,cardboard,kaggle
../data/raw/Garbage_Dataset_Classification/images/metal/metal_02299.jpg,metal_plastic,metal,kaggle
../data/raw/Garbage_Dataset_Classification/images/cardboard/cardboard_02590.jpg,cardboard_paper,cardboard,kaggle
../data/raw/Garbage_Dataset_Classification/images/glass/glass_01465.jpg,trash,glass,kaggle
../data/raw/Garbage_Dataset_Classification/images/metal/metal_01976.jpg,metal_plastic,metal,kaggle
../data/raw/Garbage_Dataset_Classification/images/glass/glass_02819.jpg,trash,glass,kaggle
../data/raw/Garbage_Dataset_Classification/images/paper/paper_02527.jpg,cardboard_paper,paper,kaggle
../data/raw/Garbage_Dataset_Classification/images/glass/glass_02770.jpg,trash,glass,kaggle
../data/raw/Garbage_Dataset_Classification/images/metal/metal_02689.jpg,metal_plastic,metal,kaggle
../data/raw/Garbage_Dataset_Classification/images/cardboard/cardboard_02623.jpg,cardboard_paper,cardboard,kaggle
../data/raw/Garbage_Dataset_Classification/images/plastic/plastic_02229.jpg,metal_plastic,plastic,kaggle
../data/raw/Garbage_Dataset_Classification/images/paper/paper_00733.jpg,cardboard_paper,paper,kaggle
../data/raw/Garbage_Dataset_Classification/images/paper/paper_02172.jpg,cardboard_paper,paper,kaggle
../data/raw/Garbage_Dataset_Classification/images/glass/glass_04404.jpg,trash,glass,kaggle
../data/raw/Garbage_Dataset_Classification/images/metal/metal_01502.jpg,metal_plastic,metal,kaggle
../data/raw/Garbage_Dataset_Classification/images/trash/trash_06819.jpg,trash,trash,kaggle
../data/raw/Garbage_Dataset_Classification/images/cardboard/cardboard_02547.jpg,cardboard_paper,cardboard,kaggle
../data/raw/Garbage_Dataset_Classification/images/plastic/plastic_02008.jpg,metal_plastic,plastic,kaggle
../data/raw/Garbage_Dataset_Classification/images/cardboard/cardboard_00215.jpg,cardboard_paper,cardboard,kaggle
../data/raw/Garbage_Dataset_Classification/images/cardboard/cardboard_01437.jpg,cardboard_paper,cardboard,kaggle
../data/raw/Garbage_Dataset_Classification/images/glass/glass_02079.jpg,trash,glass,kaggle
../data/raw/Garbage_Dataset_Classification/images/paper/paper_03238.jpg,cardboard_paper,paper,kaggle
../data/raw/Garbage_Dataset_Classification/images/glass/glass_01565.jpg,trash,glass,kaggle
../data/raw/Garbage_Dataset_Classification/images/plastic/plastic_01721.jpg,metal_plastic,plastic,kaggle
../data/raw/Garbage_Dataset_Classification/images/cardboard/cardboard_00181.jpg,cardboard_paper,cardboard,kaggle
../data/raw/Garbage_Dataset_Classification/images/trash/trash_12787.jpg,trash,trash,kaggle
../data/raw/Garbage_Dataset_Classification/images/cardboard/cardboard_02343.jpg,cardboard_paper,cardboard,kaggle
../data/raw/Garbage_Dataset_Classification/images/paper/paper_01238.jpg,cardboard_paper,paper,kaggle
../data/raw/Garbage_Dataset_Classification/images/cardboard/cardboard_01627.jpg,cardboard_paper,cardboard,kaggle
../data/raw/Garbage_Dataset_Classification/images/trash/trash_05025.jpg,trash,trash,kaggle
../data/raw/Garbage_Dataset_Classification/images/plastic/plastic_00123.jpg,metal_plastic,plastic,kaggle
../data/raw/Garbage_Dataset_Classification/images/trash/trash_13142.jpg,trash,trash,kaggle
../data/raw/Garbage_Dataset_Classification/images/paper/paper_02856.jpg,cardboard_paper,paper,kaggle
../data/raw/Garbage_Dataset_Classification/images/paper/paper_01243.jpg,cardboard_paper,paper,kaggle
../data/raw/Garbage_Dataset_Classification/images/plastic/plastic_01243.jpg,metal_plastic,plastic,kaggle
../data/raw/Garbage_Dataset_Classification/images/metal/metal_02633.jpg,metal_plastic,metal,kaggle
../data/raw/Garbage_Dataset_Classification/images/trash/trash_08123.jpg,trash,trash,kaggle
../data/raw/Garbage_Dataset_Classification/images/trash/trash_02828.jpg,trash,trash,kaggle
../data/raw/Garbage_Dataset_Classification/images/plastic/plastic_02407.jpg,metal_plastic,plastic,kaggle
../data/raw/Garbage_Dataset_Classification/images/paper/paper_03251.jpg,cardboard_paper,paper,kaggle
../data/raw/Garbage_Dataset_Classification/images/paper/paper_02495.jpg,cardboard_paper,paper,kaggle
../data/raw/Garbage_Dataset_Classification/images/glass/glass_02901.jpg,trash,glass,kaggle
../data/raw/Garbage_Dataset_Classification/images/glass/glass_05125.jpg,trash,glass,kaggle
../data/raw/Garbage_Dataset_Classification/images/plastic/plastic_01713.jpg,metal_plastic,plastic,kaggle
../data/raw/Garbage_Dataset_Classification/images/trash/trash_05996.jpg,trash,trash,kaggle
../data/raw/Garbage_Dataset_Classification/images/plastic/plastic_00125.jpg,metal_plastic,plastic,kaggle
../data/raw/Garbage_Dataset_Classification/images/plastic/plastic_02770.jpg,metal_plastic,plastic,kaggle
../data/raw/Garbage_Dataset_Classification/images/cardboard/cardboard_01348.jpg,cardboard_paper,cardboard,kaggle
../data/raw/Garbage_Dataset_Classification/images/glass/glass_02367.jpg,trash,glass,kaggle
../data/raw/Garbage_Dataset_Classification/images/plastic/plastic_01725.jpg,metal_plastic,plastic,kaggle
../data/raw/Garbage_Dataset_Classification/images/plastic/plastic_02864.jpg,metal_plastic,plastic,kaggle
../data/raw/Garbage_Dataset_Classification/images/trash/trash_06766.jpg,trash,trash,kaggle
../data/raw/Garbage_Dataset_Classification/images/glass/glass_04116.jpg,trash,glass,kaggle
../data/raw/Garbage_Dataset_Classification/images/glass/glass_03381.jpg,trash,glass,kaggle
../data/raw/Garbage_Dataset_Classification/images/trash/trash_04189.jpg,trash,trash,kaggle
../data/raw/Garbage_Dataset_Classification/images/glass/glass_04162.jpg,trash,glass,kaggle
../data/raw/Garbage_Dataset_Classification/images/cardboard/cardboard_02789.jpg,cardboard_paper,cardboard,kaggle
../data/raw/Garbage_Dataset_Classification/images/trash/trash_18253.jpg,trash,trash,kaggle
../data/raw/Garbage_Dataset_Classification/images/trash/trash_07529.jpg,trash,trash,kaggle
../data/raw/Garbage_Dataset_Classification/images/cardboard/cardboard_00527.jpg,cardboard_paper,cardboard,kaggle
../data/raw/Garbage_Dataset_Classification/images/metal/metal_02585.jpg,metal_plastic,metal,kaggle
../data/raw/Garbage_Dataset_Classification/images/trash/trash_18060.jpg,trash,trash,kaggle
../data/raw/Garbage_Dataset_Classification/images/metal/metal_02389.jpg,metal_plastic,metal,kaggle
../data/raw/Garbage_Dataset_Classification/images/glass/glass_03547.jpg,trash,glass,kaggle
../data/raw/Garbage_Dataset_Classification/images/cardboard/cardboard_00198.jpg,cardboard_paper,cardboard,kaggle
../data/raw/Garbage_Dataset_Classification/images/trash/trash_06445.jpg,trash,trash,kaggle
../data/raw/Garbage_Dataset_Classification/images/plastic/plastic_01981.jpg,metal_plastic,plastic,kaggle
../data/raw/Garbage_Dataset_Classification/images/paper/paper_02445.jpg,cardboard_paper,paper,kaggle
../data/raw/Garbage_Dataset_Classification/images/paper/paper_00718.jpg,cardboard_paper,paper,kaggle
../data/raw/Garbage_Dataset_Classification/images/cardboard/cardboard_03084.jpg,cardboard_paper,cardboard,kaggle
../data/raw/Garbage_Dataset_Classification/images/paper/paper_01868.jpg,cardboard_paper,paper,kaggle
../data/raw/Garbage_Dataset_Classification/images/paper/paper_03313.jpg,cardboard_paper,paper,kaggle
../data/raw/Garbage_Dataset_Classification/images/paper/paper_03122.jpg,cardboard_paper,paper,kaggle
../data/raw/Garbage_Dataset_Classification/images/trash/trash_08533.jpg,trash,trash,kaggle
../data/raw/Garbage_Dataset_Classification/images/glass/glass_02899.jpg,trash,glass,kaggle
../data/custom/ecoglasses/5289EB34-E5EE-4B8A-95A4-19F069D6CCD8_1_105_c.jpeg,ecoglasses,custom_ecoglasses,custom
../data/raw/Garbage_Dataset_Classification/images/paper/paper_02377.jpg,cardboard_paper,paper,kaggle
../data/raw/Garbage_Dataset_Classification/images/trash/trash_06879.jpg,trash,trash,kaggle
../data/raw/Garbage_Dataset_Classification/images/metal/metal_00641.jpg,metal_plastic,metal,kaggle
../data/raw/Garbage_Dataset_Classification/images/glass/glass_00124.jpg,trash,glass,kaggle
../data/raw/Garbage_Dataset_Classification/images/paper/paper_01741.jpg,cardboard_paper,paper,kaggle
../data/raw/Garbage_Dataset_Classification/images/glass/glass_04836.jpg,trash,glass,kaggle
../data/raw/Garbage_Dataset_Classification/images/cardboard/cardboard_01651.jpg,cardboard_paper,cardboard,kaggle
../data/raw/Garbage_Dataset_Classification/images/glass/glass_03788.jpg,trash,glass,kaggle
../data/raw/Garbage_Dataset_Classification/images/trash/trash_04691.jpg,trash,trash,kaggle
../data/raw/Garbage_Dataset_Classification/images/glass/glass_00330.jpg,trash,glass,kaggle
../data/raw/Garbage_Dataset_Classification/images/glass/glass_02933.jpg,trash,glass,kaggle
../data/raw/Garbage_Dataset_Classification/images/cardboard/cardboard_01856.jpg,cardboard_paper,cardboard,kaggle
../data/raw/Garbage_Dataset_Classification/images/plastic/plastic_03234.jpg,metal_plastic,plastic,kaggle
../data/raw/Garbage_Dataset_Classification/images/glass/glass_02693.jpg,trash,glass,kaggle
../data/raw/Garbage_Dataset_Classification/images/cardboard/cardboard_01732.jpg,cardboard_paper,cardboard,kaggle
../data/raw/Garbage_Dataset_Classification/images/metal/metal_00473.jpg,metal_plastic,metal,kaggle
../data/raw/Garbage_Dataset_Classification/images/paper/paper_02409.jpg,cardboard_paper,paper,kaggle
../data/raw/Garbage_Dataset_Classification/images/paper/paper_02005.jpg,cardboard_paper,paper,kaggle
../data/raw/Garbage_Dataset_Classification/images/paper/paper_01415.jpg,cardboard_paper,paper,kaggle
../data/raw/Garbage_Dataset_Classification/images/paper/paper_00339.jpg,cardboard_paper,paper,kaggle
../data/raw/Garbage_Dataset_Classification/images/trash/trash_05747.jpg,trash,trash,kaggle
../data/raw/Garbage_Dataset_Classification/images/paper/paper_01541.jpg,cardboard_paper,paper,kaggle
../data/raw/Garbage_Dataset_Classification/images/paper/paper_01267.jpg,cardboard_paper,paper,kaggle
../data/raw/Garbage_Dataset_Classification/images/plastic/plastic_01850.jpg,metal_plastic,plastic,kaggle
../data/raw/Garbage_Dataset_Classification/images/paper/paper_01496.jpg,cardboard_paper,paper,kaggle
../data/raw/Garbage_Dataset_Classification/images/paper/paper_00976.jpg,cardboard_paper,paper,kaggle
../data/raw/Garbage_Dataset_Classification/images/cardboard/cardboard_00886.jpg,cardboard_paper,cardboard,kaggle
../data/raw/Garbage_Dataset_Classification/images/glass/glass_01821.jpg,trash,glass,kaggle
../data/raw/Garbage_Dataset_Classification/images/plastic/plastic_02663.jpg,metal_plastic,plastic,kaggle
../data/raw/Garbage_Dataset_Classification/images/paper/paper_02134.jpg,cardboard_paper,paper,kaggle
../data/raw/Garbage_Dataset_Classification/images/trash/trash_00643.jpg,trash,trash,kaggle
../data/raw/Garbage_Dataset_Classification/images/cardboard/cardboard_02654.jpg,cardboard_paper,cardboard,kaggle
../data/raw/Garbage_Dataset_Classification/images/glass/glass_04757.jpg,trash,glass,kaggle
../data/raw/Garbage_Dataset_Classification/images/trash/trash_05288.jpg,trash,trash,kaggle
../data/raw/Garbage_Dataset_Classification/images/trash/trash_00123.jpg,trash,trash,kaggle
../data/raw/Garbage_Dataset_Classification/images/plastic/plastic_02213.jpg,metal_plastic,plastic,kaggle
../data/raw/Garbage_Dataset_Classification/images/glass/glass_03952.jpg,trash,glass,kaggle
../data/raw/Garbage_Dataset_Classification/images/glass/glass_05468.jpg,trash,glass,kaggle
../data/raw/Garbage_Dataset_Classification/images/glass/glass_02117.jpg,trash,glass,kaggle
../data/raw/Garbage_Dataset_Classification/images/paper/paper_02772.jpg,cardboard_paper,paper,kaggle
../data/raw/Garbage_Dataset_Classification/images/cardboard/cardboard_00770.jpg,cardboard_paper,cardboard,kaggle
../data/raw/Garbage_Dataset_Classification/images/glass/glass_04773.jpg,trash,glass,kaggle
../data/raw/Garbage_Dataset_Classification/images/plastic/plastic_01914.jpg,metal_plastic,plastic,kaggle
../data/raw/Garbage_Dataset_Classification/images/paper/paper_02432.jpg,cardboard_paper,paper,kaggle
../data/raw/Garbage_Dataset_Classification/images/trash/trash_02620.jpg,trash,trash,kaggle
../data/raw/Garbage_Dataset_Classification/images/paper/paper_01013.jpg,cardboard_paper,paper,kaggle
../data/raw/Garbage_Dataset_Classification/images/cardboard/cardboard_00734.jpg,cardboard_paper,cardboard,kaggle
../data/raw/Garbage_Dataset_Classification/images/paper/paper_03065.jpg,cardboard_paper,paper,kaggle
../data/raw/Garbage_Dataset_Classification/images/paper/paper_00699.jpg,cardboard_paper,paper,kaggle
../data/raw/Garbage_Dataset_Classification/images/plastic/plastic_01799.jpg,metal_plastic,plastic,kaggle
../data/raw/Garbage_Dataset_Classification/images/paper/paper_01120.jpg,cardboard_paper,paper,kaggle
../data/raw/Garbage_Dataset_Classification/images/plastic/plastic_02616.jpg,metal_plastic,plastic,kaggle
../data/raw/Garbage_Dataset_Classification/images/trash/trash_15077.jpg,trash,trash,kaggle
../data/raw/Garbage_Dataset_Classification/images/trash/trash_06009.jpg,trash,trash,kaggle
../data/raw/Garbage_Dataset_Classification/images/plastic/plastic_01598.jpg,metal_plastic,plastic,kaggle
../data/raw/Garbage_Dataset_Classification/images/metal/metal_01123.jpg,metal_plastic,metal,kaggle
../data/raw/Garbage_Dataset_Classification/images/glass/glass_05431.jpg,trash,glass,kaggle
../data/raw/Garbage_Dataset_Classification/images/metal/metal_02243.jpg,metal_plastic,metal,kaggle
../data/raw/Garbage_Dataset_Classification/images/cardboard/cardboard_02208.jpg,cardboard_paper,cardboard,kaggle
../data/raw/Garbage_Dataset_Classification/images/metal/metal_02084.jpg,metal_plastic,metal,kaggle
../data/raw/Garbage_Dataset_Classification/images/glass/glass_00318.jpg,trash,glass,kaggle
../data/raw/Garbage_Dataset_Classification/images/cardboard/cardboard_01008.jpg,cardboard_paper,cardboard,kaggle
../data/raw/Garbage_Dataset_Classification/images/metal/metal_02137.jpg,metal_plastic,metal,kaggle
../data/raw/Garbage_Dataset_Classification/images/cardboard/cardboard_02412.jpg,cardboard_paper,cardboard,kaggle
../data/raw/Garbage_Dataset_Classification/images/cardboard/cardboard_02304.jpg,cardboard_paper,cardboard,kaggle
../data/raw/Garbage_Dataset_Classification/images/cardboard/cardboard_01359.jpg,cardboard_paper,cardboard,kaggle
../data/raw/Garbage_Dataset_Classification/images/trash/trash_18075.jpg,trash,trash,kaggle
../data/raw/Garbage_Dataset_Classification/images/glass/glass_01382.jpg,trash,glass,kaggle
../data/raw/Garbage_Dataset_Classification/images/metal/metal_01573.jpg,metal_plastic,metal,kaggle
../data/raw/Garbage_Dataset_Classification/images/glass/glass_02754.jpg,trash,glass,kaggle
../data/raw/Garbage_Dataset_Classification/images/cardboard/cardboard_00016.jpg,cardboard_paper,cardboard,kaggle
../data/raw/Garbage_Dataset_Classification/images/trash/trash_01946.jpg,trash,trash,kaggle
../data/raw/Garbage_Dataset_Classification/images/cardboard/cardboard_00318.jpg,cardboard_paper,cardboard,kaggle
../data/raw/Garbage_Dataset_Classification/images/metal/metal_01312.jpg,metal_plastic,metal,kaggle
../data/raw/Garbage_Dataset_Classification/images/glass/glass_05169.jpg,trash,glass,kaggle
../data/raw/Garbage_Dataset_Classification/images/paper/paper_02088.jpg,cardboard_paper,paper,kaggle
../data/raw/Garbage_Dataset_Classification/images/metal/metal_02400.jpg,metal_plastic,metal,kaggle
../data/raw/Garbage_Dataset_Classification/images/cardboard/cardboard_00885.jpg,cardboard_paper,cardboard,kaggle
../data/raw/Garbage_Dataset_Classification/images/trash/trash_17601.jpg,trash,trash,kaggle
../data/raw/Garbage_Dataset_Classification/images/plastic/plastic_00753.jpg,metal_plastic,plastic,kaggle
../data/raw/Garbage_Dataset_Classification/images/metal/metal_01131.jpg,metal_plastic,metal,kaggle
../data/raw/Garbage_Dataset_Classification/images/paper/paper_02939.jpg,cardboard_paper,paper,kaggle
../data/raw/Garbage_Dataset_Classification/images/glass/glass_04462.jpg,trash,glass,kaggle
../data/raw/Garbage_Dataset_Classification/images/trash/trash_19234.jpg,trash,trash,kaggle
../data/raw/Garbage_Dataset_Classification/images/cardboard/cardboard_01804.jpg,cardboard_paper,cardboard,kaggle
../data/raw/Garbage_Dataset_Classification/images/cardboard/cardboard_02179.jpg,cardboard_paper,cardboard,kaggle
../data/raw/Garbage_Dataset_Classification/images/plastic/plastic_01446.jpg,metal_plastic,plastic,kaggle
../data/raw/Garbage_Dataset_Classification/images/metal/metal_00710.jpg,metal_plastic,metal,kaggle
../data/raw/Garbage_Dataset_Classification/images/glass/glass_04530.jpg,trash,glass,kaggle
../data/raw/Garbage_Dataset_Classification/images/paper/paper_01349.jpg,cardboard_paper,paper,kaggle
../data/raw/Garbage_Dataset_Classification/images/paper/paper_00623.jpg,cardboard_paper,paper,kaggle
../data/raw/Garbage_Dataset_Classification/images/metal/metal_01916.jpg,metal_plastic,metal,kaggle
../data/raw/Garbage_Dataset_Classification/images/plastic/plastic_02072.jpg,metal_plastic,plastic,kaggle
../data/raw/Garbage_Dataset_Classification/images/metal/metal_01411.jpg,metal_plastic,metal,kaggle
../data/raw/Garbage_Dataset_Classification/images/metal/metal_00687.jpg,metal_plastic,metal,kaggle
../data/raw/Garbage_Dataset_Classification/images/metal/metal_00524.jpg,metal_plastic,metal,kaggle
../data/raw/Garbage_Dataset_Classification/images/trash/trash_05787.jpg,trash,trash,kaggle
../data/raw/Garbage_Dataset_Classification/images/cardboard/cardboard_01813.jpg,cardboard_paper,cardboard,kaggle
../data/raw/Garbage_Dataset_Classification/images/trash/trash_03258.jpg,trash,trash,kaggle
../data/raw/Garbage_Dataset_Classification/images/cardboard/cardboard_02047.jpg,cardboard_paper,cardboard,kaggle
../data/raw/Garbage_Dataset_Classification/images/plastic/plastic_02549.jpg,metal_plastic,plastic,kaggle
../data/raw/Garbage_Dataset_Classification/images/cardboard/cardboard_02841.jpg,cardboard_paper,cardboard,kaggle
../data/raw/Garbage_Dataset_Classification/images/glass/glass_01306.jpg,trash,glass,kaggle
../data/raw/Garbage_Dataset_Classification/images/cardboard/cardboard_01754.jpg,cardboard_paper,cardboard,kaggle
../data/raw/Garbage_Dataset_Classification/images/metal/metal_02374.jpg,metal_plastic,metal,kaggle
../data/raw/Garbage_Dataset_Classification/images/metal/metal_02043.jpg,metal_plastic,metal,kaggle
../data/raw/Garbage_Dataset_Classification/images/cardboard/cardboard_02338.jpg,cardboard_paper,cardboard,kaggle
../data/raw/Garbage_Dataset_Classification/images/plastic/plastic_02499.jpg,metal_plastic,plastic,kaggle
../data/raw/Garbage_Dataset_Classification/images/trash/trash_17772.jpg,trash,trash,kaggle
../data/raw/Garbage_Dataset_Classification/images/metal/metal_01780.jpg,metal_plastic,metal,kaggle
../data/raw/Garbage_Dataset_Classification/images/metal/metal_01735.jpg,metal_plastic,metal,kaggle
../data/raw/Garbage_Dataset_Classification/images/trash/trash_19616.jpg,trash,trash,kaggle
../data/raw/Garbage_Dataset_Classification/images/cardboard/cardboard_02855.jpg,cardboard_paper,cardboard,kaggle
../data/raw/Garbage_Dataset_Classification/images/glass/glass_03691.jpg,trash,glass,kaggle
../data/raw/Garbage_Dataset_Classification/images/plastic/plastic_03014.jpg,metal_plastic,plastic,kaggle
../data/raw/Garbage_Dataset_Classification/images/glass/glass_00695.jpg,trash,glass,kaggle
../data/raw/Garbage_Dataset_Classification/images/trash/trash_09290.jpg,trash,trash,kaggle
../data/raw/Garbage_Dataset_Classification/images/plastic/plastic_02536.jpg,metal_plastic,plastic,kaggle
../data/raw/Garbage_Dataset_Classification/images/paper/paper_00329.jpg,cardboard_paper,paper,kaggle
../data/raw/Garbage_Dataset_Classification/images/metal/metal_01670.jpg,metal_plastic,metal,kaggle
../data/raw/Garbage_Dataset_Classification/images/trash/trash_00919.jpg,trash,trash,kaggle
../data/raw/Garbage_Dataset_Classification/images/metal/metal_01611.jpg,metal_plastic,metal,kaggle
../data/raw/Garbage_Dataset_Classification/images/trash/trash_06704.jpg,trash,trash,kaggle
../data/raw/Garbage_Dataset_Classification/images/cardboard/cardboard_00927.jpg,cardboard_paper,cardboard,kaggle
../data/raw/Garbage_Dataset_Classification/images/trash/trash_08918.jpg,trash,trash,kaggle
../data/raw/Garbage_Dataset_Classification/images/glass/glass_03700.jpg,trash,glass,kaggle
../data/raw/Garbage_Dataset_Classification/images/metal/metal_01818.jpg,metal_plastic,metal,kaggle
../data/raw/Garbage_Dataset_Classification/images/cardboard/cardboard_00447.jpg,cardboard_paper,cardboard,kaggle
../data/raw/Garbage_Dataset_Classification/images/plastic/plastic_00297.jpg,metal_plastic,plastic,kaggle
../data/raw/Garbage_Dataset_Classification/images/paper/paper_02623.jpg,cardboard_paper,paper,kaggle
../data/raw/Garbage_Dataset_Classification/images/metal/metal_00703.jpg,metal_plastic,metal,kaggle
../data/raw/Garbage_Dataset_Classification/images/glass/glass_03539.jpg,trash,glass,kaggle
../data/raw/Garbage_Dataset_Classification/images/plastic/plastic_02317.jpg,metal_plastic,plastic,kaggle
../data/raw/Garbage_Dataset_Classification/images/plastic/plastic_02900.jpg,metal_plastic,plastic,kaggle
../data/raw/Garbage_Dataset_Classification/images/metal/metal_01940.jpg,metal_plastic,metal,kaggle
../data/raw/Garbage_Dataset_Classification/images/paper/paper_01749.jpg,cardboard_paper,paper,kaggle
../data/raw/Garbage_Dataset_Classification/images/glass/glass_03826.jpg,trash,glass,kaggle
../data/raw/Garbage_Dataset_Classification/images/glass/glass_01895.jpg,trash,glass,kaggle
../data/raw/Garbage_Dataset_Classification/images/paper/paper_02562.jpg,cardboard_paper,paper,kaggle
../data/raw/Garbage_Dataset_Classification/images/glass/glass_02656.jpg,trash,glass,kaggle
../data/raw/Garbage_Dataset_Classification/images/metal/metal_02111.jpg,metal_plastic,metal,kaggle
../data/raw/Garbage_Dataset_Classification/images/trash/trash_13085.jpg,trash,trash,kaggle
../data/raw/Garbage_Dataset_Classification/images/trash/trash_12985.jpg,trash,trash,kaggle
../data/raw/Garbage_Dataset_Classification/images/paper/paper_00128.jpg,cardboard_paper,paper,kaggle
../data/raw/Garbage_Dataset_Classification/images/paper/paper_02437.jpg,cardboard_paper,paper,kaggle
../data/raw/Garbage_Dataset_Classification/images/metal/metal_01436.jpg,metal_plastic,metal,kaggle
../data/raw/Garbage_Dataset_Classification/images/metal/metal_00732.jpg,metal_plastic,metal,kaggle
../data/raw/Garbage_Dataset_Classification/images/paper/paper_00965.jpg,cardboard_paper,paper,kaggle
../data/raw/Garbage_Dataset_Classification/images/cardboard/cardboard_02807.jpg,cardboard_paper,cardboard,kaggle
../data/raw/Garbage_Dataset_Classification/images/cardboard/cardboard_02449.jpg,cardboard_paper,cardboard,kaggle
../data/raw/Garbage_Dataset_Classification/images/paper/paper_02449.jpg,cardboard_paper,paper,kaggle
../data/raw/Garbage_Dataset_Classification/images/metal/metal_01948.jpg,metal_plastic,metal,kaggle
../data/raw/Garbage_Dataset_Classification/images/plastic/plastic_01303.jpg,metal_plastic,plastic,kaggle
../data/raw/Garbage_Dataset_Classification/images/glass/glass_05139.jpg,trash,glass,kaggle
../data/raw/Garbage_Dataset_Classification/images/plastic/plastic_01620.jpg,metal_plastic,plastic,kaggle
../data/raw/Garbage_Dataset_Classification/images/metal/metal_02231.jpg,metal_plastic,metal,kaggle
../data/raw/Garbage_Dataset_Classification/images/metal/metal_01278.jpg,metal_plastic,metal,kaggle
../data/raw/Garbage_Dataset_Classification/images/glass/glass_05239.jpg,trash,glass,kaggle
../data/raw/Garbage_Dataset_Classification/images/metal/metal_01500.jpg,metal_plastic,metal,kaggle
../data/raw/Garbage_Dataset_Classification/images/paper/paper_02143.jpg,cardboard_paper,paper,kaggle
../data/raw/Garbage_Dataset_Classification/images/plastic/plastic_01885.jpg,metal_plastic,plastic,kaggle
../data/raw/Garbage_Dataset_Classification/images/trash/trash_19686.jpg,trash,trash,kaggle
../data/raw/Garbage_Dataset_Classification/images/glass/glass_04726.jpg,trash,glass,kaggle
../data/raw/Garbage_Dataset_Classification/images/paper/paper_01834.jpg,cardboard_paper,paper,kaggle
../data/raw/Garbage_Dataset_Classification/images/glass/glass_05160.jpg,trash,glass,kaggle
../data/raw/Garbage_Dataset_Classification/images/metal/metal_00959.jpg,metal_plastic,metal,kaggle
../data/raw/Garbage_Dataset_Classification/images/glass/glass_03018.jpg,trash,glass,kaggle
../data/raw/Garbage_Dataset_Classification/images/metal/metal_02407.jpg,metal_plastic,metal,kaggle
../data/raw/Garbage_Dataset_Classification/images/glass/glass_02961.jpg,trash,glass,kaggle
../data/raw/Garbage_Dataset_Classification/images/trash/trash_05947.jpg,trash,trash,kaggle
../data/raw/Garbage_Dataset_Classification/images/metal/metal_00770.jpg,metal_plastic,metal,kaggle
../data/raw/Garbage_Dataset_Classification/images/glass/glass_03946.jpg,trash,glass,kaggle
../data/raw/Garbage_Dataset_Classification/images/trash/trash_09439.jpg,trash,trash,kaggle
../data/raw/Garbage_Dataset_Classification/images/metal/metal_01489.jpg,metal_plastic,metal,kaggle
../data/raw/Garbage_Dataset_Classification/images/cardboard/cardboard_01196.jpg,cardboard_paper,cardboard,kaggle
../data/raw/Garbage_Dataset_Classification/images/cardboard/cardboard_01654.jpg,cardboard_paper,cardboard,kaggle
../data/raw/Garbage_Dataset_Classification/images/cardboard/cardboard_01417.jpg,cardboard_paper,cardboard,kaggle
../data/raw/Garbage_Dataset_Classification/images/trash/trash_13912.jpg,trash,trash,kaggle
../data/raw/Garbage_Dataset_Classification/images/plastic/plastic_01425.jpg,metal_plastic,plastic,kaggle
../data/raw/Garbage_Dataset_Classification/images/paper/paper_02656.jpg,cardboard_paper,paper,kaggle
../data/raw/Garbage_Dataset_Classification/images/trash/trash_11568.jpg,trash,trash,kaggle
../data/raw/Garbage_Dataset_Classification/images/metal/metal_01535.jpg,metal_plastic,metal,kaggle
../data/raw/Garbage_Dataset_Classification/images/trash/trash_09349.jpg,trash,trash,kaggle
../data/raw/Garbage_Dataset_Classification/images/paper/paper_02937.jpg,cardboard_paper,paper,kaggle
../data/raw/Garbage_Dataset_Classification/images/plastic/plastic_03272.jpg,metal_plastic,plastic,kaggle
../data/raw/Garbage_Dataset_Classification/images/trash/trash_12875.jpg,trash,trash,kaggle
../data/raw/Garbage_Dataset_Classification/images/glass/glass_04516.jpg,trash,glass,kaggle
../data/raw/Garbage_Dataset_Classification/images/cardboard/cardboard_00923.jpg,cardboard_paper,cardboard,kaggle
../data/raw/Garbage_Dataset_Classification/images/cardboard/cardboard_00351.jpg,cardboard_paper,cardboard,kaggle
../data/raw/Garbage_Dataset_Classification/images/paper/paper_03086.jpg,cardboard_paper,paper,kaggle
../data/raw/Garbage_Dataset_Classification/images/cardboard/cardboard_02196.jpg,cardboard_paper,cardboard,kaggle
../data/raw/Garbage_Dataset_Classification/images/paper/paper_02365.jpg,cardboard_paper,paper,kaggle
../data/raw/Garbage_Dataset_Classification/images/metal/metal_01615.jpg,metal_plastic,metal,kaggle
../data/raw/Garbage_Dataset_Classification/images/metal/metal_02228.jpg,metal_plastic,metal,kaggle
../data/raw/Garbage_Dataset_Classification/images/plastic/plastic_02361.jpg,metal_plastic,plastic,kaggle
../data/raw/Garbage_Dataset_Classification/images/glass/glass_02436.jpg,trash,glass,kaggle
../data/raw/Garbage_Dataset_Classification/images/trash/trash_09702.jpg,trash,trash,kaggle
../data/raw/Garbage_Dataset_Classification/images/plastic/plastic_02993.jpg,metal_plastic,plastic,kaggle
../data/raw/Garbage_Dataset_Classification/images/plastic/plastic_01359.jpg,metal_plastic,plastic,kaggle
../data/raw/Garbage_Dataset_Classification/images/cardboard/cardboard_02033.jpg,cardboard_paper,cardboard,kaggle
../data/raw/Garbage_Dataset_Classification/images/glass/glass_00082.jpg,trash,glass,kaggle
../data/raw/Garbage_Dataset_Classification/images/metal/metal_02722.jpg,metal_plastic,metal,kaggle
../data/raw/Garbage_Dataset_Classification/images/trash/trash_02729.jpg,trash,trash,kaggle
../data/raw/Garbage_Dataset_Classification/images/cardboard/cardboard_01290.jpg,cardboard_paper,cardboard,kaggle
../data/raw/Garbage_Dataset_Classification/images/plastic/plastic_02776.jpg,metal_plastic,plastic,kaggle
../data/raw/Garbage_Dataset_Classification/images/trash/trash_09626.jpg,trash,trash,kaggle
../data/raw/Garbage_Dataset_Classification/images/cardboard/cardboard_02766.jpg,cardboard_paper,cardboard,kaggle
../data/raw/Garbage_Dataset_Classification/images/cardboard/cardboard_02920.jpg,cardboard_paper,cardboard,kaggle
../data/raw/Garbage_Dataset_Classification/images/paper/paper_02698.jpg,cardboard_paper,paper,kaggle
../data/raw/Garbage_Dataset_Classification/images/metal/metal_02356.jpg,metal_plastic,metal,kaggle
../data/raw/Garbage_Dataset_Classification/images/trash/trash_12168.jpg,trash,trash,kaggle
../data/raw/Garbage_Dataset_Classification/images/cardboard/cardboard_00713.jpg,cardboard_paper,cardboard,kaggle
../data/raw/Garbage_Dataset_Classification/images/trash/trash_12519.jpg,trash,trash,kaggle
../data/raw/Garbage_Dataset_Classification/images/metal/metal_01847.jpg,metal_plastic,metal,kaggle
../data/raw/Garbage_Dataset_Classification/images/glass/glass_02940.jpg,trash,glass,kaggle
../data/raw/Garbage_Dataset_Classification/images/paper/paper_01327.jpg,cardboard_paper,paper,kaggle
../data/raw/Garbage_Dataset_Classification/images/trash/trash_14271.jpg,trash,trash,kaggle
../data/raw/Garbage_Dataset_Classification/images/cardboard/cardboard_01314.jpg,cardboard_paper,cardboard,kaggle
../data/raw/Garbage_Dataset_Classification/images/trash/trash_16485.jpg,trash,trash,kaggle
../data/raw/Garbage_Dataset_Classification/images/trash/trash_05169.jpg,trash,trash,kaggle
../data/raw/Garbage_Dataset_Classification/images/plastic/plastic_02909.jpg,metal_plastic,plastic,kaggle
../data/raw/Garbage_Dataset_Classification/images/cardboard/cardboard_01456.jpg,cardboard_paper,cardboard,kaggle
../data/raw/Garbage_Dataset_Classification/images/plastic/plastic_00811.jpg,metal_plastic,plastic,kaggle
../data/raw/Garbage_Dataset_Classification/images/plastic/plastic_02058.jpg,metal_plastic,plastic,kaggle
../data/raw/Garbage_Dataset_Classification/images/metal/metal_02235.jpg,metal_plastic,metal,kaggle
../data/raw/Garbage_Dataset_Classification/images/glass/glass_04343.jpg,trash,glass,kaggle
../data/raw/Garbage_Dataset_Classification/images/glass/glass_03519.jpg,trash,glass,kaggle
../data/raw/Garbage_Dataset_Classification/images/paper/paper_01126.jpg,cardboard_paper,paper,kaggle
../data/raw/Garbage_Dataset_Classification/images/paper/paper_01499.jpg,cardboard_paper,paper,kaggle
../data/raw/Garbage_Dataset_Classification/images/plastic/plastic_02992.jpg,metal_plastic,plastic,kaggle
../data/raw/Garbage_Dataset_Classification/images/cardboard/cardboard_00725.jpg,cardboard_paper,cardboard,kaggle
../data/raw/Garbage_Dataset_Classification/images/metal/metal_01834.jpg,metal_plastic,metal,kaggle
../data/raw/Garbage_Dataset_Classification/images/cardboard/cardboard_01594.jpg,cardboard_paper,cardboard,kaggle
../data/raw/Garbage_Dataset_Classification/images/cardboard/cardboard_02753.jpg,cardboard_paper,cardboard,kaggle
../data/raw/Garbage_Dataset_Classification/images/paper/paper_01859.jpg,cardboard_paper,paper,kaggle
../data/raw/Garbage_Dataset_Classification/images/trash/trash_18209.jpg,trash,trash,kaggle
../data/raw/Garbage_Dataset_Classification/images/paper/paper_01176.jpg,cardboard_paper,paper,kaggle
../data/raw/Garbage_Dataset_Classification/images/paper/paper_01820.jpg,cardboard_paper,paper,kaggle
../data/raw/Garbage_Dataset_Classification/images/glass/glass_03239.jpg,trash,glass,kaggle
../data/raw/Garbage_Dataset_Classification/images/cardboard/cardboard_02748.jpg,cardboard_paper,cardboard,kaggle
../data/raw/Garbage_Dataset_Classification/images/trash/trash_17605.jpg,trash,trash,kaggle
../data/raw/Garbage_Dataset_Classification/images/glass/glass_02614.jpg,trash,glass,kaggle
../data/raw/Garbage_Dataset_Classification/images/metal/metal_02132.jpg,metal_plastic,metal,kaggle
../data/raw/Garbage_Dataset_Classification/images/metal/metal_00110.jpg,metal_plastic,metal,kaggle
../data/raw/Garbage_Dataset_Classification/images/plastic/plastic_03254.jpg,metal_plastic,plastic,kaggle
../data/raw/Garbage_Dataset_Classification/images/cardboard/cardboard_02349.jpg,cardboard_paper,cardboard,kaggle
../data/raw/Garbage_Dataset_Classification/images/glass/glass_04340.jpg,trash,glass,kaggle
../data/raw/Garbage_Dataset_Classification/images/cardboard/cardboard_01338.jpg,cardboard_paper,cardboard,kaggle
../data/raw/Garbage_Dataset_Classification/images/glass/glass_04723.jpg,trash,glass,kaggle
../data/raw/Garbage_Dataset_Classification/images/paper/paper_01995.jpg,cardboard_paper,paper,kaggle
../data/raw/Garbage_Dataset_Classification/images/glass/glass_01507.jpg,trash,glass,kaggle
../data/raw/Garbage_Dataset_Classification/images/paper/paper_03195.jpg,cardboard_paper,paper,kaggle
../data/raw/Garbage_Dataset_Classification/images/plastic/plastic_02208.jpg,metal_plastic,plastic,kaggle
../data/raw/Garbage_Dataset_Classification/images/plastic/plastic_02683.jpg,metal_plastic,plastic,kaggle
../data/raw/Garbage_Dataset_Classification/images/metal/metal_01710.jpg,metal_plastic,metal,kaggle
../data/raw/Garbage_Dataset_Classification/images/glass/glass_03772.jpg,trash,glass,kaggle
../data/raw/Garbage_Dataset_Classification/images/glass/glass_04328.jpg,trash,glass,kaggle
../data/raw/Garbage_Dataset_Classification/images/metal/metal_01752.jpg,metal_plastic,metal,kaggle
../data/raw/Garbage_Dataset_Classification/images/glass/glass_02232.jpg,trash,glass,kaggle
../data/raw/Garbage_Dataset_Classification/images/glass/glass_01478.jpg,trash,glass,kaggle
../data/raw/Garbage_Dataset_Classification/images/metal/metal_00299.jpg,metal_plastic,metal,kaggle
../data/raw/Garbage_Dataset_Classification/images/glass/glass_03677.jpg,trash,glass,kaggle
../data/raw/Garbage_Dataset_Classification/images/plastic/plastic_02751.jpg,metal_plastic,plastic,kaggle
../data/raw/Garbage_Dataset_Classification/images/trash/trash_06100.jpg,trash,trash,kaggle
../data/raw/Garbage_Dataset_Classification/images/metal/metal_01231.jpg,metal_plastic,metal,kaggle
../data/raw/Garbage_Dataset_Classification/images/plastic/plastic_00467.jpg,metal_plastic,plastic,kaggle
../data/raw/Garbage_Dataset_Classification/images/paper/paper_01523.jpg,cardboard_paper,paper,kaggle
../data/raw/Garbage_Dataset_Classification/images/cardboard/cardboard_01779.jpg,cardboard_paper,cardboard,kaggle
../data/raw/Garbage_Dataset_Classification/images/cardboard/cardboard_02040.jpg,cardboard_paper,cardboard,kaggle
../data/raw/Garbage_Dataset_Classification/images/trash/trash_18087.jpg,trash,trash,kaggle
../data/raw/Garbage_Dataset_Classification/images/plastic/plastic_01623.jpg,metal_plastic,plastic,kaggle
../data/raw/Garbage_Dataset_Classification/images/metal/metal_01066.jpg,metal_plastic,metal,kaggle
../data/raw/Garbage_Dataset_Classification/images/paper/paper_02716.jpg,cardboard_paper,paper,kaggle
../data/raw/Garbage_Dataset_Classification/images/cardboard/cardboard_03029.jpg,cardboard_paper,cardboard,kaggle
../data/raw/Garbage_Dataset_Classification/images/trash/trash_03642.jpg,trash,trash,kaggle
../data/raw/Garbage_Dataset_Classification/images/glass/glass_00581.jpg,trash,glass,kaggle
../data/raw/Garbage_Dataset_Classification/images/glass/glass_01942.jpg,trash,glass,kaggle
../data/raw/Garbage_Dataset_Classification/images/cardboard/cardboard_01863.jpg,cardboard_paper,cardboard,kaggle
../data/raw/Garbage_Dataset_Classification/images/plastic/plastic_02937.jpg,metal_plastic,plastic,kaggle
../data/raw/Garbage_Dataset_Classification/images/metal/metal_02089.jpg,metal_plastic,metal,kaggle
../data/raw/Garbage_Dataset_Classification/images/paper/paper_02286.jpg,cardboard_paper,paper,kaggle
../data/raw/Garbage_Dataset_Classification/images/cardboard/cardboard_00805.jpg,cardboard_paper,cardboard,kaggle
../data/raw/Garbage_Dataset_Classification/images/trash/trash_12072.jpg,trash,trash,kaggle
../data/raw/Garbage_Dataset_Classification/images/glass/glass_00404.jpg,trash,glass,kaggle
../data/raw/Garbage_Dataset_Classification/images/paper/paper_02413.jpg,cardboard_paper,paper,kaggle
../data/raw/Garbage_Dataset_Classification/images/paper/paper_02579.jpg,cardboard_paper,paper,kaggle
../data/raw/Garbage_Dataset_Classification/images/cardboard/cardboard_02307.jpg,cardboard_paper,cardboard,kaggle
../data/raw/Garbage_Dataset_Classification/images/trash/trash_15888.jpg,trash,trash,kaggle
../data/raw/Garbage_Dataset_Classification/images/metal/metal_00198.jpg,metal_plastic,metal,kaggle
../data/raw/Garbage_Dataset_Classification/images/cardboard/cardboard_00256.jpg,cardboard_paper,cardboard,kaggle
../data/raw/Garbage_Dataset_Classification/images/glass/glass_04621.jpg,trash,glass,kaggle
../data/raw/Garbage_Dataset_Classification/images/plastic/plastic_01557.jpg,metal_plastic,plastic,kaggle
../data/raw/Garbage_Dataset_Classification/images/paper/paper_00658.jpg,cardboard_paper,paper,kaggle
../data/raw/Garbage_Dataset_Classification/images/plastic/plastic_01673.jpg,metal_plastic,plastic,kaggle
../data/raw/Garbage_Dataset_Classification/images/cardboard/cardboard_00499.jpg,cardboard_paper,cardboard,kaggle
../data/raw/Garbage_Dataset_Classification/images/metal/metal_01295.jpg,metal_plastic,metal,kaggle
../data/raw/Garbage_Dataset_Classification/images/cardboard/cardboard_00171.jpg,cardboard_paper,cardboard,kaggle
../data/raw/Garbage_Dataset_Classification/images/metal/metal_02502.jpg,metal_plastic,metal,kaggle
../data/raw/Garbage_Dataset_Classification/images/plastic/plastic_02356.jpg,metal_plastic,plastic,kaggle
../data/raw/Garbage_Dataset_Classification/images/plastic/plastic_03006.jpg,metal_plastic,plastic,kaggle
../data/raw/Garbage_Dataset_Classification/images/trash/trash_04089.jpg,trash,trash,kaggle
../data/raw/Garbage_Dataset_Classification/images/paper/paper_02817.jpg,cardboard_paper,paper,kaggle
../data/raw/Garbage_Dataset_Classification/images/glass/glass_04915.jpg,trash,glass,kaggle
../data/raw/Garbage_Dataset_Classification/images/paper/paper_02461.jpg,cardboard_paper,paper,kaggle
../data/raw/Garbage_Dataset_Classification/images/glass/glass_03856.jpg,trash,glass,kaggle
../data/raw/Garbage_Dataset_Classification/images/trash/trash_08555.jpg,trash,trash,kaggle
../data/raw/Garbage_Dataset_Classification/images/metal/metal_02394.jpg,metal_plastic,metal,kaggle
../data/raw/Garbage_Dataset_Classification/images/glass/glass_02111.jpg,trash,glass,kaggle
../data/raw/Garbage_Dataset_Classification/images/plastic/plastic_02032.jpg,metal_plastic,plastic,kaggle
../data/raw/Garbage_Dataset_Classification/images/paper/paper_03269.jpg,cardboard_paper,paper,kaggle
../data/raw/Garbage_Dataset_Classification/images/plastic/plastic_00480.jpg,metal_plastic,plastic,kaggle
../data/raw/Garbage_Dataset_Classification/images/plastic/plastic_00719.jpg,metal_plastic,plastic,kaggle
../data/raw/Garbage_Dataset_Classification/images/cardboard/cardboard_01176.jpg,cardboard_paper,cardboard,kaggle
../data/raw/Garbage_Dataset_Classification/images/trash/trash_00367.jpg,trash,trash,kaggle
../data/raw/Garbage_Dataset_Classification/images/cardboard/cardboard_02150.jpg,cardboard_paper,cardboard,kaggle
../data/raw/Garbage_Dataset_Classification/images/cardboard/cardboard_02632.jpg,cardboard_paper,cardboard,kaggle
../data/raw/Garbage_Dataset_Classification/images/plastic/plastic_00251.jpg,metal_plastic,plastic,kaggle
../data/raw/Garbage_Dataset_Classification/images/trash/trash_09653.jpg,trash,trash,kaggle
../data/raw/Garbage_Dataset_Classification/images/trash/trash_06669.jpg,trash,trash,kaggle
../data/raw/Garbage_Dataset_Classification/images/plastic/plastic_00237.jpg,metal_plastic,plastic,kaggle
../data/raw/Garbage_Dataset_Classification/images/trash/trash_05101.jpg,trash,trash,kaggle
../data/raw/Garbage_Dataset_Classification/images/paper/paper_00476.jpg,cardboard_paper,paper,kaggle
../data/raw/Garbage_Dataset_Classification/images/metal/metal_00690.jpg,metal_plastic,metal,kaggle
../data/raw/Garbage_Dataset_Classification/images/cardboard/cardboard_00456.jpg,cardboard_paper,cardboard,kaggle
../data/raw/Garbage_Dataset_Classification/images/paper/paper_02580.jpg,cardboard_paper,paper,kaggle
../data/raw/Garbage_Dataset_Classification/images/glass/glass_03811.jpg,trash,glass,kaggle
../data/raw/Garbage_Dataset_Classification/images/paper/paper_01394.jpg,cardboard_paper,paper,kaggle
../data/raw/Garbage_Dataset_Classification/images/metal/metal_00572.jpg,metal_plastic,metal,kaggle
../data/raw/Garbage_Dataset_Classification/images/cardboard/cardboard_00789.jpg,cardboard_paper,cardboard,kaggle
../data/raw/Garbage_Dataset_Classification/images/cardboard/cardboard_01917.jpg,cardboard_paper,cardboard,kaggle
../data/raw/Garbage_Dataset_Classification/images/metal/metal_01726.jpg,metal_plastic,metal,kaggle
../data/raw/Garbage_Dataset_Classification/images/trash/trash_01427.jpg,trash,trash,kaggle
../data/raw/Garbage_Dataset_Classification/images/plastic/plastic_02351.jpg,metal_plastic,plastic,kaggle
../data/raw/Garbage_Dataset_Classification/images/paper/paper_02726.jpg,cardboard_paper,paper,kaggle
../data/raw/Garbage_Dataset_Classification/images/cardboard/cardboard_02569.jpg,cardboard_paper,cardboard,kaggle
../data/raw/Garbage_Dataset_Classification/images/trash/trash_00040.jpg,trash,trash,kaggle
../data/raw/Garbage_Dataset_Classification/images/paper/paper_02144.jpg,cardboard_paper,paper,kaggle
../data/raw/Garbage_Dataset_Classification/images/trash/trash_13970.jpg,trash,trash,kaggle
../data/raw/Garbage_Dataset_Classification/images/glass/glass_00493.jpg,trash,glass,kaggle
../data/raw/Garbage_Dataset_Classification/images/glass/glass_04752.jpg,trash,glass,kaggle
../data/raw/Garbage_Dataset_Classification/images/plastic/plastic_02505.jpg,metal_plastic,plastic,kaggle
../data/raw/Garbage_Dataset_Classification/images/glass/glass_04224.jpg,trash,glass,kaggle
../data/raw/Garbage_Dataset_Classification/images/paper/paper_02968.jpg,cardboard_paper,paper,kaggle
../data/raw/Garbage_Dataset_Classification/images/metal/metal_00998.jpg,metal_plastic,metal,kaggle
../data/raw/Garbage_Dataset_Classification/images/trash/trash_16906.jpg,trash,trash,kaggle
../data/raw/Garbage_Dataset_Classification/images/plastic/plastic_01295.jpg,metal_plastic,plastic,kaggle
../data/raw/Garbage_Dataset_Classification/images/trash/trash_09800.jpg,trash,trash,kaggle
../data/raw/Garbage_Dataset_Classification/images/trash/trash_19876.jpg,trash,trash,kaggle
../data/raw/Garbage_Dataset_Classification/images/trash/trash_00832.jpg,trash,trash,kaggle
../data/raw/Garbage_Dataset_Classification/images/glass/glass_05414.jpg,trash,glass,kaggle
../data/raw/Garbage_Dataset_Classification/images/metal/metal_01852.jpg,metal_plastic,metal,kaggle
../data/raw/Garbage_Dataset_Classification/images/plastic/plastic_02694.jpg,metal_plastic,plastic,kaggle
../data/raw/Garbage_Dataset_Classification/images/plastic/plastic_00271.jpg,metal_plastic,plastic,kaggle
../data/raw/Garbage_Dataset_Classification/images/plastic/plastic_01814.jpg,metal_plastic,plastic,kaggle
../data/raw/Garbage_Dataset_Classification/images/cardboard/cardboard_03051.jpg,cardboard_paper,cardboard,kaggle
../data/raw/Garbage_Dataset_Classification/images/plastic/plastic_01043.jpg,metal_plastic,plastic,kaggle
../data/raw/Garbage_Dataset_Classification/images/plastic/plastic_01931.jpg,metal_plastic,plastic,kaggle
../data/raw/Garbage_Dataset_Classification/images/cardboard/cardboard_01407.jpg,cardboard_paper,cardboard,kaggle
../data/raw/Garbage_Dataset_Classification/images/paper/paper_00803.jpg,cardboard_paper,paper,kaggle
../data/raw/Garbage_Dataset_Classification/images/metal/metal_02092.jpg,metal_plastic,metal,kaggle
../data/raw/Garbage_Dataset_Classification/images/glass/glass_02780.jpg,trash,glass,kaggle
../data/raw/Garbage_Dataset_Classification/images/paper/paper_01745.jpg,cardboard_paper,paper,kaggle
../data/raw/Garbage_Dataset_Classification/images/trash/trash_06117.jpg,trash,trash,kaggle
../data/raw/Garbage_Dataset_Classification/images/trash/trash_13388.jpg,trash,trash,kaggle
../data/raw/Garbage_Dataset_Classification/images/paper/paper_02759.jpg,cardboard_paper,paper,kaggle
../data/raw/Garbage_Dataset_Classification/images/trash/trash_10076.jpg,trash,trash,kaggle
../data/raw/Garbage_Dataset_Classification/images/plastic/plastic_01123.jpg,metal_plastic,plastic,kaggle
../data/raw/Garbage_Dataset_Classification/images/cardboard/cardboard_02729.jpg,cardboard_paper,cardboard,kaggle
../data/raw/Garbage_Dataset_Classification/images/trash/trash_16413.jpg,trash,trash,kaggle
../data/raw/Garbage_Dataset_Classification/images/metal/metal_01145.jpg,metal_plastic,metal,kaggle
../data/raw/Garbage_Dataset_Classification/images/paper/paper_01282.jpg,cardboard_paper,paper,kaggle
../data/raw/Garbage_Dataset_Classification/images/trash/trash_02301.jpg,trash,trash,kaggle
../data/raw/Garbage_Dataset_Classification/images/plastic/plastic_00019.jpg,metal_plastic,plastic,kaggle
../data/raw/Garbage_Dataset_Classification/images/trash/trash_16082.jpg,trash,trash,kaggle
../data/raw/Garbage_Dataset_Classification/images/metal/metal_02612.jpg,metal_plastic,metal,kaggle
../data/raw/Garbage_Dataset_Classification/images/paper/paper_02447.jpg,cardboard_paper,paper,kaggle
../data/raw/Garbage_Dataset_Classification/images/trash/trash_16451.jpg,trash,trash,kaggle
../data/raw/Garbage_Dataset_Classification/images/glass/glass_01689.jpg,trash,glass,kaggle
../data/raw/Garbage_Dataset_Classification/images/paper/paper_02459.jpg,cardboard_paper,paper,kaggle
../data/raw/Garbage_Dataset_Classification/images/metal/metal_02101.jpg,metal_plastic,metal,kaggle
../data/raw/Garbage_Dataset_Classification/images/glass/glass_03163.jpg,trash,glass,kaggle
../data/raw/Garbage_Dataset_Classification/images/plastic/plastic_00167.jpg,metal_plastic,plastic,kaggle
../data/raw/Garbage_Dataset_Classification/images/glass/glass_03548.jpg,trash,glass,kaggle
../data/raw/Garbage_Dataset_Classification/images/trash/trash_04542.jpg,trash,trash,kaggle
../data/raw/Garbage_Dataset_Classification/images/glass/glass_03225.jpg,trash,glass,kaggle
../data/raw/Garbage_Dataset_Classification/images/plastic/plastic_01599.jpg,metal_plastic,plastic,kaggle
../data/raw/Garbage_Dataset_Classification/images/cardboard/cardboard_02395.jpg,cardboard_paper,cardboard,kaggle
../data/raw/Garbage_Dataset_Classification/images/paper/paper_03181.jpg,cardboard_paper,paper,kaggle
../data/raw/Garbage_Dataset_Classification/images/trash/trash_07175.jpg,trash,trash,kaggle
../data/raw/Garbage_Dataset_Classification/images/paper/paper_00720.jpg,cardboard_paper,paper,kaggle
../data/raw/Garbage_Dataset_Classification/images/metal/metal_01081.jpg,metal_plastic,metal,kaggle
../data/raw/Garbage_Dataset_Classification/images/trash/trash_05688.jpg,trash,trash,kaggle
../data/raw/Garbage_Dataset_Classification/images/glass/glass_04501.jpg,trash,glass,kaggle
../data/raw/Garbage_Dataset_Classification/images/plastic/plastic_02453.jpg,metal_plastic,plastic,kaggle
../data/raw/Garbage_Dataset_Classification/images/plastic/plastic_01134.jpg,metal_plastic,plastic,kaggle
../data/raw/Garbage_Dataset_Classification/images/plastic/plastic_01686.jpg,metal_plastic,plastic,kaggle
../data/raw/Garbage_Dataset_Classification/images/cardboard/cardboard_01181.jpg,cardboard_paper,cardboard,kaggle
../data/raw/Garbage_Dataset_Classification/images/trash/trash_09111.jpg,trash,trash,kaggle
../data/raw/Garbage_Dataset_Classification/images/paper/paper_03061.jpg,cardboard_paper,paper,kaggle
../data/raw/Garbage_Dataset_Classification/images/trash/trash_16824.jpg,trash,trash,kaggle
../data/raw/Garbage_Dataset_Classification/images/plastic/plastic_03086.jpg,metal_plastic,plastic,kaggle
../data/raw/Garbage_Dataset_Classification/images/metal/metal_02269.jpg,metal_plastic,metal,kaggle
../data/raw/Garbage_Dataset_Classification/images/glass/glass_04482.jpg,trash,glass,kaggle
../data/raw/Garbage_Dataset_Classification/images/glass/glass_02650.jpg,trash,glass,kaggle
../data/raw/Garbage_Dataset_Classification/images/trash/trash_17807.jpg,trash,trash,kaggle
../data/raw/Garbage_Dataset_Classification/images/metal/metal_01569.jpg,metal_plastic,metal,kaggle
../data/raw/Garbage_Dataset_Classification/images/glass/glass_00876.jpg,trash,glass,kaggle
../data/raw/Garbage_Dataset_Classification/images/glass/glass_03712.jpg,trash,glass,kaggle
../data/raw/Garbage_Dataset_Classification/images/trash/trash_14917.jpg,trash,trash,kaggle
../data/raw/Garbage_Dataset_Classification/images/plastic/plastic_01198.jpg,metal_plastic,plastic,kaggle
../data/raw/Garbage_Dataset_Classification/images/plastic/plastic_00163.jpg,metal_plastic,plastic,kaggle
../data/raw/Garbage_Dataset_Classification/images/plastic/plastic_02585.jpg,metal_plastic,plastic,kaggle
../data/raw/Garbage_Dataset_Classification/images/glass/glass_05087.jpg,trash,glass,kaggle
../data/raw/Garbage_Dataset_Classification/images/glass/glass_02163.jpg,trash,glass,kaggle
../data/raw/Garbage_Dataset_Classification/images/paper/paper_02978.jpg,cardboard_paper,paper,kaggle
../data/raw/Garbage_Dataset_Classification/images/glass/glass_02932.jpg,trash,glass,kaggle
../data/raw/Garbage_Dataset_Classification/images/trash/trash_00768.jpg,trash,trash,kaggle
../data/raw/Garbage_Dataset_Classification/images/plastic/plastic_01684.jpg,metal_plastic,plastic,kaggle
../data/raw/Garbage_Dataset_Classification/images/trash/trash_13530.jpg,trash,trash,kaggle
../data/raw/Garbage_Dataset_Classification/images/cardboard/cardboard_01815.jpg,cardboard_paper,cardboard,kaggle
../data/raw/Garbage_Dataset_Classification/images/metal/metal_00526.jpg,metal_plastic,metal,kaggle
../data/raw/Garbage_Dataset_Classification/images/trash/trash_09406.jpg,trash,trash,kaggle
../data/raw/Garbage_Dataset_Classification/images/paper/paper_02871.jpg,cardboard_paper,paper,kaggle
../data/raw/Garbage_Dataset_Classification/images/cardboard/cardboard_01969.jpg,cardboard_paper,cardboard,kaggle
../data/raw/Garbage_Dataset_Classification/images/glass/glass_03100.jpg,trash,glass,kaggle
../data/raw/Garbage_Dataset_Classification/images/plastic/plastic_01091.jpg,metal_plastic,plastic,kaggle
../data/raw/Garbage_Dataset_Classification/images/paper/paper_00212.jpg,cardboard_paper,paper,kaggle
../data/raw/Garbage_Dataset_Classification/images/plastic/plastic_02522.jpg,metal_plastic,plastic,kaggle
../data/raw/Garbage_Dataset_Classification/images/glass/glass_01837.jpg,trash,glass,kaggle
../data/raw/Garbage_Dataset_Classification/images/plastic/plastic_00713.jpg,metal_plastic,plastic,kaggle
../data/raw/Garbage_Dataset_Classification/images/cardboard/cardboard_03001.jpg,cardboard_paper,cardboard,kaggle
../data/raw/Garbage_Dataset_Classification/images/cardboard/cardboard_01461.jpg,cardboard_paper,cardboard,kaggle
../data/raw/Garbage_Dataset_Classification/images/trash/trash_04836.jpg,trash,trash,kaggle
../data/raw/Garbage_Dataset_Classification/images/glass/glass_05037.jpg,trash,glass,kaggle
../data/raw/Garbage_Dataset_Classification/images/paper/paper_03218.jpg,cardboard_paper,paper,kaggle
../data/raw/Garbage_Dataset_Classification/images/trash/trash_12115.jpg,trash,trash,kaggle
../data/raw/Garbage_Dataset_Classification/images/glass/glass_03495.jpg,trash,glass,kaggle
../data/raw/Garbage_Dataset_Classification/images/plastic/plastic_01628.jpg,metal_plastic,plastic,kaggle
../data/raw/Garbage_Dataset_Classification/images/plastic/plastic_02175.jpg,metal_plastic,plastic,kaggle
../data/raw/Garbage_Dataset_Classification/images/glass/glass_02915.jpg,trash,glass,kaggle
../data/raw/Garbage_Dataset_Classification/images/trash/trash_17328.jpg,trash,trash,kaggle
../data/raw/Garbage_Dataset_Classification/images/trash/trash_06707.jpg,trash,trash,kaggle
../data/raw/Garbage_Dataset_Classification/images/cardboard/cardboard_00814.jpg,cardboard_paper,cardboard,kaggle
../data/raw/Garbage_Dataset_Classification/images/plastic/plastic_00585.jpg,metal_plastic,plastic,kaggle
../data/raw/Garbage_Dataset_Classification/images/glass/glass_04084.jpg,trash,glass,kaggle
../data/raw/Garbage_Dataset_Classification/images/glass/glass_03781.jpg,trash,glass,kaggle
../data/raw/Garbage_Dataset_Classification/images/cardboard/cardboard_00837.jpg,cardboard_paper,cardboard,kaggle
../data/raw/Garbage_Dataset_Classification/images/plastic/plastic_02250.jpg,metal_plastic,plastic,kaggle
../data/raw/Garbage_Dataset_Classification/images/plastic/plastic_02209.jpg,metal_plastic,plastic,kaggle
../data/raw/Garbage_Dataset_Classification/images/glass/glass_01524.jpg,trash,glass,kaggle
../data/raw/Garbage_Dataset_Classification/images/glass/glass_01428.jpg,trash,glass,kaggle
../data/raw/Garbage_Dataset_Classification/images/cardboard/cardboard_01032.jpg,cardboard_paper,cardboard,kaggle
../data/raw/Garbage_Dataset_Classification/images/glass/glass_02363.jpg,trash,glass,kaggle
../data/raw/Garbage_Dataset_Classification/images/metal/metal_01197.jpg,metal_plastic,metal,kaggle
../data/raw/Garbage_Dataset_Classification/images/glass/glass_05333.jpg,trash,glass,kaggle
../data/raw/Garbage_Dataset_Classification/images/cardboard/cardboard_02542.jpg,cardboard_paper,cardboard,kaggle
../data/raw/Garbage_Dataset_Classification/images/cardboard/cardboard_00914.jpg,cardboard_paper,cardboard,kaggle
../data/raw/Garbage_Dataset_Classification/images/metal/metal_01017.jpg,metal_plastic,metal,kaggle
../data/raw/Garbage_Dataset_Classification/images/paper/paper_01588.jpg,cardboard_paper,paper,kaggle
../data/raw/Garbage_Dataset_Classification/images/metal/metal_02047.jpg,metal_plastic,metal,kaggle
../data/raw/Garbage_Dataset_Classification/images/trash/trash_12702.jpg,trash,trash,kaggle
../data/raw/Garbage_Dataset_Classification/images/cardboard/cardboard_02849.jpg,cardboard_paper,cardboard,kaggle
../data/raw/Garbage_Dataset_Classification/images/paper/paper_00980.jpg,cardboard_paper,paper,kaggle
../data/raw/Garbage_Dataset_Classification/images/glass/glass_01582.jpg,trash,glass,kaggle
../data/raw/Garbage_Dataset_Classification/images/trash/trash_16911.jpg,trash,trash,kaggle
../data/raw/Garbage_Dataset_Classification/images/trash/trash_00447.jpg,trash,trash,kaggle
../data/raw/Garbage_Dataset_Classification/images/cardboard/cardboard_02800.jpg,cardboard_paper,cardboard,kaggle
../data/raw/Garbage_Dataset_Classification/images/metal/metal_01307.jpg,metal_plastic,metal,kaggle
../data/raw/Garbage_Dataset_Classification/images/paper/paper_01592.jpg,cardboard_paper,paper,kaggle
../data/raw/Garbage_Dataset_Classification/images/paper/paper_00279.jpg,cardboard_paper,paper,kaggle
../data/raw/Garbage_Dataset_Classification/images/glass/glass_00038.jpg,trash,glass,kaggle
../data/raw/Garbage_Dataset_Classification/images/plastic/plastic_00204.jpg,metal_plastic,plastic,kaggle
../data/raw/Garbage_Dataset_Classification/images/paper/paper_00143.jpg,cardboard_paper,paper,kaggle
../data/raw/Garbage_Dataset_Classification/images/paper/paper_02360.jpg,cardboard_paper,paper,kaggle
../data/raw/Garbage_Dataset_Classification/images/cardboard/cardboard_02795.jpg,cardboard_paper,cardboard,kaggle
../data/raw/Garbage_Dataset_Classification/images/metal/metal_02252.jpg,metal_plastic,metal,kaggle
../data/raw/Garbage_Dataset_Classification/images/cardboard/cardboard_02138.jpg,cardboard_paper,cardboard,kaggle
../data/raw/Garbage_Dataset_Classification/images/paper/paper_03216.jpg,cardboard_paper,paper,kaggle
../data/raw/Garbage_Dataset_Classification/images/trash/trash_20105.jpg,trash,trash,kaggle
../data/raw/Garbage_Dataset_Classification/images/metal/metal_00050.jpg,metal_plastic,metal,kaggle
../data/raw/Garbage_Dataset_Classification/images/metal/metal_01512.jpg,metal_plastic,metal,kaggle
../data/raw/Garbage_Dataset_Classification/images/paper/paper_01392.jpg,cardboard_paper,paper,kaggle
../data/raw/Garbage_Dataset_Classification/images/plastic/plastic_00746.jpg,metal_plastic,plastic,kaggle
../data/raw/Garbage_Dataset_Classification/images/trash/trash_01545.jpg,trash,trash,kaggle
../data/raw/Garbage_Dataset_Classification/images/paper/paper_02834.jpg,cardboard_paper,paper,kaggle
../data/raw/Garbage_Dataset_Classification/images/trash/trash_19454.jpg,trash,trash,kaggle
../data/raw/Garbage_Dataset_Classification/images/paper/paper_03263.jpg,cardboard_paper,paper,kaggle
../data/raw/Garbage_Dataset_Classification/images/cardboard/cardboard_02141.jpg,cardboard_paper,cardboard,kaggle
../data/raw/Garbage_Dataset_Classification/images/cardboard/cardboard_02192.jpg,cardboard_paper,cardboard,kaggle
../data/raw/Garbage_Dataset_Classification/images/paper/paper_02457.jpg,cardboard_paper,paper,kaggle
../data/raw/Garbage_Dataset_Classification/images/paper/paper_00490.jpg,cardboard_paper,paper,kaggle
../data/raw/Garbage_Dataset_Classification/images/paper/paper_00356.jpg,cardboard_paper,paper,kaggle
../data/raw/Garbage_Dataset_Classification/images/paper/paper_01007.jpg,cardboard_paper,paper,kaggle
../data/raw/Garbage_Dataset_Classification/images/cardboard/cardboard_01229.jpg,cardboard_paper,cardboard,kaggle
../data/raw/Garbage_Dataset_Classification/images/paper/paper_02776.jpg,cardboard_paper,paper,kaggle
../data/raw/Garbage_Dataset_Classification/images/glass/glass_05216.jpg,trash,glass,kaggle
../data/raw/Garbage_Dataset_Classification/images/paper/paper_01177.jpg,cardboard_paper,paper,kaggle
../data/raw/Garbage_Dataset_Classification/images/metal/metal_02057.jpg,metal_plastic,metal,kaggle
../data/raw/Garbage_Dataset_Classification/images/plastic/plastic_02398.jpg,metal_plastic,plastic,kaggle
../data/raw/Garbage_Dataset_Classification/images/metal/metal_02355.jpg,metal_plastic,metal,kaggle
../data/raw/Garbage_Dataset_Classification/images/cardboard/cardboard_00633.jpg,cardboard_paper,cardboard,kaggle
../data/raw/Garbage_Dataset_Classification/images/paper/paper_01997.jpg,cardboard_paper,paper,kaggle
../data/raw/Garbage_Dataset_Classification/images/plastic/plastic_01867.jpg,metal_plastic,plastic,kaggle
../data/raw/Garbage_Dataset_Classification/images/plastic/plastic_02748.jpg,metal_plastic,plastic,kaggle
../data/raw/Garbage_Dataset_Classification/images/plastic/plastic_03033.jpg,metal_plastic,plastic,kaggle
../data/raw/Garbage_Dataset_Classification/images/metal/metal_01991.jpg,metal_plastic,metal,kaggle
../data/raw/Garbage_Dataset_Classification/images/metal/metal_01766.jpg,metal_plastic,metal,kaggle
../data/raw/Garbage_Dataset_Classification/images/cardboard/cardboard_02299.jpg,cardboard_paper,cardboard,kaggle
../data/raw/Garbage_Dataset_Classification/images/trash/trash_14452.jpg,trash,trash,kaggle
../data/raw/Garbage_Dataset_Classification/images/paper/paper_01738.jpg,cardboard_paper,paper,kaggle
../data/raw/Garbage_Dataset_Classification/images/metal/metal_02367.jpg,metal_plastic,metal,kaggle
../data/raw/Garbage_Dataset_Classification/images/trash/trash_00630.jpg,trash,trash,kaggle
../data/raw/Garbage_Dataset_Classification/images/trash/trash_07594.jpg,trash,trash,kaggle
../data/raw/Garbage_Dataset_Classification/images/cardboard/cardboard_01859.jpg,cardboard_paper,cardboard,kaggle
../data/raw/Garbage_Dataset_Classification/images/trash/trash_18325.jpg,trash,trash,kaggle
../data/raw/Garbage_Dataset_Classification/images/glass/glass_03898.jpg,trash,glass,kaggle
../data/raw/Garbage_Dataset_Classification/images/glass/glass_00000.jpg,trash,glass,kaggle
../data/raw/Garbage_Dataset_Classification/images/cardboard/cardboard_00446.jpg,cardboard_paper,cardboard,kaggle
../data/raw/Garbage_Dataset_Classification/images/metal/metal_01959.jpg,metal_plastic,metal,kaggle
../data/raw/Garbage_Dataset_Classification/images/plastic/plastic_02897.jpg,metal_plastic,plastic,kaggle
../data/raw/Garbage_Dataset_Classification/images/cardboard/cardboard_01317.jpg,cardboard_paper,cardboard,kaggle
../data/raw/Garbage_Dataset_Classification/images/metal/metal_01646.jpg,metal_plastic,metal,kaggle
../data/raw/Garbage_Dataset_Classification/images/cardboard/cardboard_01040.jpg,cardboard_paper,cardboard,kaggle
../data/raw/Garbage_Dataset_Classification/images/plastic/plastic_00716.jpg,metal_plastic,plastic,kaggle
../data/raw/Garbage_Dataset_Classification/images/paper/paper_01468.jpg,cardboard_paper,paper,kaggle
../data/raw/Garbage_Dataset_Classification/images/glass/glass_04046.jpg,trash,glass,kaggle
../data/raw/Garbage_Dataset_Classification/images/paper/paper_02498.jpg,cardboard_paper,paper,kaggle
../data/raw/Garbage_Dataset_Classification/images/metal/metal_01709.jpg,metal_plastic,metal,kaggle
../data/raw/Garbage_Dataset_Classification/images/glass/glass_04207.jpg,trash,glass,kaggle
../data/raw/Garbage_Dataset_Classification/images/plastic/plastic_01147.jpg,metal_plastic,plastic,kaggle
../data/raw/Garbage_Dataset_Classification/images/paper/paper_03243.jpg,cardboard_paper,paper,kaggle
../data/raw/Garbage_Dataset_Classification/images/glass/glass_02018.jpg,trash,glass,kaggle
../data/raw/Garbage_Dataset_Classification/images/paper/paper_01543.jpg,cardboard_paper,paper,kaggle
../data/raw/Garbage_Dataset_Classification/images/metal/metal_01423.jpg,metal_plastic,metal,kaggle
../data/raw/Garbage_Dataset_Classification/images/plastic/plastic_00751.jpg,metal_plastic,plastic,kaggle
../data/raw/Garbage_Dataset_Classification/images/plastic/plastic_01202.jpg,metal_plastic,plastic,kaggle
../data/raw/Garbage_Dataset_Classification/images/trash/trash_06909.jpg,trash,trash,kaggle
../data/raw/Garbage_Dataset_Classification/images/plastic/plastic_02289.jpg,metal_plastic,plastic,kaggle
../data/raw/Garbage_Dataset_Classification/images/glass/glass_02336.jpg,trash,glass,kaggle
../data/raw/Garbage_Dataset_Classification/images/plastic/plastic_02157.jpg,metal_plastic,plastic,kaggle
../data/raw/Garbage_Dataset_Classification/images/glass/glass_02827.jpg,trash,glass,kaggle
../data/raw/Garbage_Dataset_Classification/images/metal/metal_00335.jpg,metal_plastic,metal,kaggle
../data/raw/Garbage_Dataset_Classification/images/glass/glass_00830.jpg,trash,glass,kaggle
../data/raw/Garbage_Dataset_Classification/images/glass/glass_02592.jpg,trash,glass,kaggle
../data/raw/Garbage_Dataset_Classification/images/cardboard/cardboard_01993.jpg,cardboard_paper,cardboard,kaggle
../data/raw/Garbage_Dataset_Classification/images/cardboard/cardboard_01373.jpg,cardboard_paper,cardboard,kaggle
../data/raw/Garbage_Dataset_Classification/images/plastic/plastic_01593.jpg,metal_plastic,plastic,kaggle
../data/raw/Garbage_Dataset_Classification/images/plastic/plastic_02691.jpg,metal_plastic,plastic,kaggle
../data/raw/Garbage_Dataset_Classification/images/glass/glass_04687.jpg,trash,glass,kaggle
../data/raw/Garbage_Dataset_Classification/images/glass/glass_04977.jpg,trash,glass,kaggle
../data/raw/Garbage_Dataset_Classification/images/cardboard/cardboard_02973.jpg,cardboard_paper,cardboard,kaggle
../data/raw/Garbage_Dataset_Classification/images/paper/paper_02674.jpg,cardboard_paper,paper,kaggle
../data/raw/Garbage_Dataset_Classification/images/paper/paper_01444.jpg,cardboard_paper,paper,kaggle
../data/raw/Garbage_Dataset_Classification/images/paper/paper_03219.jpg,cardboard_paper,paper,kaggle
../data/raw/Garbage_Dataset_Classification/images/paper/paper_02332.jpg,cardboard_paper,paper,kaggle
../data/raw/Garbage_Dataset_Classification/images/trash/trash_15784.jpg,trash,trash,kaggle
../data/raw/Garbage_Dataset_Classification/images/paper/paper_02938.jpg,cardboard_paper,paper,kaggle
../data/raw/Garbage_Dataset_Classification/images/plastic/plastic_02243.jpg,metal_plastic,plastic,kaggle
../data/raw/Garbage_Dataset_Classification/images/cardboard/cardboard_02216.jpg,cardboard_paper,cardboard,kaggle
../data/raw/Garbage_Dataset_Classification/images/paper/paper_02157.jpg,cardboard_paper,paper,kaggle
../data/raw/Garbage_Dataset_Classification/images/plastic/plastic_02874.jpg,metal_plastic,plastic,kaggle
../data/raw/Garbage_Dataset_Classification/images/paper/paper_02669.jpg,cardboard_paper,paper,kaggle
../data/raw/Garbage_Dataset_Classification/images/cardboard/cardboard_01879.jpg,cardboard_paper,cardboard,kaggle
../data/raw/Garbage_Dataset_Classification/images/glass/glass_01847.jpg,trash,glass,kaggle
../data/raw/Garbage_Dataset_Classification/images/glass/glass_00079.jpg,trash,glass,kaggle
../data/raw/Garbage_Dataset_Classification/images/cardboard/cardboard_02148.jpg,cardboard_paper,cardboard,kaggle
../data/raw/Garbage_Dataset_Classification/images/trash/trash_08653.jpg,trash,trash,kaggle
../data/raw/Garbage_Dataset_Classification/images/metal/metal_01237.jpg,metal_plastic,metal,kaggle
../data/raw/Garbage_Dataset_Classification/images/glass/glass_03152.jpg,trash,glass,kaggle
../data/raw/Garbage_Dataset_Classification/images/trash/trash_02345.jpg,trash,trash,kaggle
../data/raw/Garbage_Dataset_Classification/images/paper/paper_01561.jpg,cardboard_paper,paper,kaggle
../data/raw/Garbage_Dataset_Classification/images/paper/paper_01976.jpg,cardboard_paper,paper,kaggle
../data/raw/Garbage_Dataset_Classification/images/plastic/plastic_02252.jpg,metal_plastic,plastic,kaggle
../data/raw/Garbage_Dataset_Classification/images/metal/metal_01781.jpg,metal_plastic,metal,kaggle
../data/raw/Garbage_Dataset_Classification/images/paper/paper_02124.jpg,cardboard_paper,paper,kaggle
../data/raw/Garbage_Dataset_Classification/images/metal/metal_02470.jpg,metal_plastic,metal,kaggle
../data/raw/Garbage_Dataset_Classification/images/trash/trash_05159.jpg,trash,trash,kaggle
../data/raw/Garbage_Dataset_Classification/images/paper/paper_02829.jpg,cardboard_paper,paper,kaggle
../data/raw/Garbage_Dataset_Classification/images/metal/metal_00566.jpg,metal_plastic,metal,kaggle
../data/raw/Garbage_Dataset_Classification/images/trash/trash_15069.jpg,trash,trash,kaggle
../data/raw/Garbage_Dataset_Classification/images/paper/paper_03296.jpg,cardboard_paper,paper,kaggle
../data/raw/Garbage_Dataset_Classification/images/trash/trash_16751.jpg,trash,trash,kaggle
../data/raw/Garbage_Dataset_Classification/images/metal/metal_02477.jpg,metal_plastic,metal,kaggle
../data/raw/Garbage_Dataset_Classification/images/cardboard/cardboard_02814.jpg,cardboard_paper,cardboard,kaggle
../data/raw/Garbage_Dataset_Classification/images/paper/paper_01963.jpg,cardboard_paper,paper,kaggle
../data/raw/Garbage_Dataset_Classification/images/glass/glass_01655.jpg,trash,glass,kaggle
../data/raw/Garbage_Dataset_Classification/images/glass/glass_00771.jpg,trash,glass,kaggle
../data/raw/Garbage_Dataset_Classification/images/glass/glass_01854.jpg,trash,glass,kaggle
../data/raw/Garbage_Dataset_Classification/images/paper/paper_02208.jpg,cardboard_paper,paper,kaggle
../data/raw/Garbage_Dataset_Classification/images/plastic/plastic_02847.jpg,metal_plastic,plastic,kaggle
../data/raw/Garbage_Dataset_Classification/images/glass/glass_05012.jpg,trash,glass,kaggle
../data/raw/Garbage_Dataset_Classification/images/cardboard/cardboard_01774.jpg,cardboard_paper,cardboard,kaggle
../data/raw/Garbage_Dataset_Classification/images/trash/trash_06249.jpg,trash,trash,kaggle
../data/raw/Garbage_Dataset_Classification/images/paper/paper_00597.jpg,cardboard_paper,paper,kaggle
../data/raw/Garbage_Dataset_Classification/images/plastic/plastic_02882.jpg,metal_plastic,plastic,kaggle
../data/raw/Garbage_Dataset_Classification/images/glass/glass_03713.jpg,trash,glass,kaggle
../data/raw/Garbage_Dataset_Classification/images/paper/paper_02730.jpg,cardboard_paper,paper,kaggle
../data/raw/Garbage_Dataset_Classification/images/metal/metal_01273.jpg,metal_plastic,metal,kaggle
../data/raw/Garbage_Dataset_Classification/images/cardboard/cardboard_02704.jpg,cardboard_paper,cardboard,kaggle
../data/raw/Garbage_Dataset_Classification/images/glass/glass_00194.jpg,trash,glass,kaggle
../data/raw/Garbage_Dataset_Classification/images/metal/metal_02583.jpg,metal_plastic,metal,kaggle
../data/raw/Garbage_Dataset_Classification/images/metal/metal_02036.jpg,metal_plastic,metal,kaggle
../data/raw/Garbage_Dataset_Classification/images/trash/trash_10461.jpg,trash,trash,kaggle
../data/raw/Garbage_Dataset_Classification/images/trash/trash_05367.jpg,trash,trash,kaggle
../data/raw/Garbage_Dataset_Classification/images/plastic/plastic_00617.jpg,metal_plastic,plastic,kaggle
../data/raw/Garbage_Dataset_Classification/images/glass/glass_02855.jpg,trash,glass,kaggle
../data/raw/Garbage_Dataset_Classification/images/trash/trash_06459.jpg,trash,trash,kaggle
../data/raw/Garbage_Dataset_Classification/images/cardboard/cardboard_02008.jpg,cardboard_paper,cardboard,kaggle
../data/raw/Garbage_Dataset_Classification/images/paper/paper_00640.jpg,cardboard_paper,paper,kaggle
../data/raw/Garbage_Dataset_Classification/images/trash/trash_10144.jpg,trash,trash,kaggle
../data/raw/Garbage_Dataset_Classification/images/plastic/plastic_01724.jpg,metal_plastic,plastic,kaggle
../data/raw/Garbage_Dataset_Classification/images/paper/paper_00109.jpg,cardboard_paper,paper,kaggle
../data/raw/Garbage_Dataset_Classification/images/glass/glass_00707.jpg,trash,glass,kaggle
../data/raw/Garbage_Dataset_Classification/images/metal/metal_01899.jpg,metal_plastic,metal,kaggle
../data/raw/Garbage_Dataset_Classification/images/plastic/plastic_02273.jpg,metal_plastic,plastic,kaggle
../data/raw/Garbage_Dataset_Classification/images/trash/trash_10743.jpg,trash,trash,kaggle
../data/raw/Garbage_Dataset_Classification/images/trash/trash_16844.jpg,trash,trash,kaggle
../data/raw/Garbage_Dataset_Classification/images/plastic/plastic_00978.jpg,metal_plastic,plastic,kaggle
../data/raw/Garbage_Dataset_Classification/images/cardboard/cardboard_02675.jpg,cardboard_paper,cardboard,kaggle
../data/raw/Garbage_Dataset_Classification/images/metal/metal_02662.jpg,metal_plastic,metal,kaggle
../data/raw/Garbage_Dataset_Classification/images/glass/glass_04035.jpg,trash,glass,kaggle
../data/raw/Garbage_Dataset_Classification/images/plastic/plastic_01652.jpg,metal_plastic,plastic,kaggle
../data/raw/Garbage_Dataset_Classification/images/trash/trash_18262.jpg,trash,trash,kaggle
../data/raw/Garbage_Dataset_Classification/images/metal/metal_02332.jpg,metal_plastic,metal,kaggle
../data/raw/Garbage_Dataset_Classification/images/cardboard/cardboard_01922.jpg,cardboard_paper,cardboard,kaggle
../data/raw/Garbage_Dataset_Classification/images/plastic/plastic_02760.jpg,metal_plastic,plastic,kaggle
../data/raw/Garbage_Dataset_Classification/images/cardboard/cardboard_02876.jpg,cardboard_paper,cardboard,kaggle
../data/raw/Garbage_Dataset_Classification/images/trash/trash_07574.jpg,trash,trash,kaggle
../data/raw/Garbage_Dataset_Classification/images/cardboard/cardboard_01400.jpg,cardboard_paper,cardboard,kaggle
../data/raw/Garbage_Dataset_Classification/images/glass/glass_05074.jpg,trash,glass,kaggle
../data/raw/Garbage_Dataset_Classification/images/plastic/plastic_01722.jpg,metal_plastic,plastic,kaggle
../data/raw/Garbage_Dataset_Classification/images/plastic/plastic_00547.jpg,metal_plastic,plastic,kaggle
../data/raw/Garbage_Dataset_Classification/images/plastic/plastic_01089.jpg,metal_plastic,plastic,kaggle
../data/raw/Garbage_Dataset_Classification/images/metal/metal_02534.jpg,metal_plastic,metal,kaggle
../data/raw/Garbage_Dataset_Classification/images/paper/paper_01649.jpg,cardboard_paper,paper,kaggle
../data/raw/Garbage_Dataset_Classification/images/glass/glass_05438.jpg,trash,glass,kaggle
../data/raw/Garbage_Dataset_Classification/images/paper/paper_01196.jpg,cardboard_paper,paper,kaggle
../data/raw/Garbage_Dataset_Classification/images/trash/trash_05106.jpg,trash,trash,kaggle
../data/raw/Garbage_Dataset_Classification/images/cardboard/cardboard_01560.jpg,cardboard_paper,cardboard,kaggle
../data/raw/Garbage_Dataset_Classification/images/trash/trash_08979.jpg,trash,trash,kaggle
../data/raw/Garbage_Dataset_Classification/images/plastic/plastic_02341.jpg,metal_plastic,plastic,kaggle
../data/raw/Garbage_Dataset_Classification/images/paper/paper_01030.jpg,cardboard_paper,paper,kaggle
../data/raw/Garbage_Dataset_Classification/images/metal/metal_01429.jpg,metal_plastic,metal,kaggle
../data/raw/Garbage_Dataset_Classification/images/cardboard/cardboard_01589.jpg,cardboard_paper,cardboard,kaggle
../data/raw/Garbage_Dataset_Classification/images/paper/paper_01400.jpg,cardboard_paper,paper,kaggle
../data/raw/Garbage_Dataset_Classification/images/plastic/plastic_02349.jpg,metal_plastic,plastic,kaggle
../data/raw/Garbage_Dataset_Classification/images/glass/glass_00591.jpg,trash,glass,kaggle
../data/raw/Garbage_Dataset_Classification/images/cardboard/cardboard_01939.jpg,cardboard_paper,cardboard,kaggle
../data/raw/Garbage_Dataset_Classification/images/paper/paper_02714.jpg,cardboard_paper,paper,kaggle
../data/raw/Garbage_Dataset_Classification/images/metal/metal_01321.jpg,metal_plastic,metal,kaggle
../data/raw/Garbage_Dataset_Classification/images/glass/glass_04707.jpg,trash,glass,kaggle
../data/raw/Garbage_Dataset_Classification/images/glass/glass_02920.jpg,trash,glass,kaggle
../data/raw/Garbage_Dataset_Classification/images/trash/trash_06904.jpg,trash,trash,kaggle
../data/raw/Garbage_Dataset_Classification/images/glass/glass_00361.jpg,trash,glass,kaggle
../data/raw/Garbage_Dataset_Classification/images/plastic/plastic_00888.jpg,metal_plastic,plastic,kaggle
../data/raw/Garbage_Dataset_Classification/images/paper/paper_01904.jpg,cardboard_paper,paper,kaggle
../data/raw/Garbage_Dataset_Classification/images/cardboard/cardboard_02606.jpg,cardboard_paper,cardboard,kaggle
../data/raw/Garbage_Dataset_Classification/images/cardboard/cardboard_00407.jpg,cardboard_paper,cardboard,kaggle
../data/raw/Garbage_Dataset_Classification/images/glass/glass_00809.jpg,trash,glass,kaggle
../data/raw/Garbage_Dataset_Classification/images/plastic/plastic_01806.jpg,metal_plastic,plastic,kaggle
../data/raw/Garbage_Dataset_Classification/images/metal/metal_02628.jpg,metal_plastic,metal,kaggle
../data/raw/Garbage_Dataset_Classification/images/trash/trash_11273.jpg,trash,trash,kaggle
../data/raw/Garbage_Dataset_Classification/images/glass/glass_00813.jpg,trash,glass,kaggle
../data/raw/Garbage_Dataset_Classification/images/glass/glass_00739.jpg,trash,glass,kaggle
../data/raw/Garbage_Dataset_Classification/images/plastic/plastic_02230.jpg,metal_plastic,plastic,kaggle
../data/raw/Garbage_Dataset_Classification/images/glass/glass_05265.jpg,trash,glass,kaggle
../data/raw/Garbage_Dataset_Classification/images/trash/trash_10627.jpg,trash,trash,kaggle
../data/raw/Garbage_Dataset_Classification/images/glass/glass_01262.jpg,trash,glass,kaggle
../data/raw/Garbage_Dataset_Classification/images/plastic/plastic_02576.jpg,metal_plastic,plastic,kaggle
../data/raw/Garbage_Dataset_Classification/images/cardboard/cardboard_02527.jpg,cardboard_paper,cardboard,kaggle
../data/raw/Garbage_Dataset_Classification/images/glass/glass_04758.jpg,trash,glass,kaggle
../data/raw/Garbage_Dataset_Classification/images/trash/trash_14033.jpg,trash,trash,kaggle
../data/raw/Garbage_Dataset_Classification/images/metal/metal_02608.jpg,metal_plastic,metal,kaggle
../data/raw/Garbage_Dataset_Classification/images/trash/trash_00359.jpg,trash,trash,kaggle
../data/raw/Garbage_Dataset_Classification/images/trash/trash_17866.jpg,trash,trash,kaggle
../data/raw/Garbage_Dataset_Classification/images/cardboard/cardboard_01770.jpg,cardboard_paper,cardboard,kaggle
../data/raw/Garbage_Dataset_Classification/images/paper/paper_01907.jpg,cardboard_paper,paper,kaggle
../data/raw/Garbage_Dataset_Classification/images/plastic/plastic_01973.jpg,metal_plastic,plastic,kaggle
../data/raw/Garbage_Dataset_Classification/images/trash/trash_03294.jpg,trash,trash,kaggle
../data/raw/Garbage_Dataset_Classification/images/metal/metal_01665.jpg,metal_plastic,metal,kaggle
../data/custom/ecoglasses/2D7386F8-DF56-4617-A47F-C2C1C7C3192A_1_105_c.jpeg,ecoglasses,custom_ecoglasses,custom
../data/raw/Garbage_Dataset_Classification/images/cardboard/cardboard_02291.jpg,cardboard_paper,cardboard,kaggle
../data/raw/Garbage_Dataset_Classification/images/glass/glass_02864.jpg,trash,glass,kaggle
../data/raw/Garbage_Dataset_Classification/images/cardboard/cardboard_01849.jpg,cardboard_paper,cardboard,kaggle
../data/raw/Garbage_Dataset_Classification/images/paper/paper_01426.jpg,cardboard_paper,paper,kaggle
../data/raw/Garbage_Dataset_Classification/images/trash/trash_10489.jpg,trash,trash,kaggle
../data/raw/Garbage_Dataset_Classification/images/metal/metal_02545.jpg,metal_plastic,metal,kaggle
../data/raw/Garbage_Dataset_Classification/images/metal/metal_02286.jpg,metal_plastic,metal,kaggle
../data/raw/Garbage_Dataset_Classification/images/trash/trash_15381.jpg,trash,trash,kaggle
../data/raw/Garbage_Dataset_Classification/images/trash/trash_16797.jpg,trash,trash,kaggle
../data/raw/Garbage_Dataset_Classification/images/cardboard/cardboard_01132.jpg,cardboard_paper,cardboard,kaggle
../data/raw/Garbage_Dataset_Classification/images/paper/paper_02405.jpg,cardboard_paper,paper,kaggle
../data/raw/Garbage_Dataset_Classification/images/trash/trash_08865.jpg,trash,trash,kaggle
../data/raw/Garbage_Dataset_Classification/images/trash/trash_10482.jpg,trash,trash,kaggle
../data/raw/Garbage_Dataset_Classification/images/glass/glass_01862.jpg,trash,glass,kaggle
../data/raw/Garbage_Dataset_Classification/images/trash/trash_08491.jpg,trash,trash,kaggle
../data/raw/Garbage_Dataset_Classification/images/paper/paper_00904.jpg,cardboard_paper,paper,kaggle
../data/raw/Garbage_Dataset_Classification/images/glass/glass_04385.jpg,trash,glass,kaggle
../data/raw/Garbage_Dataset_Classification/images/trash/trash_02244.jpg,trash,trash,kaggle
../data/raw/Garbage_Dataset_Classification/images/cardboard/cardboard_02250.jpg,cardboard_paper,cardboard,kaggle
../data/raw/Garbage_Dataset_Classification/images/cardboard/cardboard_02435.jpg,cardboard_paper,cardboard,kaggle
../data/raw/Garbage_Dataset_Classification/images/plastic/plastic_03198.jpg,metal_plastic,plastic,kaggle
../data/raw/Garbage_Dataset_Classification/images/paper/paper_01628.jpg,cardboard_paper,paper,kaggle
../data/raw/Garbage_Dataset_Classification/images/paper/paper_00028.jpg,cardboard_paper,paper,kaggle
../data/raw/Garbage_Dataset_Classification/images/cardboard/cardboard_02852.jpg,cardboard_paper,cardboard,kaggle
../data/raw/Garbage_Dataset_Classification/images/paper/paper_02607.jpg,cardboard_paper,paper,kaggle
../data/raw/Garbage_Dataset_Classification/images/trash/trash_06081.jpg,trash,trash,kaggle
../data/raw/Garbage_Dataset_Classification/images/paper/paper_02362.jpg,cardboard_paper,paper,kaggle
../data/raw/Garbage_Dataset_Classification/images/cardboard/cardboard_02458.jpg,cardboard_paper,cardboard,kaggle
../data/raw/Garbage_Dataset_Classification/images/glass/glass_05467.jpg,trash,glass,kaggle
../data/raw/Garbage_Dataset_Classification/images/trash/trash_01407.jpg,trash,trash,kaggle
../data/raw/Garbage_Dataset_Classification/images/paper/paper_01463.jpg,cardboard_paper,paper,kaggle
../data/raw/Garbage_Dataset_Classification/images/metal/metal_00012.jpg,metal_plastic,metal,kaggle
../data/raw/Garbage_Dataset_Classification/images/trash/trash_15860.jpg,trash,trash,kaggle
../data/raw/Garbage_Dataset_Classification/images/metal/metal_00072.jpg,metal_plastic,metal,kaggle
../data/raw/Garbage_Dataset_Classification/images/metal/metal_01715.jpg,metal_plastic,metal,kaggle
../data/raw/Garbage_Dataset_Classification/images/cardboard/cardboard_00892.jpg,cardboard_paper,cardboard,kaggle
../data/raw/Garbage_Dataset_Classification/images/glass/glass_02709.jpg,trash,glass,kaggle
../data/raw/Garbage_Dataset_Classification/images/metal/metal_01103.jpg,metal_plastic,metal,kaggle
../data/raw/Garbage_Dataset_Classification/images/trash/trash_03004.jpg,trash,trash,kaggle
../data/raw/Garbage_Dataset_Classification/images/plastic/plastic_02406.jpg,metal_plastic,plastic,kaggle
../data/raw/Garbage_Dataset_Classification/images/plastic/plastic_02444.jpg,metal_plastic,plastic,kaggle
../data/raw/Garbage_Dataset_Classification/images/trash/trash_03954.jpg,trash,trash,kaggle
../data/raw/Garbage_Dataset_Classification/images/plastic/plastic_00175.jpg,metal_plastic,plastic,kaggle
../data/raw/Garbage_Dataset_Classification/images/glass/glass_01564.jpg,trash,glass,kaggle
../data/raw/Garbage_Dataset_Classification/images/glass/glass_03752.jpg,trash,glass,kaggle
../data/raw/Garbage_Dataset_Classification/images/plastic/plastic_00337.jpg,metal_plastic,plastic,kaggle
../data/raw/Garbage_Dataset_Classification/images/plastic/plastic_01005.jpg,metal_plastic,plastic,kaggle
../data/raw/Garbage_Dataset_Classification/images/trash/trash_14822.jpg,trash,trash,kaggle
../data/raw/Garbage_Dataset_Classification/images/cardboard/cardboard_00975.jpg,cardboard_paper,cardboard,kaggle
../data/raw/Garbage_Dataset_Classification/images/paper/paper_02419.jpg,cardboard_paper,paper,kaggle
../data/raw/Garbage_Dataset_Classification/images/plastic/plastic_00522.jpg,metal_plastic,plastic,kaggle
../data/raw/Garbage_Dataset_Classification/images/glass/glass_02741.jpg,trash,glass,kaggle
../data/raw/Garbage_Dataset_Classification/images/trash/trash_12310.jpg,trash,trash,kaggle
../data/raw/Garbage_Dataset_Classification/images/cardboard/cardboard_02913.jpg,cardboard_paper,cardboard,kaggle
../data/raw/Garbage_Dataset_Classification/images/paper/paper_02941.jpg,cardboard_paper,paper,kaggle
../data/raw/Garbage_Dataset_Classification/images/trash/trash_08819.jpg,trash,trash,kaggle
../data/raw/Garbage_Dataset_Classification/images/metal/metal_01616.jpg,metal_plastic,metal,kaggle
../data/raw/Garbage_Dataset_Classification/images/glass/glass_04058.jpg,trash,glass,kaggle
../data/raw/Garbage_Dataset_Classification/images/glass/glass_03162.jpg,trash,glass,kaggle
../data/raw/Garbage_Dataset_Classification/images/paper/paper_02640.jpg,cardboard_paper,paper,kaggle
../data/raw/Garbage_Dataset_Classification/images/trash/trash_07849.jpg,trash,trash,kaggle
../data/raw/Garbage_Dataset_Classification/images/cardboard/cardboard_00844.jpg,cardboard_paper,cardboard,kaggle
../data/raw/Garbage_Dataset_Classification/images/plastic/plastic_01939.jpg,metal_plastic,plastic,kaggle
../data/raw/Garbage_Dataset_Classification/images/metal/metal_02318.jpg,metal_plastic,metal,kaggle
../data/raw/Garbage_Dataset_Classification/images/cardboard/cardboard_00791.jpg,cardboard_paper,cardboard,kaggle
../data/raw/Garbage_Dataset_Classification/images/plastic/plastic_01464.jpg,metal_plastic,plastic,kaggle
../data/raw/Garbage_Dataset_Classification/images/cardboard/cardboard_01565.jpg,cardboard_paper,cardboard,kaggle
../data/raw/Garbage_Dataset_Classification/images/glass/glass_03894.jpg,trash,glass,kaggle
../data/raw/Garbage_Dataset_Classification/images/glass/glass_01485.jpg,trash,glass,kaggle
../data/raw/Garbage_Dataset_Classification/images/metal/metal_01996.jpg,metal_plastic,metal,kaggle
../data/raw/Garbage_Dataset_Classification/images/trash/trash_13955.jpg,trash,trash,kaggle
../data/raw/Garbage_Dataset_Classification/images/paper/paper_01714.jpg,cardboard_paper,paper,kaggle
../data/raw/Garbage_Dataset_Classification/images/trash/trash_17628.jpg,trash,trash,kaggle
../data/raw/Garbage_Dataset_Classification/images/trash/trash_07197.jpg,trash,trash,kaggle
../data/raw/Garbage_Dataset_Classification/images/cardboard/cardboard_00954.jpg,cardboard_paper,cardboard,kaggle
../data/raw/Garbage_Dataset_Classification/images/paper/paper_03226.jpg,cardboard_paper,paper,kaggle
../data/raw/Garbage_Dataset_Classification/images/plastic/plastic_00594.jpg,metal_plastic,plastic,kaggle
../data/raw/Garbage_Dataset_Classification/images/trash/trash_15582.jpg,trash,trash,kaggle
../data/raw/Garbage_Dataset_Classification/images/paper/paper_02609.jpg,cardboard_paper,paper,kaggle
../data/raw/Garbage_Dataset_Classification/images/plastic/plastic_02580.jpg,metal_plastic,plastic,kaggle
../data/raw/Garbage_Dataset_Classification/images/glass/glass_02875.jpg,trash,glass,kaggle
../data/raw/Garbage_Dataset_Classification/images/glass/glass_03537.jpg,trash,glass,kaggle
../data/raw/Garbage_Dataset_Classification/images/metal/metal_00421.jpg,metal_plastic,metal,kaggle
../data/raw/Garbage_Dataset_Classification/images/plastic/plastic_00361.jpg,metal_plastic,plastic,kaggle
../data/raw/Garbage_Dataset_Classification/images/cardboard/cardboard_02090.jpg,cardboard_paper,cardboard,kaggle
../data/raw/Garbage_Dataset_Classification/images/cardboard/cardboard_01336.jpg,cardboard_paper,cardboard,kaggle
../data/raw/Garbage_Dataset_Classification/images/metal/metal_02147.jpg,metal_plastic,metal,kaggle
../data/raw/Garbage_Dataset_Classification/images/glass/glass_02086.jpg,trash,glass,kaggle
../data/raw/Garbage_Dataset_Classification/images/cardboard/cardboard_01585.jpg,cardboard_paper,cardboard,kaggle
../data/raw/Garbage_Dataset_Classification/images/paper/paper_01949.jpg,cardboard_paper,paper,kaggle
../data/raw/Garbage_Dataset_Classification/images/cardboard/cardboard_02550.jpg,cardboard_paper,cardboard,kaggle
../data/raw/Garbage_Dataset_Classification/images/trash/trash_01951.jpg,trash,trash,kaggle
../data/raw/Garbage_Dataset_Classification/images/trash/trash_06719.jpg,trash,trash,kaggle
../data/raw/Garbage_Dataset_Classification/images/metal/metal_02690.jpg,metal_plastic,metal,kaggle
../data/raw/Garbage_Dataset_Classification/images/plastic/plastic_03047.jpg,metal_plastic,plastic,kaggle
../data/raw/Garbage_Dataset_Classification/images/paper/paper_02219.jpg,cardboard_paper,paper,kaggle
../data/raw/Garbage_Dataset_Classification/images/trash/trash_00931.jpg,trash,trash,kaggle
../data/raw/Garbage_Dataset_Classification/images/trash/trash_08922.jpg,trash,trash,kaggle
../data/raw/Garbage_Dataset_Classification/images/cardboard/cardboard_01911.jpg,cardboard_paper,cardboard,kaggle
../data/raw/Garbage_Dataset_Classification/images/paper/paper_00785.jpg,cardboard_paper,paper,kaggle
../data/raw/Garbage_Dataset_Classification/images/plastic/plastic_03279.jpg,metal_plastic,plastic,kaggle
../data/raw/Garbage_Dataset_Classification/images/paper/paper_02737.jpg,cardboard_paper,paper,kaggle
../data/raw/Garbage_Dataset_Classification/images/plastic/plastic_01864.jpg,metal_plastic,plastic,kaggle
../data/raw/Garbage_Dataset_Classification/images/paper/paper_02181.jpg,cardboard_paper,paper,kaggle
../data/raw/Garbage_Dataset_Classification/images/glass/glass_03604.jpg,trash,glass,kaggle
../data/raw/Garbage_Dataset_Classification/images/cardboard/cardboard_02817.jpg,cardboard_paper,cardboard,kaggle
../data/raw/Garbage_Dataset_Classification/images/cardboard/cardboard_00001.jpg,cardboard_paper,cardboard,kaggle
../data/raw/Garbage_Dataset_Classification/images/cardboard/cardboard_03104.jpg,cardboard_paper,cardboard,kaggle
../data/raw/Garbage_Dataset_Classification/images/plastic/plastic_02054.jpg,metal_plastic,plastic,kaggle
../data/raw/Garbage_Dataset_Classification/images/trash/trash_02471.jpg,trash,trash,kaggle
../data/raw/Garbage_Dataset_Classification/images/metal/metal_02001.jpg,metal_plastic,metal,kaggle
../data/raw/Garbage_Dataset_Classification/images/trash/trash_06424.jpg,trash,trash,kaggle
../data/raw/Garbage_Dataset_Classification/images/trash/trash_00455.jpg,trash,trash,kaggle
../data/raw/Garbage_Dataset_Classification/images/cardboard/cardboard_00907.jpg,cardboard_paper,cardboard,kaggle
../data/raw/Garbage_Dataset_Classification/images/glass/glass_02145.jpg,trash,glass,kaggle
../data/raw/Garbage_Dataset_Classification/images/metal/metal_01339.jpg,metal_plastic,metal,kaggle
../data/raw/Garbage_Dataset_Classification/images/metal/metal_01226.jpg,metal_plastic,metal,kaggle
../data/raw/Garbage_Dataset_Classification/images/metal/metal_00333.jpg,metal_plastic,metal,kaggle
../data/raw/Garbage_Dataset_Classification/images/metal/metal_02342.jpg,metal_plastic,metal,kaggle
../data/raw/Garbage_Dataset_Classification/images/metal/metal_02173.jpg,metal_plastic,metal,kaggle
../data/raw/Garbage_Dataset_Classification/images/cardboard/cardboard_00781.jpg,cardboard_paper,cardboard,kaggle
../data/raw/Garbage_Dataset_Classification/images/paper/paper_00807.jpg,cardboard_paper,paper,kaggle
../data/raw/Garbage_Dataset_Classification/images/paper/paper_02140.jpg,cardboard_paper,paper,kaggle
../data/raw/Garbage_Dataset_Classification/images/trash/trash_00718.jpg,trash,trash,kaggle
../data/raw/Garbage_Dataset_Classification/images/plastic/plastic_01682.jpg,metal_plastic,plastic,kaggle
../data/raw/Garbage_Dataset_Classification/images/paper/paper_01239.jpg,cardboard_paper,paper,kaggle
../data/raw/Garbage_Dataset_Classification/images/trash/trash_00441.jpg,trash,trash,kaggle
../data/raw/Garbage_Dataset_Classification/images/plastic/plastic_01004.jpg,metal_plastic,plastic,kaggle
../data/raw/Garbage_Dataset_Classification/images/plastic/plastic_03222.jpg,metal_plastic,plastic,kaggle
../data/raw/Garbage_Dataset_Classification/images/paper/paper_03010.jpg,cardboard_paper,paper,kaggle
../data/raw/Garbage_Dataset_Classification/images/glass/glass_04976.jpg,trash,glass,kaggle
../data/raw/Garbage_Dataset_Classification/images/plastic/plastic_02107.jpg,metal_plastic,plastic,kaggle
../data/raw/Garbage_Dataset_Classification/images/trash/trash_17508.jpg,trash,trash,kaggle
../data/raw/Garbage_Dataset_Classification/images/paper/paper_02648.jpg,cardboard_paper,paper,kaggle
../data/raw/Garbage_Dataset_Classification/images/glass/glass_02590.jpg,trash,glass,kaggle
../data/raw/Garbage_Dataset_Classification/images/paper/paper_02882.jpg,cardboard_paper,paper,kaggle
../data/raw/Garbage_Dataset_Classification/images/cardboard/cardboard_02559.jpg,cardboard_paper,cardboard,kaggle
../data/raw/Garbage_Dataset_Classification/images/cardboard/cardboard_02564.jpg,cardboard_paper,cardboard,kaggle
../data/raw/Garbage_Dataset_Classification/images/glass/glass_05080.jpg,trash,glass,kaggle
../data/raw/Garbage_Dataset_Classification/images/metal/metal_01184.jpg,metal_plastic,metal,kaggle
../data/raw/Garbage_Dataset_Classification/images/cardboard/cardboard_00539.jpg,cardboard_paper,cardboard,kaggle
../data/raw/Garbage_Dataset_Classification/images/paper/paper_00222.jpg,cardboard_paper,paper,kaggle
../data/raw/Garbage_Dataset_Classification/images/plastic/plastic_00681.jpg,metal_plastic,plastic,kaggle
../data/raw/Garbage_Dataset_Classification/images/trash/trash_08368.jpg,trash,trash,kaggle
../data/raw/Garbage_Dataset_Classification/images/paper/paper_03168.jpg,cardboard_paper,paper,kaggle
../data/raw/Garbage_Dataset_Classification/images/plastic/plastic_01441.jpg,metal_plastic,plastic,kaggle
../data/raw/Garbage_Dataset_Classification/images/cardboard/cardboard_01571.jpg,cardboard_paper,cardboard,kaggle
../data/raw/Garbage_Dataset_Classification/images/cardboard/cardboard_01046.jpg,cardboard_paper,cardboard,kaggle
../data/raw/Garbage_Dataset_Classification/images/metal/metal_02451.jpg,metal_plastic,metal,kaggle
../data/raw/Garbage_Dataset_Classification/images/trash/trash_15799.jpg,trash,trash,kaggle
../data/raw/Garbage_Dataset_Classification/images/trash/trash_03364.jpg,trash,trash,kaggle
../data/raw/Garbage_Dataset_Classification/images/cardboard/cardboard_00745.jpg,cardboard_paper,cardboard,kaggle
../data/raw/Garbage_Dataset_Classification/images/glass/glass_01899.jpg,trash,glass,kaggle
../data/raw/Garbage_Dataset_Classification/images/paper/paper_01295.jpg,cardboard_paper,paper,kaggle
../data/raw/Garbage_Dataset_Classification/images/cardboard/cardboard_00025.jpg,cardboard_paper,cardboard,kaggle
../data/raw/Garbage_Dataset_Classification/images/cardboard/cardboard_01725.jpg,cardboard_paper,cardboard,kaggle
../data/raw/Garbage_Dataset_Classification/images/glass/glass_04230.jpg,trash,glass,kaggle
../data/raw/Garbage_Dataset_Classification/images/metal/metal_01396.jpg,metal_plastic,metal,kaggle
../data/raw/Garbage_Dataset_Classification/images/glass/glass_04475.jpg,trash,glass,kaggle
../data/raw/Garbage_Dataset_Classification/images/metal/metal_00307.jpg,metal_plastic,metal,kaggle
../data/raw/Garbage_Dataset_Classification/images/trash/trash_08828.jpg,trash,trash,kaggle
../data/raw/Garbage_Dataset_Classification/images/paper/paper_02133.jpg,cardboard_paper,paper,kaggle
../data/raw/Garbage_Dataset_Classification/images/plastic/plastic_01500.jpg,metal_plastic,plastic,kaggle
../data/raw/Garbage_Dataset_Classification/images/plastic/plastic_02337.jpg,metal_plastic,plastic,kaggle
../data/raw/Garbage_Dataset_Classification/images/metal/metal_01673.jpg,metal_plastic,metal,kaggle
../data/raw/Garbage_Dataset_Classification/images/metal/metal_02600.jpg,metal_plastic,metal,kaggle
../data/raw/Garbage_Dataset_Classification/images/trash/trash_09553.jpg,trash,trash,kaggle
../data/raw/Garbage_Dataset_Classification/images/metal/metal_01064.jpg,metal_plastic,metal,kaggle
../data/raw/Garbage_Dataset_Classification/images/plastic/plastic_02492.jpg,metal_plastic,plastic,kaggle
../data/raw/Garbage_Dataset_Classification/images/cardboard/cardboard_01936.jpg,cardboard_paper,cardboard,kaggle
../data/raw/Garbage_Dataset_Classification/images/trash/trash_06803.jpg,trash,trash,kaggle
../data/raw/Garbage_Dataset_Classification/images/glass/glass_02998.jpg,trash,glass,kaggle
../data/raw/Garbage_Dataset_Classification/images/paper/paper_02279.jpg,cardboard_paper,paper,kaggle
../data/raw/Garbage_Dataset_Classification/images/cardboard/cardboard_00790.jpg,cardboard_paper,cardboard,kaggle
../data/raw/Garbage_Dataset_Classification/images/cardboard/cardboard_02736.jpg,cardboard_paper,cardboard,kaggle
../data/raw/Garbage_Dataset_Classification/images/plastic/plastic_03147.jpg,metal_plastic,plastic,kaggle
../data/raw/Garbage_Dataset_Classification/images/paper/paper_01403.jpg,cardboard_paper,paper,kaggle
../data/raw/Garbage_Dataset_Classification/images/paper/paper_01287.jpg,cardboard_paper,paper,kaggle
../data/raw/Garbage_Dataset_Classification/images/metal/metal_01747.jpg,metal_plastic,metal,kaggle
../data/raw/Garbage_Dataset_Classification/images/paper/paper_02717.jpg,cardboard_paper,paper,kaggle
../data/raw/Garbage_Dataset_Classification/images/trash/trash_11418.jpg,trash,trash,kaggle
../data/raw/Garbage_Dataset_Classification/images/plastic/plastic_02125.jpg,metal_plastic,plastic,kaggle
../data/raw/Garbage_Dataset_Classification/images/cardboard/cardboard_02684.jpg,cardboard_paper,cardboard,kaggle
../data/raw/Garbage_Dataset_Classification/images/glass/glass_02196.jpg,trash,glass,kaggle
../data/raw/Garbage_Dataset_Classification/images/plastic/plastic_01896.jpg,metal_plastic,plastic,kaggle
../data/raw/Garbage_Dataset_Classification/images/cardboard/cardboard_01963.jpg,cardboard_paper,cardboard,kaggle
../data/raw/Garbage_Dataset_Classification/images/trash/trash_09892.jpg,trash,trash,kaggle
../data/raw/Garbage_Dataset_Classification/images/plastic/plastic_01365.jpg,metal_plastic,plastic,kaggle
../data/raw/Garbage_Dataset_Classification/images/trash/trash_01354.jpg,trash,trash,kaggle
../data/raw/Garbage_Dataset_Classification/images/metal/metal_02626.jpg,metal_plastic,metal,kaggle
../data/raw/Garbage_Dataset_Classification/images/paper/paper_03005.jpg,cardboard_paper,paper,kaggle
../data/raw/Garbage_Dataset_Classification/images/cardboard/cardboard_02851.jpg,cardboard_paper,cardboard,kaggle
../data/raw/Garbage_Dataset_Classification/images/glass/glass_00190.jpg,trash,glass,kaggle
../data/raw/Garbage_Dataset_Classification/images/plastic/plastic_02972.jpg,metal_plastic,plastic,kaggle
../data/raw/Garbage_Dataset_Classification/images/trash/trash_12022.jpg,trash,trash,kaggle
../data/raw/Garbage_Dataset_Classification/images/trash/trash_00307.jpg,trash,trash,kaggle
../data/raw/Garbage_Dataset_Classification/images/plastic/plastic_01882.jpg,metal_plastic,plastic,kaggle
../data/raw/Garbage_Dataset_Classification/images/trash/trash_12151.jpg,trash,trash,kaggle
../data/raw/Garbage_Dataset_Classification/images/trash/trash_09218.jpg,trash,trash,kaggle
../data/raw/Garbage_Dataset_Classification/images/paper/paper_02009.jpg,cardboard_paper,paper,kaggle
../data/raw/Garbage_Dataset_Classification/images/glass/glass_00217.jpg,trash,glass,kaggle
../data/raw/Garbage_Dataset_Classification/images/paper/paper_02367.jpg,cardboard_paper,paper,kaggle
../data/raw/Garbage_Dataset_Classification/images/trash/trash_06068.jpg,trash,trash,kaggle
../data/raw/Garbage_Dataset_Classification/images/trash/trash_02326.jpg,trash,trash,kaggle
../data/raw/Garbage_Dataset_Classification/images/glass/glass_05308.jpg,trash,glass,kaggle
../data/raw/Garbage_Dataset_Classification/images/glass/glass_02254.jpg,trash,glass,kaggle
../data/raw/Garbage_Dataset_Classification/images/plastic/plastic_02295.jpg,metal_plastic,plastic,kaggle
../data/raw/Garbage_Dataset_Classification/images/glass/glass_03541.jpg,trash,glass,kaggle
../data/raw/Garbage_Dataset_Classification/images/plastic/plastic_01250.jpg,metal_plastic,plastic,kaggle
../data/raw/Garbage_Dataset_Classification/images/glass/glass_03862.jpg,trash,glass,kaggle
../data/raw/Garbage_Dataset_Classification/images/paper/paper_02032.jpg,cardboard_paper,paper,kaggle
../data/raw/Garbage_Dataset_Classification/images/metal/metal_01198.jpg,metal_plastic,metal,kaggle
../data/raw/Garbage_Dataset_Classification/images/trash/trash_11484.jpg,trash,trash,kaggle
../data/raw/Garbage_Dataset_Classification/images/paper/paper_00172.jpg,cardboard_paper,paper,kaggle
../data/raw/Garbage_Dataset_Classification/images/glass/glass_01279.jpg,trash,glass,kaggle
../data/raw/Garbage_Dataset_Classification/images/metal/metal_01334.jpg,metal_plastic,metal,kaggle
../data/raw/Garbage_Dataset_Classification/images/metal/metal_01751.jpg,metal_plastic,metal,kaggle
../data/raw/Garbage_Dataset_Classification/images/glass/glass_00847.jpg,trash,glass,kaggle
../data/raw/Garbage_Dataset_Classification/images/metal/metal_02440.jpg,metal_plastic,metal,kaggle
../data/raw/Garbage_Dataset_Classification/images/cardboard/cardboard_01884.jpg,cardboard_paper,cardboard,kaggle
../data/raw/Garbage_Dataset_Classification/images/glass/glass_03843.jpg,trash,glass,kaggle
../data/raw/Garbage_Dataset_Classification/images/trash/trash_03345.jpg,trash,trash,kaggle
../data/raw/Garbage_Dataset_Classification/images/trash/trash_02813.jpg,trash,trash,kaggle
../data/raw/Garbage_Dataset_Classification/images/plastic/plastic_03298.jpg,metal_plastic,plastic,kaggle
../data/raw/Garbage_Dataset_Classification/images/plastic/plastic_03327.jpg,metal_plastic,plastic,kaggle
../data/raw/Garbage_Dataset_Classification/images/paper/paper_02420.jpg,cardboard_paper,paper,kaggle
../data/raw/Garbage_Dataset_Classification/images/glass/glass_02025.jpg,trash,glass,kaggle
../data/raw/Garbage_Dataset_Classification/images/paper/paper_00941.jpg,cardboard_paper,paper,kaggle
../data/raw/Garbage_Dataset_Classification/images/paper/paper_03045.jpg,cardboard_paper,paper,kaggle
../data/raw/Garbage_Dataset_Classification/images/glass/glass_04931.jpg,trash,glass,kaggle
../data/raw/Garbage_Dataset_Classification/images/plastic/plastic_02564.jpg,metal_plastic,plastic,kaggle
../data/raw/Garbage_Dataset_Classification/images/glass/glass_03877.jpg,trash,glass,kaggle
../data/raw/Garbage_Dataset_Classification/images/metal/metal_02154.jpg,metal_plastic,metal,kaggle
../data/raw/Garbage_Dataset_Classification/images/plastic/plastic_02965.jpg,metal_plastic,plastic,kaggle
../data/raw/Garbage_Dataset_Classification/images/metal/metal_02711.jpg,metal_plastic,metal,kaggle
../data/raw/Garbage_Dataset_Classification/images/glass/glass_02976.jpg,trash,glass,kaggle
../data/raw/Garbage_Dataset_Classification/images/trash/trash_03254.jpg,trash,trash,kaggle
../data/raw/Garbage_Dataset_Classification/images/trash/trash_20207.jpg,trash,trash,kaggle
../data/raw/Garbage_Dataset_Classification/images/paper/paper_01182.jpg,cardboard_paper,paper,kaggle
../data/raw/Garbage_Dataset_Classification/images/paper/paper_03193.jpg,cardboard_paper,paper,kaggle
../data/raw/Garbage_Dataset_Classification/images/trash/trash_07289.jpg,trash,trash,kaggle
../data/raw/Garbage_Dataset_Classification/images/metal/metal_01483.jpg,metal_plastic,metal,kaggle
../data/raw/Garbage_Dataset_Classification/images/plastic/plastic_02990.jpg,metal_plastic,plastic,kaggle
../data/raw/Garbage_Dataset_Classification/images/glass/glass_02644.jpg,trash,glass,kaggle
../data/raw/Garbage_Dataset_Classification/images/glass/glass_04426.jpg,trash,glass,kaggle
../data/raw/Garbage_Dataset_Classification/images/trash/trash_02363.jpg,trash,trash,kaggle
../data/raw/Garbage_Dataset_Classification/images/cardboard/cardboard_02333.jpg,cardboard_paper,cardboard,kaggle
../data/raw/Garbage_Dataset_Classification/images/metal/metal_01279.jpg,metal_plastic,metal,kaggle
../data/raw/Garbage_Dataset_Classification/images/cardboard/cardboard_01574.jpg,cardboard_paper,cardboard,kaggle
../data/raw/Garbage_Dataset_Classification/images/paper/paper_01293.jpg,cardboard_paper,paper,kaggle
../data/raw/Garbage_Dataset_Classification/images/trash/trash_01815.jpg,trash,trash,kaggle
../data/raw/Garbage_Dataset_Classification/images/trash/trash_03698.jpg,trash,trash,kaggle
../data/raw/Garbage_Dataset_Classification/images/metal/metal_00203.jpg,metal_plastic,metal,kaggle
../data/raw/Garbage_Dataset_Classification/images/cardboard/cardboard_02513.jpg,cardboard_paper,cardboard,kaggle
../data/raw/Garbage_Dataset_Classification/images/cardboard/cardboard_02478.jpg,cardboard_paper,cardboard,kaggle
../data/raw/Garbage_Dataset_Classification/images/glass/glass_02747.jpg,trash,glass,kaggle
../data/raw/Garbage_Dataset_Classification/images/plastic/plastic_01462.jpg,metal_plastic,plastic,kaggle
../data/raw/Garbage_Dataset_Classification/images/metal/metal_02634.jpg,metal_plastic,metal,kaggle
../data/raw/Garbage_Dataset_Classification/images/paper/paper_00862.jpg,cardboard_paper,paper,kaggle
../data/raw/Garbage_Dataset_Classification/images/trash/trash_02289.jpg,trash,trash,kaggle
../data/raw/Garbage_Dataset_Classification/images/metal/metal_02138.jpg,metal_plastic,metal,kaggle
../data/raw/Garbage_Dataset_Classification/images/trash/trash_03967.jpg,trash,trash,kaggle
../data/raw/Garbage_Dataset_Classification/images/paper/paper_02471.jpg,cardboard_paper,paper,kaggle
../data/raw/Garbage_Dataset_Classification/images/plastic/plastic_02169.jpg,metal_plastic,plastic,kaggle
../data/raw/Garbage_Dataset_Classification/images/plastic/plastic_03105.jpg,metal_plastic,plastic,kaggle
../data/raw/Garbage_Dataset_Classification/images/trash/trash_10613.jpg,trash,trash,kaggle
../data/raw/Garbage_Dataset_Classification/images/metal/metal_00224.jpg,metal_plastic,metal,kaggle
../data/raw/Garbage_Dataset_Classification/images/metal/metal_01196.jpg,metal_plastic,metal,kaggle
../data/raw/Garbage_Dataset_Classification/images/trash/trash_11676.jpg,trash,trash,kaggle
../data/raw/Garbage_Dataset_Classification/images/metal/metal_02194.jpg,metal_plastic,metal,kaggle
../data/raw/Garbage_Dataset_Classification/images/plastic/plastic_02468.jpg,metal_plastic,plastic,kaggle
../data/raw/Garbage_Dataset_Classification/images/cardboard/cardboard_02783.jpg,cardboard_paper,cardboard,kaggle
../data/raw/Garbage_Dataset_Classification/images/trash/trash_10626.jpg,trash,trash,kaggle
../data/raw/Garbage_Dataset_Classification/images/plastic/plastic_02805.jpg,metal_plastic,plastic,kaggle
../data/raw/Garbage_Dataset_Classification/images/metal/metal_02171.jpg,metal_plastic,metal,kaggle
../data/raw/Garbage_Dataset_Classification/images/metal/metal_01625.jpg,metal_plastic,metal,kaggle
../data/raw/Garbage_Dataset_Classification/images/trash/trash_18400.jpg,trash,trash,kaggle
../data/raw/Garbage_Dataset_Classification/images/cardboard/cardboard_02692.jpg,cardboard_paper,cardboard,kaggle
../data/raw/Garbage_Dataset_Classification/images/trash/trash_14525.jpg,trash,trash,kaggle
../data/raw/Garbage_Dataset_Classification/images/glass/glass_03301.jpg,trash,glass,kaggle
../data/raw/Garbage_Dataset_Classification/images/glass/glass_02720.jpg,trash,glass,kaggle
../data/raw/Garbage_Dataset_Classification/images/plastic/plastic_00696.jpg,metal_plastic,plastic,kaggle
../data/raw/Garbage_Dataset_Classification/images/trash/trash_07803.jpg,trash,trash,kaggle
../data/raw/Garbage_Dataset_Classification/images/cardboard/cardboard_01295.jpg,cardboard_paper,cardboard,kaggle
../data/raw/Garbage_Dataset_Classification/images/trash/trash_00608.jpg,trash,trash,kaggle
../data/raw/Garbage_Dataset_Classification/images/trash/trash_12818.jpg,trash,trash,kaggle
../data/raw/Garbage_Dataset_Classification/images/paper/paper_01801.jpg,cardboard_paper,paper,kaggle
../data/raw/Garbage_Dataset_Classification/images/metal/metal_02677.jpg,metal_plastic,metal,kaggle
../data/raw/Garbage_Dataset_Classification/images/cardboard/cardboard_02332.jpg,cardboard_paper,cardboard,kaggle
../data/raw/Garbage_Dataset_Classification/images/plastic/plastic_01482.jpg,metal_plastic,plastic,kaggle
../data/raw/Garbage_Dataset_Classification/images/trash/trash_03948.jpg,trash,trash,kaggle
../data/raw/Garbage_Dataset_Classification/images/plastic/plastic_00086.jpg,metal_plastic,plastic,kaggle
../data/raw/Garbage_Dataset_Classification/images/metal/metal_02593.jpg,metal_plastic,metal,kaggle
../data/raw/Garbage_Dataset_Classification/images/plastic/plastic_02329.jpg,metal_plastic,plastic,kaggle
../data/raw/Garbage_Dataset_Classification/images/metal/metal_01238.jpg,metal_plastic,metal,kaggle
../data/raw/Garbage_Dataset_Classification/images/glass/glass_02765.jpg,trash,glass,kaggle
../data/raw/Garbage_Dataset_Classification/images/paper/paper_00866.jpg,cardboard_paper,paper,kaggle
../data/raw/Garbage_Dataset_Classification/images/cardboard/cardboard_01907.jpg,cardboard_paper,cardboard,kaggle
../data/raw/Garbage_Dataset_Classification/images/plastic/plastic_02547.jpg,metal_plastic,plastic,kaggle
../data/raw/Garbage_Dataset_Classification/images/cardboard/cardboard_02360.jpg,cardboard_paper,cardboard,kaggle
../data/raw/Garbage_Dataset_Classification/images/trash/trash_03854.jpg,trash,trash,kaggle
../data/raw/Garbage_Dataset_Classification/images/paper/paper_02440.jpg,cardboard_paper,paper,kaggle
../data/raw/Garbage_Dataset_Classification/images/cardboard/cardboard_00474.jpg,cardboard_paper,cardboard,kaggle
../data/raw/Garbage_Dataset_Classification/images/trash/trash_05812.jpg,trash,trash,kaggle
../data/raw/Garbage_Dataset_Classification/images/trash/trash_17502.jpg,trash,trash,kaggle
../data/raw/Garbage_Dataset_Classification/images/trash/trash_08783.jpg,trash,trash,kaggle
../data/raw/Garbage_Dataset_Classification/images/plastic/plastic_01842.jpg,metal_plastic,plastic,kaggle
../data/raw/Garbage_Dataset_Classification/images/trash/trash_11119.jpg,trash,trash,kaggle
../data/raw/Garbage_Dataset_Classification/images/trash/trash_06815.jpg,trash,trash,kaggle
../data/raw/Garbage_Dataset_Classification/images/trash/trash_10905.jpg,trash,trash,kaggle
../data/raw/Garbage_Dataset_Classification/images/paper/paper_01302.jpg,cardboard_paper,paper,kaggle
../data/raw/Garbage_Dataset_Classification/images/cardboard/cardboard_01862.jpg,cardboard_paper,cardboard,kaggle
../data/raw/Garbage_Dataset_Classification/images/glass/glass_04205.jpg,trash,glass,kaggle
../data/raw/Garbage_Dataset_Classification/images/paper/paper_01442.jpg,cardboard_paper,paper,kaggle
../data/raw/Garbage_Dataset_Classification/images/plastic/plastic_02486.jpg,metal_plastic,plastic,kaggle
../data/raw/Garbage_Dataset_Classification/images/cardboard/cardboard_00838.jpg,cardboard_paper,cardboard,kaggle
../data/raw/Garbage_Dataset_Classification/images/cardboard/cardboard_02080.jpg,cardboard_paper,cardboard,kaggle
../data/raw/Garbage_Dataset_Classification/images/trash/trash_18135.jpg,trash,trash,kaggle
../data/raw/Garbage_Dataset_Classification/images/metal/metal_00469.jpg,metal_plastic,metal,kaggle
../data/raw/Garbage_Dataset_Classification/images/trash/trash_12716.jpg,trash,trash,kaggle
../data/raw/Garbage_Dataset_Classification/images/plastic/plastic_02595.jpg,metal_plastic,plastic,kaggle
../data/raw/Garbage_Dataset_Classification/images/metal/metal_02410.jpg,metal_plastic,metal,kaggle
../data/raw/Garbage_Dataset_Classification/images/glass/glass_01790.jpg,trash,glass,kaggle
../data/raw/Garbage_Dataset_Classification/images/trash/trash_12837.jpg,trash,trash,kaggle
../data/raw/Garbage_Dataset_Classification/images/paper/paper_02784.jpg,cardboard_paper,paper,kaggle
../data/raw/Garbage_Dataset_Classification/images/trash/trash_11974.jpg,trash,trash,kaggle
../data/raw/Garbage_Dataset_Classification/images/trash/trash_07450.jpg,trash,trash,kaggle
../data/raw/Garbage_Dataset_Classification/images/trash/trash_06701.jpg,trash,trash,kaggle
../data/raw/Garbage_Dataset_Classification/images/plastic/plastic_00951.jpg,metal_plastic,plastic,kaggle
../data/raw/Garbage_Dataset_Classification/images/paper/paper_00740.jpg,cardboard_paper,paper,kaggle
../data/raw/Garbage_Dataset_Classification/images/glass/glass_05149.jpg,trash,glass,kaggle
../data/raw/Garbage_Dataset_Classification/images/plastic/plastic_02074.jpg,metal_plastic,plastic,kaggle
../data/raw/Garbage_Dataset_Classification/images/paper/paper_02603.jpg,cardboard_paper,paper,kaggle
../data/raw/Garbage_Dataset_Classification/images/metal/metal_01687.jpg,metal_plastic,metal,kaggle
../data/raw/Garbage_Dataset_Classification/images/cardboard/cardboard_01099.jpg,cardboard_paper,cardboard,kaggle
../data/raw/Garbage_Dataset_Classification/images/metal/metal_02372.jpg,metal_plastic,metal,kaggle
../data/raw/Garbage_Dataset_Classification/images/metal/metal_00568.jpg,metal_plastic,metal,kaggle
../data/raw/Garbage_Dataset_Classification/images/cardboard/cardboard_00957.jpg,cardboard_paper,cardboard,kaggle
../data/raw/Garbage_Dataset_Classification/images/glass/glass_02811.jpg,trash,glass,kaggle
../data/raw/Garbage_Dataset_Classification/images/metal/metal_02067.jpg,metal_plastic,metal,kaggle
../data/raw/Garbage_Dataset_Classification/images/glass/glass_03740.jpg,trash,glass,kaggle
../data/raw/Garbage_Dataset_Classification/images/metal/metal_01142.jpg,metal_plastic,metal,kaggle
../data/raw/Garbage_Dataset_Classification/images/plastic/plastic_03206.jpg,metal_plastic,plastic,kaggle
../data/raw/Garbage_Dataset_Classification/images/glass/glass_05520.jpg,trash,glass,kaggle
../data/raw/Garbage_Dataset_Classification/images/trash/trash_02723.jpg,trash,trash,kaggle
../data/raw/Garbage_Dataset_Classification/images/cardboard/cardboard_02314.jpg,cardboard_paper,cardboard,kaggle
../data/raw/Garbage_Dataset_Classification/images/trash/trash_07738.jpg,trash,trash,kaggle
../data/raw/Garbage_Dataset_Classification/images/cardboard/cardboard_02742.jpg,cardboard_paper,cardboard,kaggle
../data/raw/Garbage_Dataset_Classification/images/paper/paper_02880.jpg,cardboard_paper,paper,kaggle
../data/raw/Garbage_Dataset_Classification/images/glass/glass_04795.jpg,trash,glass,kaggle
../data/raw/Garbage_Dataset_Classification/images/glass/glass_04982.jpg,trash,glass,kaggle
../data/raw/Garbage_Dataset_Classification/images/cardboard/cardboard_01620.jpg,cardboard_paper,cardboard,kaggle
../data/raw/Garbage_Dataset_Classification/images/plastic/plastic_01969.jpg,metal_plastic,plastic,kaggle
../data/raw/Garbage_Dataset_Classification/images/trash/trash_11336.jpg,trash,trash,kaggle
../data/raw/Garbage_Dataset_Classification/images/cardboard/cardboard_02767.jpg,cardboard_paper,cardboard,kaggle
../data/raw/Garbage_Dataset_Classification/images/paper/paper_02860.jpg,cardboard_paper,paper,kaggle
../data/raw/Garbage_Dataset_Classification/images/metal/metal_01271.jpg,metal_plastic,metal,kaggle
../data/raw/Garbage_Dataset_Classification/images/cardboard/cardboard_03110.jpg,cardboard_paper,cardboard,kaggle
../data/raw/Garbage_Dataset_Classification/images/metal/metal_01821.jpg,metal_plastic,metal,kaggle
../data/raw/Garbage_Dataset_Classification/images/paper/paper_00149.jpg,cardboard_paper,paper,kaggle
../data/raw/Garbage_Dataset_Classification/images/trash/trash_19488.jpg,trash,trash,kaggle
../data/raw/Garbage_Dataset_Classification/images/trash/trash_08665.jpg,trash,trash,kaggle
../data/raw/Garbage_Dataset_Classification/images/cardboard/cardboard_01078.jpg,cardboard_paper,cardboard,kaggle
../data/raw/Garbage_Dataset_Classification/images/metal/metal_01807.jpg,metal_plastic,metal,kaggle
../data/raw/Garbage_Dataset_Classification/images/glass/glass_02073.jpg,trash,glass,kaggle
../data/raw/Garbage_Dataset_Classification/images/glass/glass_02822.jpg,trash,glass,kaggle
../data/raw/Garbage_Dataset_Classification/images/glass/glass_03285.jpg,trash,glass,kaggle
../data/raw/Garbage_Dataset_Classification/images/glass/glass_00524.jpg,trash,glass,kaggle
../data/raw/Garbage_Dataset_Classification/images/cardboard/cardboard_02546.jpg,cardboard_paper,cardboard,kaggle
../data/raw/Garbage_Dataset_Classification/images/plastic/plastic_02068.jpg,metal_plastic,plastic,kaggle
../data/raw/Garbage_Dataset_Classification/images/glass/glass_00557.jpg,trash,glass,kaggle
../data/raw/Garbage_Dataset_Classification/images/cardboard/cardboard_02088.jpg,cardboard_paper,cardboard,kaggle
../data/raw/Garbage_Dataset_Classification/images/metal/metal_00120.jpg,metal_plastic,metal,kaggle
../data/raw/Garbage_Dataset_Classification/images/trash/trash_04213.jpg,trash,trash,kaggle
../data/raw/Garbage_Dataset_Classification/images/paper/paper_02811.jpg,cardboard_paper,paper,kaggle
../data/raw/Garbage_Dataset_Classification/images/cardboard/cardboard_02730.jpg,cardboard_paper,cardboard,kaggle
../data/raw/Garbage_Dataset_Classification/images/glass/glass_02568.jpg,trash,glass,kaggle
../data/raw/Garbage_Dataset_Classification/images/plastic/plastic_02275.jpg,metal_plastic,plastic,kaggle
../data/raw/Garbage_Dataset_Classification/images/cardboard/cardboard_02902.jpg,cardboard_paper,cardboard,kaggle
../data/raw/Garbage_Dataset_Classification/images/cardboard/cardboard_02054.jpg,cardboard_paper,cardboard,kaggle
../data/raw/Garbage_Dataset_Classification/images/cardboard/cardboard_01029.jpg,cardboard_paper,cardboard,kaggle
../data/raw/Garbage_Dataset_Classification/images/trash/trash_15818.jpg,trash,trash,kaggle
../data/raw/Garbage_Dataset_Classification/images/paper/paper_00981.jpg,cardboard_paper,paper,kaggle
../data/raw/Garbage_Dataset_Classification/images/paper/paper_02130.jpg,cardboard_paper,paper,kaggle
../data/raw/Garbage_Dataset_Classification/images/paper/paper_01433.jpg,cardboard_paper,paper,kaggle
../data/raw/Garbage_Dataset_Classification/images/glass/glass_03306.jpg,trash,glass,kaggle
../data/raw/Garbage_Dataset_Classification/images/cardboard/cardboard_02423.jpg,cardboard_paper,cardboard,kaggle
../data/raw/Garbage_Dataset_Classification/images/paper/paper_00937.jpg,cardboard_paper,paper,kaggle
../data/raw/Garbage_Dataset_Classification/images/plastic/plastic_02664.jpg,metal_plastic,plastic,kaggle
../data/raw/Garbage_Dataset_Classification/images/glass/glass_05550.jpg,trash,glass,kaggle
../data/raw/Garbage_Dataset_Classification/images/glass/glass_03920.jpg,trash,glass,kaggle
../data/raw/Garbage_Dataset_Classification/images/glass/glass_05240.jpg,trash,glass,kaggle
../data/raw/Garbage_Dataset_Classification/images/metal/metal_01058.jpg,metal_plastic,metal,kaggle
../data/raw/Garbage_Dataset_Classification/images/paper/paper_02189.jpg,cardboard_paper,paper,kaggle
../data/raw/Garbage_Dataset_Classification/images/trash/trash_13231.jpg,trash,trash,kaggle
../data/raw/Garbage_Dataset_Classification/images/metal/metal_02338.jpg,metal_plastic,metal,kaggle
../data/raw/Garbage_Dataset_Classification/images/trash/trash_11126.jpg,trash,trash,kaggle
../data/raw/Garbage_Dataset_Classification/images/paper/paper_01335.jpg,cardboard_paper,paper,kaggle
../data/raw/Garbage_Dataset_Classification/images/metal/metal_01927.jpg,metal_plastic,metal,kaggle
../data/raw/Garbage_Dataset_Classification/images/glass/glass_02966.jpg,trash,glass,kaggle
../data/raw/Garbage_Dataset_Classification/images/trash/trash_06930.jpg,trash,trash,kaggle
../data/raw/Garbage_Dataset_Classification/images/glass/glass_03155.jpg,trash,glass,kaggle
../data/raw/Garbage_Dataset_Classification/images/plastic/plastic_00896.jpg,metal_plastic,plastic,kaggle
../data/raw/Garbage_Dataset_Classification/images/cardboard/cardboard_02595.jpg,cardboard_paper,cardboard,kaggle
../data/raw/Garbage_Dataset_Classification/images/plastic/plastic_02679.jpg,metal_plastic,plastic,kaggle
../data/raw/Garbage_Dataset_Classification/images/glass/glass_00156.jpg,trash,glass,kaggle
../data/raw/Garbage_Dataset_Classification/images/cardboard/cardboard_00436.jpg,cardboard_paper,cardboard,kaggle
../data/raw/Garbage_Dataset_Classification/images/cardboard/cardboard_00812.jpg,cardboard_paper,cardboard,kaggle
../data/raw/Garbage_Dataset_Classification/images/glass/glass_05145.jpg,trash,glass,kaggle
../data/raw/Garbage_Dataset_Classification/images/cardboard/cardboard_02990.jpg,cardboard_paper,cardboard,kaggle
../data/raw/Garbage_Dataset_Classification/images/paper/paper_02920.jpg,cardboard_paper,paper,kaggle
../data/raw/Garbage_Dataset_Classification/images/metal/metal_01566.jpg,metal_plastic,metal,kaggle
../data/raw/Garbage_Dataset_Classification/images/cardboard/cardboard_00978.jpg,cardboard_paper,cardboard,kaggle
../data/raw/Garbage_Dataset_Classification/images/trash/trash_02149.jpg,trash,trash,kaggle
../data/raw/Garbage_Dataset_Classification/images/paper/paper_02315.jpg,cardboard_paper,paper,kaggle
../data/raw/Garbage_Dataset_Classification/images/metal/metal_00036.jpg,metal_plastic,metal,kaggle
../data/raw/Garbage_Dataset_Classification/images/trash/trash_19168.jpg,trash,trash,kaggle
../data/raw/Garbage_Dataset_Classification/images/trash/trash_11366.jpg,trash,trash,kaggle
../data/raw/Garbage_Dataset_Classification/images/cardboard/cardboard_01622.jpg,cardboard_paper,cardboard,kaggle
../data/raw/Garbage_Dataset_Classification/images/metal/metal_01979.jpg,metal_plastic,metal,kaggle
../data/raw/Garbage_Dataset_Classification/images/trash/trash_09958.jpg,trash,trash,kaggle
../data/raw/Garbage_Dataset_Classification/images/trash/trash_06960.jpg,trash,trash,kaggle
../data/raw/Garbage_Dataset_Classification/images/cardboard/cardboard_01450.jpg,cardboard_paper,cardboard,kaggle
../data/raw/Garbage_Dataset_Classification/images/glass/glass_04434.jpg,trash,glass,kaggle
../data/raw/Garbage_Dataset_Classification/images/glass/glass_04650.jpg,trash,glass,kaggle
../data/raw/Garbage_Dataset_Classification/images/paper/paper_01517.jpg,cardboard_paper,paper,kaggle
../data/raw/Garbage_Dataset_Classification/images/metal/metal_00739.jpg,metal_plastic,metal,kaggle
../data/raw/Garbage_Dataset_Classification/images/metal/metal_02368.jpg,metal_plastic,metal,kaggle
../data/raw/Garbage_Dataset_Classification/images/metal/metal_01876.jpg,metal_plastic,metal,kaggle
../data/raw/Garbage_Dataset_Classification/images/cardboard/cardboard_02329.jpg,cardboard_paper,cardboard,kaggle
../data/raw/Garbage_Dataset_Classification/images/plastic/plastic_03301.jpg,metal_plastic,plastic,kaggle
../data/raw/Garbage_Dataset_Classification/images/glass/glass_02133.jpg,trash,glass,kaggle
../data/raw/Garbage_Dataset_Classification/images/plastic/plastic_02198.jpg,metal_plastic,plastic,kaggle
../data/raw/Garbage_Dataset_Classification/images/trash/trash_10664.jpg,trash,trash,kaggle
../data/raw/Garbage_Dataset_Classification/images/trash/trash_18601.jpg,trash,trash,kaggle
../data/raw/Garbage_Dataset_Classification/images/glass/glass_01374.jpg,trash,glass,kaggle
../data/raw/Garbage_Dataset_Classification/images/paper/paper_00305.jpg,cardboard_paper,paper,kaggle
../data/raw/Garbage_Dataset_Classification/images/paper/paper_00043.jpg,cardboard_paper,paper,kaggle
../data/raw/Garbage_Dataset_Classification/images/trash/trash_11187.jpg,trash,trash,kaggle
../data/raw/Garbage_Dataset_Classification/images/trash/trash_11263.jpg,trash,trash,kaggle
../data/raw/Garbage_Dataset_Classification/images/cardboard/cardboard_01416.jpg,cardboard_paper,cardboard,kaggle
../data/raw/Garbage_Dataset_Classification/images/trash/trash_12040.jpg,trash,trash,kaggle
../data/raw/Garbage_Dataset_Classification/images/trash/trash_04375.jpg,trash,trash,kaggle
../data/raw/Garbage_Dataset_Classification/images/metal/metal_01438.jpg,metal_plastic,metal,kaggle
../data/raw/Garbage_Dataset_Classification/images/glass/glass_00763.jpg,trash,glass,kaggle
../data/raw/Garbage_Dataset_Classification/images/trash/trash_00026.jpg,trash,trash,kaggle
../data/raw/Garbage_Dataset_Classification/images/trash/trash_10611.jpg,trash,trash,kaggle
../data/raw/Garbage_Dataset_Classification/images/glass/glass_02917.jpg,trash,glass,kaggle
../data/raw/Garbage_Dataset_Classification/images/metal/metal_02362.jpg,metal_plastic,metal,kaggle
../data/raw/Garbage_Dataset_Classification/images/trash/trash_16858.jpg,trash,trash,kaggle
../data/raw/Garbage_Dataset_Classification/images/glass/glass_04550.jpg,trash,glass,kaggle
../data/raw/Garbage_Dataset_Classification/images/trash/trash_03802.jpg,trash,trash,kaggle
../data/raw/Garbage_Dataset_Classification/images/cardboard/cardboard_01549.jpg,cardboard_paper,cardboard,kaggle
../data/raw/Garbage_Dataset_Classification/images/paper/paper_01603.jpg,cardboard_paper,paper,kaggle
../data/raw/Garbage_Dataset_Classification/images/trash/trash_09545.jpg,trash,trash,kaggle
../data/raw/Garbage_Dataset_Classification/images/plastic/plastic_01242.jpg,metal_plastic,plastic,kaggle
../data/raw/Garbage_Dataset_Classification/images/paper/paper_01875.jpg,cardboard_paper,paper,kaggle
../data/raw/Garbage_Dataset_Classification/images/cardboard/cardboard_02183.jpg,cardboard_paper,cardboard,kaggle
../data/raw/Garbage_Dataset_Classification/images/paper/paper_02026.jpg,cardboard_paper,paper,kaggle
../data/raw/Garbage_Dataset_Classification/images/glass/glass_02489.jpg,trash,glass,kaggle
../data/raw/Garbage_Dataset_Classification/images/cardboard/cardboard_01798.jpg,cardboard_paper,cardboard,kaggle
../data/raw/Garbage_Dataset_Classification/images/metal/metal_01380.jpg,metal_plastic,metal,kaggle
../data/raw/Garbage_Dataset_Classification/images/plastic/plastic_02007.jpg,metal_plastic,plastic,kaggle
../data/raw/Garbage_Dataset_Classification/images/glass/glass_04548.jpg,trash,glass,kaggle
../data/raw/Garbage_Dataset_Classification/images/paper/paper_01586.jpg,cardboard_paper,paper,kaggle
../data/raw/Garbage_Dataset_Classification/images/paper/paper_02132.jpg,cardboard_paper,paper,kaggle
../data/raw/Garbage_Dataset_Classification/images/paper/paper_02632.jpg,cardboard_paper,paper,kaggle
../data/raw/Garbage_Dataset_Classification/images/trash/trash_06350.jpg,trash,trash,kaggle
../data/raw/Garbage_Dataset_Classification/images/metal/metal_00061.jpg,metal_plastic,metal,kaggle
../data/raw/Garbage_Dataset_Classification/images/metal/metal_02262.jpg,metal_plastic,metal,kaggle
../data/raw/Garbage_Dataset_Classification/images/trash/trash_04454.jpg,trash,trash,kaggle
../data/raw/Garbage_Dataset_Classification/images/trash/trash_05674.jpg,trash,trash,kaggle
../data/raw/Garbage_Dataset_Classification/images/plastic/plastic_02561.jpg,metal_plastic,plastic,kaggle
../data/raw/Garbage_Dataset_Classification/images/trash/trash_14639.jpg,trash,trash,kaggle
../data/raw/Garbage_Dataset_Classification/images/paper/paper_02677.jpg,cardboard_paper,paper,kaggle
../data/raw/Garbage_Dataset_Classification/images/trash/trash_10781.jpg,trash,trash,kaggle
../data/raw/Garbage_Dataset_Classification/images/trash/trash_01921.jpg,trash,trash,kaggle
../data/raw/Garbage_Dataset_Classification/images/glass/glass_00898.jpg,trash,glass,kaggle
../data/raw/Garbage_Dataset_Classification/images/cardboard/cardboard_02082.jpg,cardboard_paper,cardboard,kaggle
../data/raw/Garbage_Dataset_Classification/images/glass/glass_02150.jpg,trash,glass,kaggle
../data/raw/Garbage_Dataset_Classification/images/trash/trash_18044.jpg,trash,trash,kaggle
../data/raw/Garbage_Dataset_Classification/images/glass/glass_01123.jpg,trash,glass,kaggle
../data/raw/Garbage_Dataset_Classification/images/trash/trash_15436.jpg,trash,trash,kaggle
../data/raw/Garbage_Dataset_Classification/images/trash/trash_13996.jpg,trash,trash,kaggle
../data/raw/Garbage_Dataset_Classification/images/cardboard/cardboard_02945.jpg,cardboard_paper,cardboard,kaggle
../data/raw/Garbage_Dataset_Classification/images/plastic/plastic_02431.jpg,metal_plastic,plastic,kaggle
../data/raw/Garbage_Dataset_Classification/images/paper/paper_02000.jpg,cardboard_paper,paper,kaggle
../data/raw/Garbage_Dataset_Classification/images/cardboard/cardboard_02864.jpg,cardboard_paper,cardboard,kaggle
../data/raw/Garbage_Dataset_Classification/images/paper/paper_03041.jpg,cardboard_paper,paper,kaggle
../data/raw/Garbage_Dataset_Classification/images/metal/metal_00531.jpg,metal_plastic,metal,kaggle
../data/raw/Garbage_Dataset_Classification/images/paper/paper_01462.jpg,cardboard_paper,paper,kaggle
../data/raw/Garbage_Dataset_Classification/images/glass/glass_01331.jpg,trash,glass,kaggle
../data/raw/Garbage_Dataset_Classification/images/glass/glass_02890.jpg,trash,glass,kaggle
../data/raw/Garbage_Dataset_Classification/images/metal/metal_02434.jpg,metal_plastic,metal,kaggle
../data/raw/Garbage_Dataset_Classification/images/trash/trash_03503.jpg,trash,trash,kaggle
../data/raw/Garbage_Dataset_Classification/images/glass/glass_03775.jpg,trash,glass,kaggle
../data/raw/Garbage_Dataset_Classification/images/plastic/plastic_02283.jpg,metal_plastic,plastic,kaggle
../data/raw/Garbage_Dataset_Classification/images/plastic/plastic_02244.jpg,metal_plastic,plastic,kaggle
../data/raw/Garbage_Dataset_Classification/images/trash/trash_02317.jpg,trash,trash,kaggle
../data/raw/Garbage_Dataset_Classification/images/trash/trash_15226.jpg,trash,trash,kaggle
../data/raw/Garbage_Dataset_Classification/images/cardboard/cardboard_01514.jpg,cardboard_paper,cardboard,kaggle
../data/raw/Garbage_Dataset_Classification/images/plastic/plastic_02319.jpg,metal_plastic,plastic,kaggle
../data/raw/Garbage_Dataset_Classification/images/plastic/plastic_02916.jpg,metal_plastic,plastic,kaggle
../data/raw/Garbage_Dataset_Classification/images/paper/paper_02986.jpg,cardboard_paper,paper,kaggle
../data/raw/Garbage_Dataset_Classification/images/glass/glass_05076.jpg,trash,glass,kaggle
../data/raw/Garbage_Dataset_Classification/images/cardboard/cardboard_02683.jpg,cardboard_paper,cardboard,kaggle
../data/raw/Garbage_Dataset_Classification/images/cardboard/cardboard_02520.jpg,cardboard_paper,cardboard,kaggle
../data/raw/Garbage_Dataset_Classification/images/cardboard/cardboard_01727.jpg,cardboard_paper,cardboard,kaggle
../data/raw/Garbage_Dataset_Classification/images/trash/trash_18443.jpg,trash,trash,kaggle
../data/raw/Garbage_Dataset_Classification/images/cardboard/cardboard_02202.jpg,cardboard_paper,cardboard,kaggle
../data/raw/Garbage_Dataset_Classification/images/trash/trash_17749.jpg,trash,trash,kaggle
../data/raw/Garbage_Dataset_Classification/images/glass/glass_04483.jpg,trash,glass,kaggle
../data/raw/Garbage_Dataset_Classification/images/glass/glass_03916.jpg,trash,glass,kaggle
../data/raw/Garbage_Dataset_Classification/images/plastic/plastic_01157.jpg,metal_plastic,plastic,kaggle
../data/custom/ecoglasses/237FF8B2-29BA-4E17-B742-EECBE995AB1E_1_105_c.jpeg,ecoglasses,custom_ecoglasses,custom
../data/raw/Garbage_Dataset_Classification/images/plastic/plastic_02077.jpg,metal_plastic,plastic,kaggle
../data/raw/Garbage_Dataset_Classification/images/plastic/plastic_01899.jpg,metal_plastic,plastic,kaggle
../data/raw/Garbage_Dataset_Classification/images/cardboard/cardboard_01575.jpg,cardboard_paper,cardboard,kaggle
../data/raw/Garbage_Dataset_Classification/images/glass/glass_00611.jpg,trash,glass,kaggle
../data/raw/Garbage_Dataset_Classification/images/cardboard/cardboard_01534.jpg,cardboard_paper,cardboard,kaggle
../data/raw/Garbage_Dataset_Classification/images/metal/metal_02511.jpg,metal_plastic,metal,kaggle
../data/raw/Garbage_Dataset_Classification/images/metal/metal_01551.jpg,metal_plastic,metal,kaggle
../data/raw/Garbage_Dataset_Classification/images/glass/glass_02563.jpg,trash,glass,kaggle
../data/raw/Garbage_Dataset_Classification/images/paper/paper_02840.jpg,cardboard_paper,paper,kaggle
../data/raw/Garbage_Dataset_Classification/images/metal/metal_01151.jpg,metal_plastic,metal,kaggle
../data/raw/Garbage_Dataset_Classification/images/metal/metal_01202.jpg,metal_plastic,metal,kaggle
../data/raw/Garbage_Dataset_Classification/images/paper/paper_02762.jpg,cardboard_paper,paper,kaggle
../data/raw/Garbage_Dataset_Classification/images/trash/trash_17489.jpg,trash,trash,kaggle
../data/raw/Garbage_Dataset_Classification/images/trash/trash_08344.jpg,trash,trash,kaggle
../data/raw/Garbage_Dataset_Classification/images/plastic/plastic_03308.jpg,metal_plastic,plastic,kaggle
../data/raw/Garbage_Dataset_Classification/images/plastic/plastic_00186.jpg,metal_plastic,plastic,kaggle
../data/raw/Garbage_Dataset_Classification/images/plastic/plastic_02661.jpg,metal_plastic,plastic,kaggle
../data/raw/Garbage_Dataset_Classification/images/glass/glass_00372.jpg,trash,glass,kaggle
../data/raw/Garbage_Dataset_Classification/images/cardboard/cardboard_00586.jpg,cardboard_paper,cardboard,kaggle
../data/raw/Garbage_Dataset_Classification/images/paper/paper_00987.jpg,cardboard_paper,paper,kaggle
../data/raw/Garbage_Dataset_Classification/images/metal/metal_01087.jpg,metal_plastic,metal,kaggle
../data/raw/Garbage_Dataset_Classification/images/plastic/plastic_00838.jpg,metal_plastic,plastic,kaggle
../data/raw/Garbage_Dataset_Classification/images/plastic/plastic_00174.jpg,metal_plastic,plastic,kaggle
../data/raw/Garbage_Dataset_Classification/images/plastic/plastic_00903.jpg,metal_plastic,plastic,kaggle
../data/raw/Garbage_Dataset_Classification/images/paper/paper_00220.jpg,cardboard_paper,paper,kaggle
../data/raw/Garbage_Dataset_Classification/images/glass/glass_02142.jpg,trash,glass,kaggle
../data/raw/Garbage_Dataset_Classification/images/glass/glass_01107.jpg,trash,glass,kaggle
../data/raw/Garbage_Dataset_Classification/images/cardboard/cardboard_02534.jpg,cardboard_paper,cardboard,kaggle
../data/raw/Garbage_Dataset_Classification/images/cardboard/cardboard_02315.jpg,cardboard_paper,cardboard,kaggle
../data/raw/Garbage_Dataset_Classification/images/glass/glass_04848.jpg,trash,glass,kaggle
../data/raw/Garbage_Dataset_Classification/images/cardboard/cardboard_02392.jpg,cardboard_paper,cardboard,kaggle
../data/raw/Garbage_Dataset_Classification/images/trash/trash_07366.jpg,trash,trash,kaggle
../data/raw/Garbage_Dataset_Classification/images/plastic/plastic_01681.jpg,metal_plastic,plastic,kaggle
../data/raw/Garbage_Dataset_Classification/images/metal/metal_00129.jpg,metal_plastic,metal,kaggle
../data/raw/Garbage_Dataset_Classification/images/cardboard/cardboard_02198.jpg,cardboard_paper,cardboard,kaggle
../data/raw/Garbage_Dataset_Classification/images/paper/paper_03190.jpg,cardboard_paper,paper,kaggle
../data/raw/Garbage_Dataset_Classification/images/plastic/plastic_00121.jpg,metal_plastic,plastic,kaggle
../data/raw/Garbage_Dataset_Classification/images/trash/trash_14898.jpg,trash,trash,kaggle
../data/raw/Garbage_Dataset_Classification/images/metal/metal_01250.jpg,metal_plastic,metal,kaggle
../data/raw/Garbage_Dataset_Classification/images/paper/paper_03111.jpg,cardboard_paper,paper,kaggle
../data/raw/Garbage_Dataset_Classification/images/paper/paper_03049.jpg,cardboard_paper,paper,kaggle
../data/raw/Garbage_Dataset_Classification/images/plastic/plastic_02105.jpg,metal_plastic,plastic,kaggle
../data/raw/Garbage_Dataset_Classification/images/paper/paper_00261.jpg,cardboard_paper,paper,kaggle
../data/raw/Garbage_Dataset_Classification/images/plastic/plastic_01828.jpg,metal_plastic,plastic,kaggle
../data/raw/Garbage_Dataset_Classification/images/paper/paper_02738.jpg,cardboard_paper,paper,kaggle
../data/raw/Garbage_Dataset_Classification/images/glass/glass_02083.jpg,trash,glass,kaggle
../data/raw/Garbage_Dataset_Classification/images/paper/paper_02393.jpg,cardboard_paper,paper,kaggle
../data/raw/Garbage_Dataset_Classification/images/plastic/plastic_00549.jpg,metal_plastic,plastic,kaggle
../data/raw/Garbage_Dataset_Classification/images/paper/paper_00930.jpg,cardboard_paper,paper,kaggle
../data/raw/Garbage_Dataset_Classification/images/metal/metal_02218.jpg,metal_plastic,metal,kaggle
../data/raw/Garbage_Dataset_Classification/images/plastic/plastic_01849.jpg,metal_plastic,plastic,kaggle
../data/raw/Garbage_Dataset_Classification/images/paper/paper_01414.jpg,cardboard_paper,paper,kaggle
../data/raw/Garbage_Dataset_Classification/images/paper/paper_01449.jpg,cardboard_paper,paper,kaggle
../data/raw/Garbage_Dataset_Classification/images/plastic/plastic_01716.jpg,metal_plastic,plastic,kaggle
../data/raw/Garbage_Dataset_Classification/images/plastic/plastic_01921.jpg,metal_plastic,plastic,kaggle
../data/raw/Garbage_Dataset_Classification/images/trash/trash_16443.jpg,trash,trash,kaggle
../data/raw/Garbage_Dataset_Classification/images/trash/trash_12995.jpg,trash,trash,kaggle
../data/raw/Garbage_Dataset_Classification/images/trash/trash_16247.jpg,trash,trash,kaggle
../data/raw/Garbage_Dataset_Classification/images/trash/trash_07916.jpg,trash,trash,kaggle
../data/raw/Garbage_Dataset_Classification/images/trash/trash_18140.jpg,trash,trash,kaggle
../data/raw/Garbage_Dataset_Classification/images/plastic/plastic_00146.jpg,metal_plastic,plastic,kaggle
../data/raw/Garbage_Dataset_Classification/images/metal/metal_00546.jpg,metal_plastic,metal,kaggle
../data/raw/Garbage_Dataset_Classification/images/paper/paper_00622.jpg,cardboard_paper,paper,kaggle
../data/raw/Garbage_Dataset_Classification/images/paper/paper_00147.jpg,cardboard_paper,paper,kaggle
../data/raw/Garbage_Dataset_Classification/images/glass/glass_00128.jpg,trash,glass,kaggle
../data/raw/Garbage_Dataset_Classification/images/glass/glass_02365.jpg,trash,glass,kaggle
../data/raw/Garbage_Dataset_Classification/images/trash/trash_18949.jpg,trash,trash,kaggle
../data/raw/Garbage_Dataset_Classification/images/glass/glass_04874.jpg,trash,glass,kaggle
../data/raw/Garbage_Dataset_Classification/images/plastic/plastic_03163.jpg,metal_plastic,plastic,kaggle
../data/raw/Garbage_Dataset_Classification/images/metal/metal_01113.jpg,metal_plastic,metal,kaggle
../data/raw/Garbage_Dataset_Classification/images/metal/metal_00040.jpg,metal_plastic,metal,kaggle
../data/raw/Garbage_Dataset_Classification/images/cardboard/cardboard_02618.jpg,cardboard_paper,cardboard,kaggle
../data/raw/Garbage_Dataset_Classification/images/cardboard/cardboard_01241.jpg,cardboard_paper,cardboard,kaggle
../data/raw/Garbage_Dataset_Classification/images/cardboard/cardboard_01789.jpg,cardboard_paper,cardboard,kaggle
../data/raw/Garbage_Dataset_Classification/images/plastic/plastic_02752.jpg,metal_plastic,plastic,kaggle
../data/raw/Garbage_Dataset_Classification/images/cardboard/cardboard_02804.jpg,cardboard_paper,cardboard,kaggle
../data/raw/Garbage_Dataset_Classification/images/metal/metal_02221.jpg,metal_plastic,metal,kaggle
../data/raw/Garbage_Dataset_Classification/images/glass/glass_04093.jpg,trash,glass,kaggle
../data/raw/Garbage_Dataset_Classification/images/paper/paper_02255.jpg,cardboard_paper,paper,kaggle
../data/raw/Garbage_Dataset_Classification/images/glass/glass_05071.jpg,trash,glass,kaggle
../data/raw/Garbage_Dataset_Classification/images/paper/paper_02178.jpg,cardboard_paper,paper,kaggle
../data/raw/Garbage_Dataset_Classification/images/plastic/plastic_02476.jpg,metal_plastic,plastic,kaggle
../data/raw/Garbage_Dataset_Classification/images/plastic/plastic_00326.jpg,metal_plastic,plastic,kaggle
../data/raw/Garbage_Dataset_Classification/images/paper/paper_00985.jpg,cardboard_paper,paper,kaggle
../data/raw/Garbage_Dataset_Classification/images/trash/trash_19396.jpg,trash,trash,kaggle
../data/raw/Garbage_Dataset_Classification/images/paper/paper_02394.jpg,cardboard_paper,paper,kaggle
../data/raw/Garbage_Dataset_Classification/images/cardboard/cardboard_00549.jpg,cardboard_paper,cardboard,kaggle
../data/raw/Garbage_Dataset_Classification/images/cardboard/cardboard_01898.jpg,cardboard_paper,cardboard,kaggle
../data/raw/Garbage_Dataset_Classification/images/glass/glass_02364.jpg,trash,glass,kaggle
../data/raw/Garbage_Dataset_Classification/images/plastic/plastic_00836.jpg,metal_plastic,plastic,kaggle
../data/raw/Garbage_Dataset_Classification/images/plastic/plastic_02638.jpg,metal_plastic,plastic,kaggle
../data/raw/Garbage_Dataset_Classification/images/trash/trash_11195.jpg,trash,trash,kaggle
../data/raw/Garbage_Dataset_Classification/images/cardboard/cardboard_02979.jpg,cardboard_paper,cardboard,kaggle
../data/raw/Garbage_Dataset_Classification/images/glass/glass_00494.jpg,trash,glass,kaggle
../data/raw/Garbage_Dataset_Classification/images/metal/metal_01092.jpg,metal_plastic,metal,kaggle
../data/raw/Garbage_Dataset_Classification/images/paper/paper_02376.jpg,cardboard_paper,paper,kaggle
../data/raw/Garbage_Dataset_Classification/images/plastic/plastic_02477.jpg,metal_plastic,plastic,kaggle
../data/raw/Garbage_Dataset_Classification/images/metal/metal_02663.jpg,metal_plastic,metal,kaggle
../data/raw/Garbage_Dataset_Classification/images/plastic/plastic_01906.jpg,metal_plastic,plastic,kaggle
../data/raw/Garbage_Dataset_Classification/images/metal/metal_01293.jpg,metal_plastic,metal,kaggle
../data/raw/Garbage_Dataset_Classification/images/metal/metal_00571.jpg,metal_plastic,metal,kaggle
../data/raw/Garbage_Dataset_Classification/images/plastic/plastic_02960.jpg,metal_plastic,plastic,kaggle
../data/raw/Garbage_Dataset_Classification/images/trash/trash_07170.jpg,trash,trash,kaggle
../data/raw/Garbage_Dataset_Classification/images/glass/glass_01451.jpg,trash,glass,kaggle
../data/raw/Garbage_Dataset_Classification/images/paper/paper_01677.jpg,cardboard_paper,paper,kaggle
../data/raw/Garbage_Dataset_Classification/images/trash/trash_06613.jpg,trash,trash,kaggle
../data/raw/Garbage_Dataset_Classification/images/plastic/plastic_02705.jpg,metal_plastic,plastic,kaggle
../data/raw/Garbage_Dataset_Classification/images/glass/glass_04886.jpg,trash,glass,kaggle
../data/raw/Garbage_Dataset_Classification/images/plastic/plastic_01935.jpg,metal_plastic,plastic,kaggle
../data/raw/Garbage_Dataset_Classification/images/paper/paper_01053.jpg,cardboard_paper,paper,kaggle
../data/raw/Garbage_Dataset_Classification/images/glass/glass_01159.jpg,trash,glass,kaggle
../data/raw/Garbage_Dataset_Classification/images/glass/glass_01913.jpg,trash,glass,kaggle
../data/raw/Garbage_Dataset_Classification/images/metal/metal_01244.jpg,metal_plastic,metal,kaggle
../data/raw/Garbage_Dataset_Classification/images/trash/trash_00598.jpg,trash,trash,kaggle
../data/raw/Garbage_Dataset_Classification/images/glass/glass_03427.jpg,trash,glass,kaggle
../data/raw/Garbage_Dataset_Classification/images/trash/trash_17855.jpg,trash,trash,kaggle
../data/raw/Garbage_Dataset_Classification/images/glass/glass_02394.jpg,trash,glass,kaggle
../data/raw/Garbage_Dataset_Classification/images/trash/trash_18961.jpg,trash,trash,kaggle
../data/raw/Garbage_Dataset_Classification/images/glass/glass_04820.jpg,trash,glass,kaggle
../data/raw/Garbage_Dataset_Classification/images/trash/trash_08734.jpg,trash,trash,kaggle
../data/raw/Garbage_Dataset_Classification/images/trash/trash_01944.jpg,trash,trash,kaggle
../data/raw/Garbage_Dataset_Classification/images/paper/paper_02263.jpg,cardboard_paper,paper,kaggle
../data/raw/Garbage_Dataset_Classification/images/paper/paper_01435.jpg,cardboard_paper,paper,kaggle
../data/raw/Garbage_Dataset_Classification/images/trash/trash_08483.jpg,trash,trash,kaggle
../data/raw/Garbage_Dataset_Classification/images/plastic/plastic_02968.jpg,metal_plastic,plastic,kaggle
../data/raw/Garbage_Dataset_Classification/images/trash/trash_17841.jpg,trash,trash,kaggle
../data/raw/Garbage_Dataset_Classification/images/paper/paper_02788.jpg,cardboard_paper,paper,kaggle
../data/raw/Garbage_Dataset_Classification/images/plastic/plastic_02991.jpg,metal_plastic,plastic,kaggle
../data/raw/Garbage_Dataset_Classification/images/paper/paper_01705.jpg,cardboard_paper,paper,kaggle
../data/raw/Garbage_Dataset_Classification/images/plastic/plastic_01780.jpg,metal_plastic,plastic,kaggle
../data/raw/Garbage_Dataset_Classification/images/paper/paper_00781.jpg,cardboard_paper,paper,kaggle
../data/raw/Garbage_Dataset_Classification/images/trash/trash_06334.jpg,trash,trash,kaggle
../data/raw/Garbage_Dataset_Classification/images/metal/metal_01174.jpg,metal_plastic,metal,kaggle
../data/raw/Garbage_Dataset_Classification/images/metal/metal_02721.jpg,metal_plastic,metal,kaggle
../data/raw/Garbage_Dataset_Classification/images/glass/glass_03902.jpg,trash,glass,kaggle
../data/raw/Garbage_Dataset_Classification/images/metal/metal_00648.jpg,metal_plastic,metal,kaggle
../data/raw/Garbage_Dataset_Classification/images/plastic/plastic_00992.jpg,metal_plastic,plastic,kaggle
../data/raw/Garbage_Dataset_Classification/images/metal/metal_02635.jpg,metal_plastic,metal,kaggle
../data/raw/Garbage_Dataset_Classification/images/trash/trash_08739.jpg,trash,trash,kaggle
../data/raw/Garbage_Dataset_Classification/images/metal/metal_02181.jpg,metal_plastic,metal,kaggle
../data/raw/Garbage_Dataset_Classification/images/metal/metal_00488.jpg,metal_plastic,metal,kaggle
../data/raw/Garbage_Dataset_Classification/images/paper/paper_03043.jpg,cardboard_paper,paper,kaggle
../data/raw/Garbage_Dataset_Classification/images/metal/metal_02501.jpg,metal_plastic,metal,kaggle
../data/raw/Garbage_Dataset_Classification/images/cardboard/cardboard_02840.jpg,cardboard_paper,cardboard,kaggle
../data/raw/Garbage_Dataset_Classification/images/metal/metal_02339.jpg,metal_plastic,metal,kaggle
../data/raw/Garbage_Dataset_Classification/images/glass/glass_03502.jpg,trash,glass,kaggle
../data/raw/Garbage_Dataset_Classification/images/trash/trash_04450.jpg,trash,trash,kaggle
../data/raw/Garbage_Dataset_Classification/images/cardboard/cardboard_02957.jpg,cardboard_paper,cardboard,kaggle
../data/raw/Garbage_Dataset_Classification/images/metal/metal_02030.jpg,metal_plastic,metal,kaggle
../data/raw/Garbage_Dataset_Classification/images/cardboard/cardboard_01755.jpg,cardboard_paper,cardboard,kaggle
../data/raw/Garbage_Dataset_Classification/images/paper/paper_03284.jpg,cardboard_paper,paper,kaggle
../data/raw/Garbage_Dataset_Classification/images/glass/glass_05297.jpg,trash,glass,kaggle
../data/raw/Garbage_Dataset_Classification/images/trash/trash_00814.jpg,trash,trash,kaggle
../data/raw/Garbage_Dataset_Classification/images/paper/paper_01501.jpg,cardboard_paper,paper,kaggle
../data/raw/Garbage_Dataset_Classification/images/plastic/plastic_02120.jpg,metal_plastic,plastic,kaggle
../data/raw/Garbage_Dataset_Classification/images/metal/metal_02538.jpg,metal_plastic,metal,kaggle
../data/raw/Garbage_Dataset_Classification/images/trash/trash_19462.jpg,trash,trash,kaggle
../data/raw/Garbage_Dataset_Classification/images/metal/metal_01235.jpg,metal_plastic,metal,kaggle
../data/raw/Garbage_Dataset_Classification/images/metal/metal_02192.jpg,metal_plastic,metal,kaggle
../data/raw/Garbage_Dataset_Classification/images/plastic/plastic_01528.jpg,metal_plastic,plastic,kaggle
../data/raw/Garbage_Dataset_Classification/images/cardboard/cardboard_02968.jpg,cardboard_paper,cardboard,kaggle
../data/raw/Garbage_Dataset_Classification/images/glass/glass_03982.jpg,trash,glass,kaggle
../data/raw/Garbage_Dataset_Classification/images/metal/metal_02150.jpg,metal_plastic,metal,kaggle
../data/raw/Garbage_Dataset_Classification/images/glass/glass_03646.jpg,trash,glass,kaggle
../data/raw/Garbage_Dataset_Classification/images/metal/metal_01447.jpg,metal_plastic,metal,kaggle
../data/raw/Garbage_Dataset_Classification/images/glass/glass_04298.jpg,trash,glass,kaggle
../data/raw/Garbage_Dataset_Classification/images/cardboard/cardboard_02734.jpg,cardboard_paper,cardboard,kaggle
../data/raw/Garbage_Dataset_Classification/images/plastic/plastic_00598.jpg,metal_plastic,plastic,kaggle
../data/raw/Garbage_Dataset_Classification/images/plastic/plastic_00665.jpg,metal_plastic,plastic,kaggle
../data/raw/Garbage_Dataset_Classification/images/trash/trash_01610.jpg,trash,trash,kaggle
../data/raw/Garbage_Dataset_Classification/images/paper/paper_00304.jpg,cardboard_paper,paper,kaggle
../data/raw/Garbage_Dataset_Classification/images/metal/metal_02125.jpg,metal_plastic,metal,kaggle
../data/raw/Garbage_Dataset_Classification/images/glass/glass_03753.jpg,trash,glass,kaggle
../data/raw/Garbage_Dataset_Classification/images/metal/metal_02334.jpg,metal_plastic,metal,kaggle
../data/raw/Garbage_Dataset_Classification/images/glass/glass_05549.jpg,trash,glass,kaggle
../data/raw/Garbage_Dataset_Classification/images/paper/paper_02774.jpg,cardboard_paper,paper,kaggle
../data/raw/Garbage_Dataset_Classification/images/trash/trash_03571.jpg,trash,trash,kaggle
../data/raw/Garbage_Dataset_Classification/images/cardboard/cardboard_03046.jpg,cardboard_paper,cardboard,kaggle
../data/raw/Garbage_Dataset_Classification/images/trash/trash_00310.jpg,trash,trash,kaggle
../data/raw/Garbage_Dataset_Classification/images/paper/paper_00342.jpg,cardboard_paper,paper,kaggle
../data/raw/Garbage_Dataset_Classification/images/paper/paper_02752.jpg,cardboard_paper,paper,kaggle
../data/raw/Garbage_Dataset_Classification/images/metal/metal_01626.jpg,metal_plastic,metal,kaggle
../data/raw/Garbage_Dataset_Classification/images/trash/trash_08945.jpg,trash,trash,kaggle
../data/raw/Garbage_Dataset_Classification/images/glass/glass_05370.jpg,trash,glass,kaggle
../data/raw/Garbage_Dataset_Classification/images/cardboard/cardboard_02483.jpg,cardboard_paper,cardboard,kaggle
../data/raw/Garbage_Dataset_Classification/images/glass/glass_02023.jpg,trash,glass,kaggle
../data/raw/Garbage_Dataset_Classification/images/cardboard/cardboard_02572.jpg,cardboard_paper,cardboard,kaggle
../data/raw/Garbage_Dataset_Classification/images/metal/metal_02578.jpg,metal_plastic,metal,kaggle
../data/custom/ecoglasses/147980EF-F5AC-45B4-9A62-7D49E1F9D2A2_1_105_c.jpeg,ecoglasses,custom_ecoglasses,custom
../data/raw/Garbage_Dataset_Classification/images/plastic/plastic_02704.jpg,metal_plastic,plastic,kaggle
../data/raw/Garbage_Dataset_Classification/images/trash/trash_13134.jpg,trash,trash,kaggle
../data/raw/Garbage_Dataset_Classification/images/trash/trash_19495.jpg,trash,trash,kaggle
../data/raw/Garbage_Dataset_Classification/images/trash/trash_00267.jpg,trash,trash,kaggle
../data/raw/Garbage_Dataset_Classification/images/cardboard/cardboard_02551.jpg,cardboard_paper,cardboard,kaggle
../data/raw/Garbage_Dataset_Classification/images/metal/metal_00159.jpg,metal_plastic,metal,kaggle
../data/raw/Garbage_Dataset_Classification/images/paper/paper_02188.jpg,cardboard_paper,paper,kaggle
../data/raw/Garbage_Dataset_Classification/images/cardboard/cardboard_02006.jpg,cardboard_paper,cardboard,kaggle
../data/raw/Garbage_Dataset_Classification/images/plastic/plastic_02069.jpg,metal_plastic,plastic,kaggle
../data/raw/Garbage_Dataset_Classification/images/plastic/plastic_02219.jpg,metal_plastic,plastic,kaggle
../data/raw/Garbage_Dataset_Classification/images/glass/glass_00822.jpg,trash,glass,kaggle
../data/raw/Garbage_Dataset_Classification/images/cardboard/cardboard_01590.jpg,cardboard_paper,cardboard,kaggle
../data/raw/Garbage_Dataset_Classification/images/trash/trash_14480.jpg,trash,trash,kaggle
../data/raw/Garbage_Dataset_Classification/images/plastic/plastic_03216.jpg,metal_plastic,plastic,kaggle
../data/raw/Garbage_Dataset_Classification/images/paper/paper_02348.jpg,cardboard_paper,paper,kaggle
../data/raw/Garbage_Dataset_Classification/images/glass/glass_05128.jpg,trash,glass,kaggle
../data/raw/Garbage_Dataset_Classification/images/trash/trash_16796.jpg,trash,trash,kaggle
../data/raw/Garbage_Dataset_Classification/images/paper/paper_00283.jpg,cardboard_paper,paper,kaggle
../data/raw/Garbage_Dataset_Classification/images/glass/glass_04947.jpg,trash,glass,kaggle
../data/raw/Garbage_Dataset_Classification/images/metal/metal_01204.jpg,metal_plastic,metal,kaggle
../data/raw/Garbage_Dataset_Classification/images/trash/trash_10795.jpg,trash,trash,kaggle
../data/raw/Garbage_Dataset_Classification/images/trash/trash_11084.jpg,trash,trash,kaggle
../data/raw/Garbage_Dataset_Classification/images/metal/metal_01418.jpg,metal_plastic,metal,kaggle
../data/raw/Garbage_Dataset_Classification/images/plastic/plastic_02389.jpg,metal_plastic,plastic,kaggle
../data/raw/Garbage_Dataset_Classification/images/paper/paper_00908.jpg,cardboard_paper,paper,kaggle
../data/raw/Garbage_Dataset_Classification/images/cardboard/cardboard_02121.jpg,cardboard_paper,cardboard,kaggle
../data/raw/Garbage_Dataset_Classification/images/paper/paper_01740.jpg,cardboard_paper,paper,kaggle
../data/custom/ecoglasses/180AF419-ADE2-4683-9670-A6F87BFE61DC_1_105_c.jpeg,ecoglasses,custom_ecoglasses,custom
../data/raw/Garbage_Dataset_Classification/images/metal/metal_01065.jpg,metal_plastic,metal,kaggle
../data/raw/Garbage_Dataset_Classification/images/glass/glass_02584.jpg,trash,glass,kaggle
../data/raw/Garbage_Dataset_Classification/images/paper/paper_03068.jpg,cardboard_paper,paper,kaggle
../data/raw/Garbage_Dataset_Classification/images/trash/trash_20206.jpg,trash,trash,kaggle
../data/raw/Garbage_Dataset_Classification/images/paper/paper_03084.jpg,cardboard_paper,paper,kaggle
../data/raw/Garbage_Dataset_Classification/images/cardboard/cardboard_02808.jpg,cardboard_paper,cardboard,kaggle
../data/raw/Garbage_Dataset_Classification/images/cardboard/cardboard_02268.jpg,cardboard_paper,cardboard,kaggle
../data/raw/Garbage_Dataset_Classification/images/glass/glass_00712.jpg,trash,glass,kaggle
../data/raw/Garbage_Dataset_Classification/images/trash/trash_06755.jpg,trash,trash,kaggle
../data/raw/Garbage_Dataset_Classification/images/cardboard/cardboard_01339.jpg,cardboard_paper,cardboard,kaggle
../data/raw/Garbage_Dataset_Classification/images/trash/trash_17259.jpg,trash,trash,kaggle
../data/raw/Garbage_Dataset_Classification/images/paper/paper_02671.jpg,cardboard_paper,paper,kaggle
../data/raw/Garbage_Dataset_Classification/images/cardboard/cardboard_02502.jpg,cardboard_paper,cardboard,kaggle
../data/raw/Garbage_Dataset_Classification/images/paper/paper_01045.jpg,cardboard_paper,paper,kaggle
../data/raw/Garbage_Dataset_Classification/images/paper/paper_01042.jpg,cardboard_paper,paper,kaggle
../data/raw/Garbage_Dataset_Classification/images/metal/metal_02330.jpg,metal_plastic,metal,kaggle
../data/raw/Garbage_Dataset_Classification/images/paper/paper_01083.jpg,cardboard_paper,paper,kaggle
../data/raw/Garbage_Dataset_Classification/images/plastic/plastic_02822.jpg,metal_plastic,plastic,kaggle
../data/raw/Garbage_Dataset_Classification/images/paper/paper_02602.jpg,cardboard_paper,paper,kaggle
../data/raw/Garbage_Dataset_Classification/images/trash/trash_06958.jpg,trash,trash,kaggle
../data/raw/Garbage_Dataset_Classification/images/trash/trash_17719.jpg,trash,trash,kaggle
../data/raw/Garbage_Dataset_Classification/images/paper/paper_02785.jpg,cardboard_paper,paper,kaggle
../data/raw/Garbage_Dataset_Classification/images/glass/glass_02979.jpg,trash,glass,kaggle
../data/raw/Garbage_Dataset_Classification/images/trash/trash_14561.jpg,trash,trash,kaggle
../data/raw/Garbage_Dataset_Classification/images/cardboard/cardboard_01972.jpg,cardboard_paper,cardboard,kaggle
../data/raw/Garbage_Dataset_Classification/images/cardboard/cardboard_00727.jpg,cardboard_paper,cardboard,kaggle
../data/raw/Garbage_Dataset_Classification/images/glass/glass_04092.jpg,trash,glass,kaggle
../data/raw/Garbage_Dataset_Classification/images/glass/glass_04337.jpg,trash,glass,kaggle
../data/raw/Garbage_Dataset_Classification/images/trash/trash_13579.jpg,trash,trash,kaggle
../data/raw/Garbage_Dataset_Classification/images/metal/metal_02479.jpg,metal_plastic,metal,kaggle
../data/raw/Garbage_Dataset_Classification/images/paper/paper_00037.jpg,cardboard_paper,paper,kaggle
../data/raw/Garbage_Dataset_Classification/images/cardboard/cardboard_01661.jpg,cardboard_paper,cardboard,kaggle
../data/raw/Garbage_Dataset_Classification/images/trash/trash_05693.jpg,trash,trash,kaggle
../data/raw/Garbage_Dataset_Classification/images/plastic/plastic_02707.jpg,metal_plastic,plastic,kaggle
../data/raw/Garbage_Dataset_Classification/images/cardboard/cardboard_02114.jpg,cardboard_paper,cardboard,kaggle
../data/raw/Garbage_Dataset_Classification/images/plastic/plastic_02049.jpg,metal_plastic,plastic,kaggle
../data/raw/Garbage_Dataset_Classification/images/paper/paper_02972.jpg,cardboard_paper,paper,kaggle
../data/raw/Garbage_Dataset_Classification/images/glass/glass_05460.jpg,trash,glass,kaggle
../data/raw/Garbage_Dataset_Classification/images/glass/glass_01894.jpg,trash,glass,kaggle
../data/raw/Garbage_Dataset_Classification/images/trash/trash_01731.jpg,trash,trash,kaggle
../data/raw/Garbage_Dataset_Classification/images/glass/glass_04210.jpg,trash,glass,kaggle
../data/raw/Garbage_Dataset_Classification/images/cardboard/cardboard_01797.jpg,cardboard_paper,cardboard,kaggle
../data/raw/Garbage_Dataset_Classification/images/plastic/plastic_03269.jpg,metal_plastic,plastic,kaggle
../data/raw/Garbage_Dataset_Classification/images/metal/metal_01272.jpg,metal_plastic,metal,kaggle
../data/raw/Garbage_Dataset_Classification/images/metal/metal_00895.jpg,metal_plastic,metal,kaggle
../data/raw/Garbage_Dataset_Classification/images/cardboard/cardboard_02573.jpg,cardboard_paper,cardboard,kaggle
../data/raw/Garbage_Dataset_Classification/images/trash/trash_00509.jpg,trash,trash,kaggle
../data/raw/Garbage_Dataset_Classification/images/glass/glass_03597.jpg,trash,glass,kaggle
../data/raw/Garbage_Dataset_Classification/images/trash/trash_11884.jpg,trash,trash,kaggle
../data/raw/Garbage_Dataset_Classification/images/cardboard/cardboard_00743.jpg,cardboard_paper,cardboard,kaggle
../data/raw/Garbage_Dataset_Classification/images/trash/trash_19248.jpg,trash,trash,kaggle
../data/raw/Garbage_Dataset_Classification/images/paper/paper_02434.jpg,cardboard_paper,paper,kaggle
../data/raw/Garbage_Dataset_Classification/images/trash/trash_07878.jpg,trash,trash,kaggle
../data/raw/Garbage_Dataset_Classification/images/metal/metal_01587.jpg,metal_plastic,metal,kaggle
../data/raw/Garbage_Dataset_Classification/images/trash/trash_14006.jpg,trash,trash,kaggle
../data/raw/Garbage_Dataset_Classification/images/glass/glass_03832.jpg,trash,glass,kaggle
../data/raw/Garbage_Dataset_Classification/images/trash/trash_18679.jpg,trash,trash,kaggle
../data/raw/Garbage_Dataset_Classification/images/trash/trash_03740.jpg,trash,trash,kaggle
../data/raw/Garbage_Dataset_Classification/images/paper/paper_01467.jpg,cardboard_paper,paper,kaggle
../data/raw/Garbage_Dataset_Classification/images/glass/glass_01831.jpg,trash,glass,kaggle
../data/raw/Garbage_Dataset_Classification/images/trash/trash_09533.jpg,trash,trash,kaggle
../data/raw/Garbage_Dataset_Classification/images/trash/trash_10109.jpg,trash,trash,kaggle
../data/raw/Garbage_Dataset_Classification/images/plastic/plastic_03239.jpg,metal_plastic,plastic,kaggle
../data/raw/Garbage_Dataset_Classification/images/metal/metal_01182.jpg,metal_plastic,metal,kaggle
../data/raw/Garbage_Dataset_Classification/images/cardboard/cardboard_02092.jpg,cardboard_paper,cardboard,kaggle
../data/raw/Garbage_Dataset_Classification/images/plastic/plastic_02546.jpg,metal_plastic,plastic,kaggle
../data/raw/Garbage_Dataset_Classification/images/glass/glass_01030.jpg,trash,glass,kaggle
../data/raw/Garbage_Dataset_Classification/images/cardboard/cardboard_03070.jpg,cardboard_paper,cardboard,kaggle
../data/raw/Garbage_Dataset_Classification/images/plastic/plastic_01406.jpg,metal_plastic,plastic,kaggle
../data/raw/Garbage_Dataset_Classification/images/cardboard/cardboard_02653.jpg,cardboard_paper,cardboard,kaggle
../data/raw/Garbage_Dataset_Classification/images/metal/metal_01280.jpg,metal_plastic,metal,kaggle
../data/raw/Garbage_Dataset_Classification/images/metal/metal_00791.jpg,metal_plastic,metal,kaggle
../data/raw/Garbage_Dataset_Classification/images/plastic/plastic_01928.jpg,metal_plastic,plastic,kaggle
../data/raw/Garbage_Dataset_Classification/images/paper/paper_01661.jpg,cardboard_paper,paper,kaggle
../data/raw/Garbage_Dataset_Classification/images/metal/metal_01505.jpg,metal_plastic,metal,kaggle
../data/raw/Garbage_Dataset_Classification/images/paper/paper_00663.jpg,cardboard_paper,paper,kaggle
../data/raw/Garbage_Dataset_Classification/images/plastic/plastic_03022.jpg,metal_plastic,plastic,kaggle
../data/raw/Garbage_Dataset_Classification/images/metal/metal_01039.jpg,metal_plastic,metal,kaggle
../data/raw/Garbage_Dataset_Classification/images/trash/trash_15050.jpg,trash,trash,kaggle
../data/raw/Garbage_Dataset_Classification/images/metal/metal_02535.jpg,metal_plastic,metal,kaggle
../data/raw/Garbage_Dataset_Classification/images/metal/metal_01471.jpg,metal_plastic,metal,kaggle
../data/raw/Garbage_Dataset_Classification/images/plastic/plastic_00277.jpg,metal_plastic,plastic,kaggle
../data/raw/Garbage_Dataset_Classification/images/paper/paper_02201.jpg,cardboard_paper,paper,kaggle
../data/raw/Garbage_Dataset_Classification/images/cardboard/cardboard_01630.jpg,cardboard_paper,cardboard,kaggle
../data/raw/Garbage_Dataset_Classification/images/paper/paper_02233.jpg,cardboard_paper,paper,kaggle
../data/raw/Garbage_Dataset_Classification/images/plastic/plastic_02494.jpg,metal_plastic,plastic,kaggle
../data/raw/Garbage_Dataset_Classification/images/trash/trash_05753.jpg,trash,trash,kaggle
../data/raw/Garbage_Dataset_Classification/images/plastic/plastic_01786.jpg,metal_plastic,plastic,kaggle
../data/raw/Garbage_Dataset_Classification/images/plastic/plastic_02979.jpg,metal_plastic,plastic,kaggle
../data/raw/Garbage_Dataset_Classification/images/paper/paper_02427.jpg,cardboard_paper,paper,kaggle
../data/raw/Garbage_Dataset_Classification/images/plastic/plastic_02757.jpg,metal_plastic,plastic,kaggle
../data/raw/Garbage_Dataset_Classification/images/paper/paper_02746.jpg,cardboard_paper,paper,kaggle
../data/raw/Garbage_Dataset_Classification/images/glass/glass_00859.jpg,trash,glass,kaggle
../data/raw/Garbage_Dataset_Classification/images/cardboard/cardboard_00424.jpg,cardboard_paper,cardboard,kaggle
../data/raw/Garbage_Dataset_Classification/images/glass/glass_00924.jpg,trash,glass,kaggle
../data/raw/Garbage_Dataset_Classification/images/paper/paper_00656.jpg,cardboard_paper,paper,kaggle
../data/raw/Garbage_Dataset_Classification/images/cardboard/cardboard_02231.jpg,cardboard_paper,cardboard,kaggle
../data/raw/Garbage_Dataset_Classification/images/trash/trash_00323.jpg,trash,trash,kaggle
../data/raw/Garbage_Dataset_Classification/images/plastic/plastic_00819.jpg,metal_plastic,plastic,kaggle
../data/raw/Garbage_Dataset_Classification/images/plastic/plastic_00695.jpg,metal_plastic,plastic,kaggle
../data/raw/Garbage_Dataset_Classification/images/cardboard/cardboard_00788.jpg,cardboard_paper,cardboard,kaggle
../data/raw/Garbage_Dataset_Classification/images/cardboard/cardboard_01311.jpg,cardboard_paper,cardboard,kaggle
../data/raw/Garbage_Dataset_Classification/images/trash/trash_19620.jpg,trash,trash,kaggle
../data/raw/Garbage_Dataset_Classification/images/cardboard/cardboard_00948.jpg,cardboard_paper,cardboard,kaggle
../data/raw/Garbage_Dataset_Classification/images/metal/metal_00434.jpg,metal_plastic,metal,kaggle
../data/raw/Garbage_Dataset_Classification/images/paper/paper_02855.jpg,cardboard_paper,paper,kaggle
../data/raw/Garbage_Dataset_Classification/images/glass/glass_05525.jpg,trash,glass,kaggle
../data/raw/Garbage_Dataset_Classification/images/plastic/plastic_02568.jpg,metal_plastic,plastic,kaggle
../data/raw/Garbage_Dataset_Classification/images/plastic/plastic_02986.jpg,metal_plastic,plastic,kaggle
../data/raw/Garbage_Dataset_Classification/images/glass/glass_03697.jpg,trash,glass,kaggle
../data/raw/Garbage_Dataset_Classification/images/trash/trash_05598.jpg,trash,trash,kaggle
../data/raw/Garbage_Dataset_Classification/images/glass/glass_00636.jpg,trash,glass,kaggle
../data/raw/Garbage_Dataset_Classification/images/metal/metal_01985.jpg,metal_plastic,metal,kaggle
../data/raw/Garbage_Dataset_Classification/images/cardboard/cardboard_02396.jpg,cardboard_paper,cardboard,kaggle
../data/raw/Garbage_Dataset_Classification/images/cardboard/cardboard_02087.jpg,cardboard_paper,cardboard,kaggle
../data/raw/Garbage_Dataset_Classification/images/trash/trash_14273.jpg,trash,trash,kaggle
../data/raw/Garbage_Dataset_Classification/images/plastic/plastic_01193.jpg,metal_plastic,plastic,kaggle
../data/raw/Garbage_Dataset_Classification/images/glass/glass_03822.jpg,trash,glass,kaggle
../data/raw/Garbage_Dataset_Classification/images/glass/glass_00804.jpg,trash,glass,kaggle
../data/raw/Garbage_Dataset_Classification/images/metal/metal_00761.jpg,metal_plastic,metal,kaggle
../data/raw/Garbage_Dataset_Classification/images/plastic/plastic_01105.jpg,metal_plastic,plastic,kaggle
../data/raw/Garbage_Dataset_Classification/images/cardboard/cardboard_01259.jpg,cardboard_paper,cardboard,kaggle
../data/raw/Garbage_Dataset_Classification/images/paper/paper_01461.jpg,cardboard_paper,paper,kaggle
../data/raw/Garbage_Dataset_Classification/images/metal/metal_01814.jpg,metal_plastic,metal,kaggle
../data/raw/Garbage_Dataset_Classification/images/glass/glass_02996.jpg,trash,glass,kaggle
../data/raw/Garbage_Dataset_Classification/images/cardboard/cardboard_02048.jpg,cardboard_paper,cardboard,kaggle
../data/raw/Garbage_Dataset_Classification/images/trash/trash_04160.jpg,trash,trash,kaggle
../data/raw/Garbage_Dataset_Classification/images/trash/trash_06551.jpg,trash,trash,kaggle
../data/raw/Garbage_Dataset_Classification/images/trash/trash_06800.jpg,trash,trash,kaggle
../data/raw/Garbage_Dataset_Classification/images/paper/paper_02466.jpg,cardboard_paper,paper,kaggle
../data/raw/Garbage_Dataset_Classification/images/plastic/plastic_00029.jpg,metal_plastic,plastic,kaggle
../data/raw/Garbage_Dataset_Classification/images/cardboard/cardboard_03109.jpg,cardboard_paper,cardboard,kaggle
../data/raw/Garbage_Dataset_Classification/images/cardboard/cardboard_02779.jpg,cardboard_paper,cardboard,kaggle
../data/raw/Garbage_Dataset_Classification/images/plastic/plastic_01863.jpg,metal_plastic,plastic,kaggle
../data/raw/Garbage_Dataset_Classification/images/trash/trash_11003.jpg,trash,trash,kaggle
../data/raw/Garbage_Dataset_Classification/images/trash/trash_09571.jpg,trash,trash,kaggle
../data/raw/Garbage_Dataset_Classification/images/paper/paper_02234.jpg,cardboard_paper,paper,kaggle
../data/raw/Garbage_Dataset_Classification/images/plastic/plastic_02112.jpg,metal_plastic,plastic,kaggle
../data/raw/Garbage_Dataset_Classification/images/glass/glass_02106.jpg,trash,glass,kaggle
../data/raw/Garbage_Dataset_Classification/images/metal/metal_02523.jpg,metal_plastic,metal,kaggle
../data/raw/Garbage_Dataset_Classification/images/paper/paper_01524.jpg,cardboard_paper,paper,kaggle
../data/raw/Garbage_Dataset_Classification/images/paper/paper_02023.jpg,cardboard_paper,paper,kaggle
../data/raw/Garbage_Dataset_Classification/images/paper/paper_01718.jpg,cardboard_paper,paper,kaggle
../data/raw/Garbage_Dataset_Classification/images/paper/paper_02455.jpg,cardboard_paper,paper,kaggle
../data/raw/Garbage_Dataset_Classification/images/paper/paper_01764.jpg,cardboard_paper,paper,kaggle
../data/raw/Garbage_Dataset_Classification/images/cardboard/cardboard_02429.jpg,cardboard_paper,cardboard,kaggle
../data/raw/Garbage_Dataset_Classification/images/glass/glass_01803.jpg,trash,glass,kaggle
../data/raw/Garbage_Dataset_Classification/images/cardboard/cardboard_01328.jpg,cardboard_paper,cardboard,kaggle
../data/raw/Garbage_Dataset_Classification/images/glass/glass_04286.jpg,trash,glass,kaggle
../data/raw/Garbage_Dataset_Classification/images/trash/trash_03696.jpg,trash,trash,kaggle
../data/raw/Garbage_Dataset_Classification/images/glass/glass_02957.jpg,trash,glass,kaggle
../data/raw/Garbage_Dataset_Classification/images/paper/paper_03266.jpg,cardboard_paper,paper,kaggle
../data/raw/Garbage_Dataset_Classification/images/cardboard/cardboard_02818.jpg,cardboard_paper,cardboard,kaggle
../data/raw/Garbage_Dataset_Classification/images/paper/paper_01998.jpg,cardboard_paper,paper,kaggle
../data/raw/Garbage_Dataset_Classification/images/glass/glass_02801.jpg,trash,glass,kaggle
../data/raw/Garbage_Dataset_Classification/images/plastic/plastic_01646.jpg,metal_plastic,plastic,kaggle
../data/raw/Garbage_Dataset_Classification/images/paper/paper_03144.jpg,cardboard_paper,paper,kaggle
../data/raw/Garbage_Dataset_Classification/images/cardboard/cardboard_02620.jpg,cardboard_paper,cardboard,kaggle
../data/raw/Garbage_Dataset_Classification/images/glass/glass_02916.jpg,trash,glass,kaggle
../data/raw/Garbage_Dataset_Classification/images/glass/glass_01723.jpg,trash,glass,kaggle
../data/raw/Garbage_Dataset_Classification/images/glass/glass_04601.jpg,trash,glass,kaggle
../data/raw/Garbage_Dataset_Classification/images/glass/glass_05273.jpg,trash,glass,kaggle
../data/raw/Garbage_Dataset_Classification/images/paper/paper_02257.jpg,cardboard_paper,paper,kaggle
../data/raw/Garbage_Dataset_Classification/images/glass/glass_03181.jpg,trash,glass,kaggle
../data/raw/Garbage_Dataset_Classification/images/metal/metal_00375.jpg,metal_plastic,metal,kaggle
../data/raw/Garbage_Dataset_Classification/images/trash/trash_01985.jpg,trash,trash,kaggle
../data/raw/Garbage_Dataset_Classification/images/glass/glass_00236.jpg,trash,glass,kaggle
../data/raw/Garbage_Dataset_Classification/images/plastic/plastic_01040.jpg,metal_plastic,plastic,kaggle
../data/raw/Garbage_Dataset_Classification/images/plastic/plastic_01347.jpg,metal_plastic,plastic,kaggle
../data/raw/Garbage_Dataset_Classification/images/paper/paper_01887.jpg,cardboard_paper,paper,kaggle
../data/raw/Garbage_Dataset_Classification/images/cardboard/cardboard_01489.jpg,cardboard_paper,cardboard,kaggle
../data/raw/Garbage_Dataset_Classification/images/glass/glass_04751.jpg,trash,glass,kaggle
../data/raw/Garbage_Dataset_Classification/images/plastic/plastic_03007.jpg,metal_plastic,plastic,kaggle
../data/raw/Garbage_Dataset_Classification/images/metal/metal_01911.jpg,metal_plastic,metal,kaggle
../data/raw/Garbage_Dataset_Classification/images/trash/trash_00240.jpg,trash,trash,kaggle
../data/raw/Garbage_Dataset_Classification/images/glass/glass_00713.jpg,trash,glass,kaggle
../data/raw/Garbage_Dataset_Classification/images/glass/glass_01371.jpg,trash,glass,kaggle
../data/raw/Garbage_Dataset_Classification/images/paper/paper_02444.jpg,cardboard_paper,paper,kaggle
../data/raw/Garbage_Dataset_Classification/images/metal/metal_00878.jpg,metal_plastic,metal,kaggle
../data/raw/Garbage_Dataset_Classification/images/trash/trash_13583.jpg,trash,trash,kaggle
../data/raw/Garbage_Dataset_Classification/images/trash/trash_02790.jpg,trash,trash,kaggle
../data/raw/Garbage_Dataset_Classification/images/cardboard/cardboard_00690.jpg,cardboard_paper,cardboard,kaggle
../data/raw/Garbage_Dataset_Classification/images/plastic/plastic_00643.jpg,metal_plastic,plastic,kaggle
../data/custom/ecoglasses/D3B225F6-1A68-4714-9A7C-929D8B56D7BA_1_105_c.jpeg,ecoglasses,custom_ecoglasses,custom
../data/raw/Garbage_Dataset_Classification/images/metal/metal_01711.jpg,metal_plastic,metal,kaggle
../data/raw/Garbage_Dataset_Classification/images/metal/metal_02031.jpg,metal_plastic,metal,kaggle
../data/raw/Garbage_Dataset_Classification/images/plastic/plastic_02193.jpg,metal_plastic,plastic,kaggle
../data/raw/Garbage_Dataset_Classification/images/cardboard/cardboard_02182.jpg,cardboard_paper,cardboard,kaggle
../data/raw/Garbage_Dataset_Classification/images/glass/glass_01019.jpg,trash,glass,kaggle
../data/raw/Garbage_Dataset_Classification/images/plastic/plastic_01707.jpg,metal_plastic,plastic,kaggle
../data/raw/Garbage_Dataset_Classification/images/plastic/plastic_02662.jpg,metal_plastic,plastic,kaggle
../data/raw/Garbage_Dataset_Classification/images/cardboard/cardboard_02516.jpg,cardboard_paper,cardboard,kaggle
../data/raw/Garbage_Dataset_Classification/images/plastic/plastic_00971.jpg,metal_plastic,plastic,kaggle
../data/raw/Garbage_Dataset_Classification/images/plastic/plastic_02148.jpg,metal_plastic,plastic,kaggle
../data/raw/Garbage_Dataset_Classification/images/cardboard/cardboard_02136.jpg,cardboard_paper,cardboard,kaggle
../data/raw/Garbage_Dataset_Classification/images/glass/glass_04605.jpg,trash,glass,kaggle
../data/raw/Garbage_Dataset_Classification/images/plastic/plastic_02475.jpg,metal_plastic,plastic,kaggle
../data/raw/Garbage_Dataset_Classification/images/glass/glass_03409.jpg,trash,glass,kaggle
../data/raw/Garbage_Dataset_Classification/images/plastic/plastic_01726.jpg,metal_plastic,plastic,kaggle
../data/raw/Garbage_Dataset_Classification/images/trash/trash_11081.jpg,trash,trash,kaggle
../data/raw/Garbage_Dataset_Classification/images/cardboard/cardboard_00173.jpg,cardboard_paper,cardboard,kaggle
../data/raw/Garbage_Dataset_Classification/images/paper/paper_03209.jpg,cardboard_paper,paper,kaggle
../data/raw/Garbage_Dataset_Classification/images/plastic/plastic_02404.jpg,metal_plastic,plastic,kaggle
../data/raw/Garbage_Dataset_Classification/images/trash/trash_08598.jpg,trash,trash,kaggle
../data/raw/Garbage_Dataset_Classification/images/plastic/plastic_01625.jpg,metal_plastic,plastic,kaggle
../data/raw/Garbage_Dataset_Classification/images/trash/trash_19362.jpg,trash,trash,kaggle
../data/raw/Garbage_Dataset_Classification/images/plastic/plastic_02885.jpg,metal_plastic,plastic,kaggle
../data/raw/Garbage_Dataset_Classification/images/trash/trash_15706.jpg,trash,trash,kaggle
../data/raw/Garbage_Dataset_Classification/images/cardboard/cardboard_02461.jpg,cardboard_paper,cardboard,kaggle
../data/raw/Garbage_Dataset_Classification/images/trash/trash_03985.jpg,trash,trash,kaggle
../data/raw/Garbage_Dataset_Classification/images/cardboard/cardboard_03008.jpg,cardboard_paper,cardboard,kaggle
../data/raw/Garbage_Dataset_Classification/images/metal/metal_01941.jpg,metal_plastic,metal,kaggle
../data/raw/Garbage_Dataset_Classification/images/trash/trash_02608.jpg,trash,trash,kaggle
../data/raw/Garbage_Dataset_Classification/images/glass/glass_05070.jpg,trash,glass,kaggle
../data/raw/Garbage_Dataset_Classification/images/paper/paper_03163.jpg,cardboard_paper,paper,kaggle
../data/raw/Garbage_Dataset_Classification/images/paper/paper_02282.jpg,cardboard_paper,paper,kaggle
../data/raw/Garbage_Dataset_Classification/images/trash/trash_11446.jpg,trash,trash,kaggle
../data/raw/Garbage_Dataset_Classification/images/glass/glass_00174.jpg,trash,glass,kaggle
../data/raw/Garbage_Dataset_Classification/images/paper/paper_00074.jpg,cardboard_paper,paper,kaggle
../data/raw/Garbage_Dataset_Classification/images/trash/trash_00748.jpg,trash,trash,kaggle
../data/raw/Garbage_Dataset_Classification/images/metal/metal_01925.jpg,metal_plastic,metal,kaggle
../data/raw/Garbage_Dataset_Classification/images/metal/metal_00578.jpg,metal_plastic,metal,kaggle
../data/raw/Garbage_Dataset_Classification/images/plastic/plastic_02506.jpg,metal_plastic,plastic,kaggle
../data/raw/Garbage_Dataset_Classification/images/glass/glass_04204.jpg,trash,glass,kaggle
../data/raw/Garbage_Dataset_Classification/images/plastic/plastic_02592.jpg,metal_plastic,plastic,kaggle
../data/raw/Garbage_Dataset_Classification/images/plastic/plastic_02433.jpg,metal_plastic,plastic,kaggle
../data/raw/Garbage_Dataset_Classification/images/paper/paper_02107.jpg,cardboard_paper,paper,kaggle
../data/raw/Garbage_Dataset_Classification/images/plastic/plastic_01910.jpg,metal_plastic,plastic,kaggle
../data/raw/Garbage_Dataset_Classification/images/paper/paper_02901.jpg,cardboard_paper,paper,kaggle
../data/raw/Garbage_Dataset_Classification/images/plastic/plastic_02906.jpg,metal_plastic,plastic,kaggle
../data/raw/Garbage_Dataset_Classification/images/glass/glass_04913.jpg,trash,glass,kaggle
../data/raw/Garbage_Dataset_Classification/images/paper/paper_02645.jpg,cardboard_paper,paper,kaggle
../data/raw/Garbage_Dataset_Classification/images/metal/metal_02602.jpg,metal_plastic,metal,kaggle
../data/raw/Garbage_Dataset_Classification/images/paper/paper_02075.jpg,cardboard_paper,paper,kaggle
../data/raw/Garbage_Dataset_Classification/images/glass/glass_01513.jpg,trash,glass,kaggle
../data/raw/Garbage_Dataset_Classification/images/metal/metal_01684.jpg,metal_plastic,metal,kaggle
../data/custom/ecoglasses/F4C869CE-97B8-42F2-A29D-84C4246E23B5_1_105_c.jpeg,ecoglasses,custom_ecoglasses,custom
../data/raw/Garbage_Dataset_Classification/images/metal/metal_01136.jpg,metal_plastic,metal,kaggle
../data/raw/Garbage_Dataset_Classification/images/trash/trash_13789.jpg,trash,trash,kaggle
../data/raw/Garbage_Dataset_Classification/images/glass/glass_00525.jpg,trash,glass,kaggle
../data/custom/ecoglasses/2DF252CD-089C-4451-ACC7-30AF9A87A2E4_1_105_c.jpeg,ecoglasses,custom_ecoglasses,custom
../data/raw/Garbage_Dataset_Classification/images/cardboard/cardboard_00739.jpg,cardboard_paper,cardboard,kaggle
../data/raw/Garbage_Dataset_Classification/images/paper/paper_01831.jpg,cardboard_paper,paper,kaggle
../data/raw/Garbage_Dataset_Classification/images/cardboard/cardboard_00366.jpg,cardboard_paper,cardboard,kaggle
../data/raw/Garbage_Dataset_Classification/images/paper/paper_01762.jpg,cardboard_paper,paper,kaggle
../data/raw/Garbage_Dataset_Classification/images/paper/paper_03066.jpg,cardboard_paper,paper,kaggle
../data/raw/Garbage_Dataset_Classification/images/glass/glass_04526.jpg,trash,glass,kaggle
../data/raw/Garbage_Dataset_Classification/images/paper/paper_01025.jpg,cardboard_paper,paper,kaggle
../data/raw/Garbage_Dataset_Classification/images/glass/glass_05461.jpg,trash,glass,kaggle
../data/raw/Garbage_Dataset_Classification/images/trash/trash_12426.jpg,trash,trash,kaggle
../data/raw/Garbage_Dataset_Classification/images/metal/metal_01367.jpg,metal_plastic,metal,kaggle
../data/raw/Garbage_Dataset_Classification/images/paper/paper_01016.jpg,cardboard_paper,paper,kaggle
../data/raw/Garbage_Dataset_Classification/images/glass/glass_01400.jpg,trash,glass,kaggle
../data/raw/Garbage_Dataset_Classification/images/cardboard/cardboard_02901.jpg,cardboard_paper,cardboard,kaggle
../data/raw/Garbage_Dataset_Classification/images/paper/paper_03170.jpg,cardboard_paper,paper,kaggle
../data/raw/Garbage_Dataset_Classification/images/plastic/plastic_03200.jpg,metal_plastic,plastic,kaggle
../data/raw/Garbage_Dataset_Classification/images/glass/glass_02270.jpg,trash,glass,kaggle
../data/raw/Garbage_Dataset_Classification/images/cardboard/cardboard_02865.jpg,cardboard_paper,cardboard,kaggle
../data/raw/Garbage_Dataset_Classification/images/trash/trash_19936.jpg,trash,trash,kaggle
../data/raw/Garbage_Dataset_Classification/images/paper/paper_01033.jpg,cardboard_paper,paper,kaggle
../data/raw/Garbage_Dataset_Classification/images/glass/glass_04076.jpg,trash,glass,kaggle
../data/raw/Garbage_Dataset_Classification/images/cardboard/cardboard_02883.jpg,cardboard_paper,cardboard,kaggle
../data/raw/Garbage_Dataset_Classification/images/glass/glass_01917.jpg,trash,glass,kaggle
../data/raw/Garbage_Dataset_Classification/images/cardboard/cardboard_02303.jpg,cardboard_paper,cardboard,kaggle
../data/raw/Garbage_Dataset_Classification/images/trash/trash_04548.jpg,trash,trash,kaggle
../data/raw/Garbage_Dataset_Classification/images/paper/paper_00235.jpg,cardboard_paper,paper,kaggle
../data/raw/Garbage_Dataset_Classification/images/glass/glass_02843.jpg,trash,glass,kaggle
../data/raw/Garbage_Dataset_Classification/images/cardboard/cardboard_01062.jpg,cardboard_paper,cardboard,kaggle
../data/raw/Garbage_Dataset_Classification/images/glass/glass_00751.jpg,trash,glass,kaggle
../data/raw/Garbage_Dataset_Classification/images/paper/paper_00131.jpg,cardboard_paper,paper,kaggle
../data/raw/Garbage_Dataset_Classification/images/metal/metal_00552.jpg,metal_plastic,metal,kaggle
../data/raw/Garbage_Dataset_Classification/images/metal/metal_01917.jpg,metal_plastic,metal,kaggle
../data/raw/Garbage_Dataset_Classification/images/plastic/plastic_02445.jpg,metal_plastic,plastic,kaggle
../data/raw/Garbage_Dataset_Classification/images/trash/trash_09363.jpg,trash,trash,kaggle
../data/raw/Garbage_Dataset_Classification/images/plastic/plastic_02010.jpg,metal_plastic,plastic,kaggle
../data/raw/Garbage_Dataset_Classification/images/trash/trash_02043.jpg,trash,trash,kaggle
../data/raw/Garbage_Dataset_Classification/images/metal/metal_02189.jpg,metal_plastic,metal,kaggle
../data/raw/Garbage_Dataset_Classification/images/metal/metal_02412.jpg,metal_plastic,metal,kaggle
../data/raw/Garbage_Dataset_Classification/images/trash/trash_08506.jpg,trash,trash,kaggle
../data/raw/Garbage_Dataset_Classification/images/paper/paper_01892.jpg,cardboard_paper,paper,kaggle
../data/raw/Garbage_Dataset_Classification/images/trash/trash_02988.jpg,trash,trash,kaggle
../data/raw/Garbage_Dataset_Classification/images/metal/metal_02296.jpg,metal_plastic,metal,kaggle
../data/raw/Garbage_Dataset_Classification/images/trash/trash_04567.jpg,trash,trash,kaggle
../data/raw/Garbage_Dataset_Classification/images/plastic/plastic_03246.jpg,metal_plastic,plastic,kaggle
../data/raw/Garbage_Dataset_Classification/images/paper/paper_02651.jpg,cardboard_paper,paper,kaggle
../data/raw/Garbage_Dataset_Classification/images/plastic/plastic_00528.jpg,metal_plastic,plastic,kaggle
../data/raw/Garbage_Dataset_Classification/images/trash/trash_19253.jpg,trash,trash,kaggle
../data/raw/Garbage_Dataset_Classification/images/metal/metal_00871.jpg,metal_plastic,metal,kaggle
../data/raw/Garbage_Dataset_Classification/images/trash/trash_04654.jpg,trash,trash,kaggle
../data/raw/Garbage_Dataset_Classification/images/metal/metal_01884.jpg,metal_plastic,metal,kaggle
../data/raw/Garbage_Dataset_Classification/images/plastic/plastic_02286.jpg,metal_plastic,plastic,kaggle
../data/raw/Garbage_Dataset_Classification/images/paper/paper_00022.jpg,cardboard_paper,paper,kaggle
../data/raw/Garbage_Dataset_Classification/images/plastic/plastic_02318.jpg,metal_plastic,plastic,kaggle
../data/raw/Garbage_Dataset_Classification/images/metal/metal_02336.jpg,metal_plastic,metal,kaggle
../data/raw/Garbage_Dataset_Classification/images/metal/metal_01855.jpg,metal_plastic,metal,kaggle
../data/raw/Garbage_Dataset_Classification/images/plastic/plastic_01191.jpg,metal_plastic,plastic,kaggle
../data/raw/Garbage_Dataset_Classification/images/glass/glass_03186.jpg,trash,glass,kaggle
../data/raw/Garbage_Dataset_Classification/images/paper/paper_02969.jpg,cardboard_paper,paper,kaggle
../data/raw/Garbage_Dataset_Classification/images/trash/trash_03163.jpg,trash,trash,kaggle
../data/raw/Garbage_Dataset_Classification/images/plastic/plastic_00240.jpg,metal_plastic,plastic,kaggle
../data/raw/Garbage_Dataset_Classification/images/trash/trash_14602.jpg,trash,trash,kaggle
../data/raw/Garbage_Dataset_Classification/images/cardboard/cardboard_00583.jpg,cardboard_paper,cardboard,kaggle
../data/raw/Garbage_Dataset_Classification/images/metal/metal_01175.jpg,metal_plastic,metal,kaggle
../data/raw/Garbage_Dataset_Classification/images/metal/metal_02463.jpg,metal_plastic,metal,kaggle
../data/raw/Garbage_Dataset_Classification/images/glass/glass_02337.jpg,trash,glass,kaggle
../data/raw/Garbage_Dataset_Classification/images/trash/trash_16903.jpg,trash,trash,kaggle
../data/raw/Garbage_Dataset_Classification/images/trash/trash_12177.jpg,trash,trash,kaggle
../data/raw/Garbage_Dataset_Classification/images/paper/paper_02868.jpg,cardboard_paper,paper,kaggle
../data/raw/Garbage_Dataset_Classification/images/cardboard/cardboard_00737.jpg,cardboard_paper,cardboard,kaggle
../data/raw/Garbage_Dataset_Classification/images/cardboard/cardboard_00453.jpg,cardboard_paper,cardboard,kaggle
../data/raw/Garbage_Dataset_Classification/images/glass/glass_04930.jpg,trash,glass,kaggle
../data/raw/Garbage_Dataset_Classification/images/cardboard/cardboard_01109.jpg,cardboard_paper,cardboard,kaggle
../data/raw/Garbage_Dataset_Classification/images/plastic/plastic_02608.jpg,metal_plastic,plastic,kaggle
../data/raw/Garbage_Dataset_Classification/images/trash/trash_13787.jpg,trash,trash,kaggle
../data/raw/Garbage_Dataset_Classification/images/paper/paper_02990.jpg,cardboard_paper,paper,kaggle
../data/raw/Garbage_Dataset_Classification/images/glass/glass_05201.jpg,trash,glass,kaggle
../data/raw/Garbage_Dataset_Classification/images/glass/glass_04016.jpg,trash,glass,kaggle
../data/raw/Garbage_Dataset_Classification/images/trash/trash_10783.jpg,trash,trash,kaggle
../data/raw/Garbage_Dataset_Classification/images/trash/trash_18820.jpg,trash,trash,kaggle
../data/raw/Garbage_Dataset_Classification/images/trash/trash_13641.jpg,trash,trash,kaggle
../data/raw/Garbage_Dataset_Classification/images/glass/glass_01976.jpg,trash,glass,kaggle
../data/custom/ecoglasses/E1737A9B-3BF3-473F-A938-610FF781FD76_1_105_c.jpeg,ecoglasses,custom_ecoglasses,custom
../data/raw/Garbage_Dataset_Classification/images/paper/paper_01903.jpg,cardboard_paper,paper,kaggle
../data/raw/Garbage_Dataset_Classification/images/cardboard/cardboard_02499.jpg,cardboard_paper,cardboard,kaggle
../data/raw/Garbage_Dataset_Classification/images/trash/trash_15783.jpg,trash,trash,kaggle
../data/raw/Garbage_Dataset_Classification/images/trash/trash_10049.jpg,trash,trash,kaggle
../data/raw/Garbage_Dataset_Classification/images/plastic/plastic_02204.jpg,metal_plastic,plastic,kaggle
../data/raw/Garbage_Dataset_Classification/images/trash/trash_03015.jpg,trash,trash,kaggle
../data/raw/Garbage_Dataset_Classification/images/trash/trash_13220.jpg,trash,trash,kaggle
../data/raw/Garbage_Dataset_Classification/images/cardboard/cardboard_02629.jpg,cardboard_paper,cardboard,kaggle
../data/raw/Garbage_Dataset_Classification/images/cardboard/cardboard_00057.jpg,cardboard_paper,cardboard,kaggle
../data/raw/Garbage_Dataset_Classification/images/plastic/plastic_01467.jpg,metal_plastic,plastic,kaggle
../data/raw/Garbage_Dataset_Classification/images/plastic/plastic_00972.jpg,metal_plastic,plastic,kaggle
../data/raw/Garbage_Dataset_Classification/images/glass/glass_03400.jpg,trash,glass,kaggle
../data/raw/Garbage_Dataset_Classification/images/paper/paper_01985.jpg,cardboard_paper,paper,kaggle
../data/raw/Garbage_Dataset_Classification/images/paper/paper_01969.jpg,cardboard_paper,paper,kaggle
../data/raw/Garbage_Dataset_Classification/images/cardboard/cardboard_02538.jpg,cardboard_paper,cardboard,kaggle
../data/raw/Garbage_Dataset_Classification/images/plastic/plastic_00732.jpg,metal_plastic,plastic,kaggle
../data/raw/Garbage_Dataset_Classification/images/paper/paper_01271.jpg,cardboard_paper,paper,kaggle
../data/raw/Garbage_Dataset_Classification/images/metal/metal_00746.jpg,metal_plastic,metal,kaggle
../data/raw/Garbage_Dataset_Classification/images/paper/paper_02061.jpg,cardboard_paper,paper,kaggle
../data/raw/Garbage_Dataset_Classification/images/cardboard/cardboard_01315.jpg,cardboard_paper,cardboard,kaggle
../data/raw/Garbage_Dataset_Classification/images/metal/metal_00828.jpg,metal_plastic,metal,kaggle
../data/raw/Garbage_Dataset_Classification/images/glass/glass_03944.jpg,trash,glass,kaggle
../data/raw/Garbage_Dataset_Classification/images/glass/glass_03731.jpg,trash,glass,kaggle
../data/raw/Garbage_Dataset_Classification/images/glass/glass_00937.jpg,trash,glass,kaggle
../data/raw/Garbage_Dataset_Classification/images/metal/metal_00189.jpg,metal_plastic,metal,kaggle
../data/raw/Garbage_Dataset_Classification/images/trash/trash_05055.jpg,trash,trash,kaggle
../data/raw/Garbage_Dataset_Classification/images/trash/trash_01562.jpg,trash,trash,kaggle
../data/raw/Garbage_Dataset_Classification/images/paper/paper_02922.jpg,cardboard_paper,paper,kaggle
../data/raw/Garbage_Dataset_Classification/images/cardboard/cardboard_00015.jpg,cardboard_paper,cardboard,kaggle
../data/raw/Garbage_Dataset_Classification/images/glass/glass_04781.jpg,trash,glass,kaggle
../data/raw/Garbage_Dataset_Classification/images/plastic/plastic_02800.jpg,metal_plastic,plastic,kaggle
../data/raw/Garbage_Dataset_Classification/images/metal/metal_02421.jpg,metal_plastic,metal,kaggle
../data/raw/Garbage_Dataset_Classification/images/trash/trash_08726.jpg,trash,trash,kaggle
../data/raw/Garbage_Dataset_Classification/images/glass/glass_01209.jpg,trash,glass,kaggle
../data/raw/Garbage_Dataset_Classification/images/glass/glass_05143.jpg,trash,glass,kaggle
../data/raw/Garbage_Dataset_Classification/images/metal/metal_01156.jpg,metal_plastic,metal,kaggle
../data/raw/Garbage_Dataset_Classification/images/glass/glass_01609.jpg,trash,glass,kaggle
../data/raw/Garbage_Dataset_Classification/images/glass/glass_05172.jpg,trash,glass,kaggle
../data/raw/Garbage_Dataset_Classification/images/paper/paper_02331.jpg,cardboard_paper,paper,kaggle
../data/raw/Garbage_Dataset_Classification/images/paper/paper_02926.jpg,cardboard_paper,paper,kaggle
../data/raw/Garbage_Dataset_Classification/images/cardboard/cardboard_00075.jpg,cardboard_paper,cardboard,kaggle
../data/raw/Garbage_Dataset_Classification/images/trash/trash_19974.jpg,trash,trash,kaggle
../data/raw/Garbage_Dataset_Classification/images/metal/metal_02378.jpg,metal_plastic,metal,kaggle
../data/raw/Garbage_Dataset_Classification/images/trash/trash_14955.jpg,trash,trash,kaggle
../data/raw/Garbage_Dataset_Classification/images/plastic/plastic_00977.jpg,metal_plastic,plastic,kaggle
../data/raw/Garbage_Dataset_Classification/images/trash/trash_14532.jpg,trash,trash,kaggle
../data/raw/Garbage_Dataset_Classification/images/trash/trash_07443.jpg,trash,trash,kaggle
../data/raw/Garbage_Dataset_Classification/images/cardboard/cardboard_01082.jpg,cardboard_paper,cardboard,kaggle
../data/raw/Garbage_Dataset_Classification/images/cardboard/cardboard_02188.jpg,cardboard_paper,cardboard,kaggle
../data/raw/Garbage_Dataset_Classification/images/glass/glass_03968.jpg,trash,glass,kaggle
../data/raw/Garbage_Dataset_Classification/images/cardboard/cardboard_02678.jpg,cardboard_paper,cardboard,kaggle
../data/raw/Garbage_Dataset_Classification/images/plastic/plastic_02237.jpg,metal_plastic,plastic,kaggle
../data/raw/Garbage_Dataset_Classification/images/paper/paper_02166.jpg,cardboard_paper,paper,kaggle
../data/raw/Garbage_Dataset_Classification/images/metal/metal_01547.jpg,metal_plastic,metal,kaggle
../data/raw/Garbage_Dataset_Classification/images/metal/metal_01457.jpg,metal_plastic,metal,kaggle
../data/raw/Garbage_Dataset_Classification/images/trash/trash_03663.jpg,trash,trash,kaggle
../data/raw/Garbage_Dataset_Classification/images/plastic/plastic_01188.jpg,metal_plastic,plastic,kaggle
../data/raw/Garbage_Dataset_Classification/images/metal/metal_01389.jpg,metal_plastic,metal,kaggle
../data/raw/Garbage_Dataset_Classification/images/plastic/plastic_01774.jpg,metal_plastic,plastic,kaggle
../data/raw/Garbage_Dataset_Classification/images/metal/metal_00143.jpg,metal_plastic,metal,kaggle
../data/raw/Garbage_Dataset_Classification/images/metal/metal_00562.jpg,metal_plastic,metal,kaggle
../data/raw/Garbage_Dataset_Classification/images/paper/paper_01614.jpg,cardboard_paper,paper,kaggle
../data/raw/Garbage_Dataset_Classification/images/trash/trash_05328.jpg,trash,trash,kaggle
../data/custom/ecoglasses/2075EEDE-AD25-474D-9CBE-884C5D89F672_1_105_c.jpeg,ecoglasses,custom_ecoglasses,custom
../data/raw/Garbage_Dataset_Classification/images/plastic/plastic_02823.jpg,metal_plastic,plastic,kaggle
../data/raw/Garbage_Dataset_Classification/images/trash/trash_01262.jpg,trash,trash,kaggle
../data/raw/Garbage_Dataset_Classification/images/paper/paper_03235.jpg,cardboard_paper,paper,kaggle
../data/raw/Garbage_Dataset_Classification/images/metal/metal_00424.jpg,metal_plastic,metal,kaggle
../data/raw/Garbage_Dataset_Classification/images/metal/metal_02000.jpg,metal_plastic,metal,kaggle
../data/raw/Garbage_Dataset_Classification/images/glass/glass_01944.jpg,trash,glass,kaggle
../data/raw/Garbage_Dataset_Classification/images/metal/metal_01750.jpg,metal_plastic,metal,kaggle
../data/raw/Garbage_Dataset_Classification/images/metal/metal_02544.jpg,metal_plastic,metal,kaggle
../data/raw/Garbage_Dataset_Classification/images/glass/glass_03441.jpg,trash,glass,kaggle
../data/raw/Garbage_Dataset_Classification/images/cardboard/cardboard_02068.jpg,cardboard_paper,cardboard,kaggle
../data/raw/Garbage_Dataset_Classification/images/paper/paper_02463.jpg,cardboard_paper,paper,kaggle
../data/raw/Garbage_Dataset_Classification/images/trash/trash_16816.jpg,trash,trash,kaggle
../data/raw/Garbage_Dataset_Classification/images/glass/glass_02352.jpg,trash,glass,kaggle
../data/raw/Garbage_Dataset_Classification/images/trash/trash_15720.jpg,trash,trash,kaggle
../data/raw/Garbage_Dataset_Classification/images/metal/metal_02319.jpg,metal_plastic,metal,kaggle
../data/raw/Garbage_Dataset_Classification/images/glass/glass_01289.jpg,trash,glass,kaggle
../data/raw/Garbage_Dataset_Classification/images/cardboard/cardboard_03011.jpg,cardboard_paper,cardboard,kaggle
../data/raw/Garbage_Dataset_Classification/images/cardboard/cardboard_01678.jpg,cardboard_paper,cardboard,kaggle
../data/raw/Garbage_Dataset_Classification/images/plastic/plastic_02409.jpg,metal_plastic,plastic,kaggle
../data/raw/Garbage_Dataset_Classification/images/paper/paper_01256.jpg,cardboard_paper,paper,kaggle
../data/raw/Garbage_Dataset_Classification/images/paper/paper_03252.jpg,cardboard_paper,paper,kaggle
../data/raw/Garbage_Dataset_Classification/images/plastic/plastic_02281.jpg,metal_plastic,plastic,kaggle
../data/raw/Garbage_Dataset_Classification/images/metal/metal_01292.jpg,metal_plastic,metal,kaggle
../data/raw/Garbage_Dataset_Classification/images/glass/glass_00887.jpg,trash,glass,kaggle
../data/raw/Garbage_Dataset_Classification/images/paper/paper_03019.jpg,cardboard_paper,paper,kaggle
../data/raw/Garbage_Dataset_Classification/images/paper/paper_00786.jpg,cardboard_paper,paper,kaggle
../data/raw/Garbage_Dataset_Classification/images/trash/trash_19036.jpg,trash,trash,kaggle
../data/raw/Garbage_Dataset_Classification/images/trash/trash_14686.jpg,trash,trash,kaggle
../data/raw/Garbage_Dataset_Classification/images/cardboard/cardboard_02999.jpg,cardboard_paper,cardboard,kaggle
../data/raw/Garbage_Dataset_Classification/images/metal/metal_02166.jpg,metal_plastic,metal,kaggle
../data/raw/Garbage_Dataset_Classification/images/paper/paper_02288.jpg,cardboard_paper,paper,kaggle
../data/raw/Garbage_Dataset_Classification/images/glass/glass_04261.jpg,trash,glass,kaggle
../data/raw/Garbage_Dataset_Classification/images/plastic/plastic_02415.jpg,metal_plastic,plastic,kaggle
../data/raw/Garbage_Dataset_Classification/images/trash/trash_18762.jpg,trash,trash,kaggle
../data/raw/Garbage_Dataset_Classification/images/trash/trash_13845.jpg,trash,trash,kaggle
../data/raw/Garbage_Dataset_Classification/images/trash/trash_19712.jpg,trash,trash,kaggle
../data/raw/Garbage_Dataset_Classification/images/glass/glass_02634.jpg,trash,glass,kaggle
../data/raw/Garbage_Dataset_Classification/images/cardboard/cardboard_01031.jpg,cardboard_paper,cardboard,kaggle
../data/raw/Garbage_Dataset_Classification/images/metal/metal_02471.jpg,metal_plastic,metal,kaggle
../data/raw/Garbage_Dataset_Classification/images/metal/metal_01433.jpg,metal_plastic,metal,kaggle
../data/raw/Garbage_Dataset_Classification/images/paper/paper_03315.jpg,cardboard_paper,paper,kaggle
../data/raw/Garbage_Dataset_Classification/images/plastic/plastic_02765.jpg,metal_plastic,plastic,kaggle
../data/raw/Garbage_Dataset_Classification/images/glass/glass_00808.jpg,trash,glass,kaggle
../data/raw/Garbage_Dataset_Classification/images/glass/glass_05319.jpg,trash,glass,kaggle
../data/raw/Garbage_Dataset_Classification/images/plastic/plastic_01596.jpg,metal_plastic,plastic,kaggle
../data/raw/Garbage_Dataset_Classification/images/glass/glass_02537.jpg,trash,glass,kaggle
../data/raw/Garbage_Dataset_Classification/images/glass/glass_03818.jpg,trash,glass,kaggle
../data/raw/Garbage_Dataset_Classification/images/trash/trash_02739.jpg,trash,trash,kaggle
../data/raw/Garbage_Dataset_Classification/images/cardboard/cardboard_00632.jpg,cardboard_paper,cardboard,kaggle
../data/raw/Garbage_Dataset_Classification/images/plastic/plastic_00230.jpg,metal_plastic,plastic,kaggle
../data/custom/ecoglasses/916A9F69-72D5-4CDE-90AB-868876564648_1_105_c.jpeg,ecoglasses,custom_ecoglasses,custom
../data/raw/Garbage_Dataset_Classification/images/cardboard/cardboard_02740.jpg,cardboard_paper,cardboard,kaggle
../data/custom/ecoglasses/94E4212B-1A20-4898-B5B8-2DD51D27F434_1_105_c.jpeg,ecoglasses,custom_ecoglasses,custom
../data/raw/Garbage_Dataset_Classification/images/cardboard/cardboard_00835.jpg,cardboard_paper,cardboard,kaggle
../data/raw/Garbage_Dataset_Classification/images/glass/glass_05402.jpg,trash,glass,kaggle
../data/raw/Garbage_Dataset_Classification/images/paper/paper_02599.jpg,cardboard_paper,paper,kaggle
../data/raw/Garbage_Dataset_Classification/images/glass/glass_05062.jpg,trash,glass,kaggle
../data/raw/Garbage_Dataset_Classification/images/paper/paper_02400.jpg,cardboard_paper,paper,kaggle
../data/raw/Garbage_Dataset_Classification/images/trash/trash_06179.jpg,trash,trash,kaggle
../data/raw/Garbage_Dataset_Classification/images/glass/glass_02504.jpg,trash,glass,kaggle
../data/raw/Garbage_Dataset_Classification/images/cardboard/cardboard_02685.jpg,cardboard_paper,cardboard,kaggle
../data/raw/Garbage_Dataset_Classification/images/glass/glass_02104.jpg,trash,glass,kaggle
../data/raw/Garbage_Dataset_Classification/images/cardboard/cardboard_01396.jpg,cardboard_paper,cardboard,kaggle
../data/raw/Garbage_Dataset_Classification/images/paper/paper_02547.jpg,cardboard_paper,paper,kaggle
../data/raw/Garbage_Dataset_Classification/images/metal/metal_01817.jpg,metal_plastic,metal,kaggle
../data/raw/Garbage_Dataset_Classification/images/trash/trash_10019.jpg,trash,trash,kaggle
../data/raw/Garbage_Dataset_Classification/images/paper/paper_02695.jpg,cardboard_paper,paper,kaggle
../data/raw/Garbage_Dataset_Classification/images/trash/trash_00589.jpg,trash,trash,kaggle
../data/raw/Garbage_Dataset_Classification/images/plastic/plastic_01690.jpg,metal_plastic,plastic,kaggle
../data/raw/Garbage_Dataset_Classification/images/metal/metal_00264.jpg,metal_plastic,metal,kaggle
../data/raw/Garbage_Dataset_Classification/images/paper/paper_00952.jpg,cardboard_paper,paper,kaggle
../data/raw/Garbage_Dataset_Classification/images/metal/metal_00286.jpg,metal_plastic,metal,kaggle
../data/raw/Garbage_Dataset_Classification/images/cardboard/cardboard_01595.jpg,cardboard_paper,cardboard,kaggle
../data/raw/Garbage_Dataset_Classification/images/glass/glass_00953.jpg,trash,glass,kaggle
../data/raw/Garbage_Dataset_Classification/images/plastic/plastic_02240.jpg,metal_plastic,plastic,kaggle
../data/raw/Garbage_Dataset_Classification/images/metal/metal_01303.jpg,metal_plastic,metal,kaggle
../data/raw/Garbage_Dataset_Classification/images/paper/paper_02542.jpg,cardboard_paper,paper,kaggle
../data/raw/Garbage_Dataset_Classification/images/plastic/plastic_02555.jpg,metal_plastic,plastic,kaggle
../data/raw/Garbage_Dataset_Classification/images/cardboard/cardboard_00431.jpg,cardboard_paper,cardboard,kaggle
../data/raw/Garbage_Dataset_Classification/images/glass/glass_04463.jpg,trash,glass,kaggle
../data/raw/Garbage_Dataset_Classification/images/glass/glass_05436.jpg,trash,glass,kaggle
../data/raw/Garbage_Dataset_Classification/images/plastic/plastic_03040.jpg,metal_plastic,plastic,kaggle
../data/raw/Garbage_Dataset_Classification/images/cardboard/cardboard_02470.jpg,cardboard_paper,cardboard,kaggle
../data/raw/Garbage_Dataset_Classification/images/plastic/plastic_01357.jpg,metal_plastic,plastic,kaggle
../data/raw/Garbage_Dataset_Classification/images/plastic/plastic_00749.jpg,metal_plastic,plastic,kaggle
../data/raw/Garbage_Dataset_Classification/images/glass/glass_02045.jpg,trash,glass,kaggle
../data/raw/Garbage_Dataset_Classification/images/paper/paper_02888.jpg,cardboard_paper,paper,kaggle
../data/raw/Garbage_Dataset_Classification/images/paper/paper_02158.jpg,cardboard_paper,paper,kaggle
../data/raw/Garbage_Dataset_Classification/images/paper/paper_01780.jpg,cardboard_paper,paper,kaggle
../data/raw/Garbage_Dataset_Classification/images/trash/trash_18502.jpg,trash,trash,kaggle
../data/raw/Garbage_Dataset_Classification/images/paper/paper_00806.jpg,cardboard_paper,paper,kaggle
../data/raw/Garbage_Dataset_Classification/images/trash/trash_00066.jpg,trash,trash,kaggle
../data/raw/Garbage_Dataset_Classification/images/trash/trash_10690.jpg,trash,trash,kaggle
../data/raw/Garbage_Dataset_Classification/images/plastic/plastic_02910.jpg,metal_plastic,plastic,kaggle
../data/raw/Garbage_Dataset_Classification/images/trash/trash_09736.jpg,trash,trash,kaggle
../data/raw/Garbage_Dataset_Classification/images/plastic/plastic_02899.jpg,metal_plastic,plastic,kaggle
../data/raw/Garbage_Dataset_Classification/images/trash/trash_18119.jpg,trash,trash,kaggle
../data/raw/Garbage_Dataset_Classification/images/paper/paper_00801.jpg,cardboard_paper,paper,kaggle
../data/raw/Garbage_Dataset_Classification/images/plastic/plastic_02347.jpg,metal_plastic,plastic,kaggle
../data/raw/Garbage_Dataset_Classification/images/trash/trash_10347.jpg,trash,trash,kaggle
../data/raw/Garbage_Dataset_Classification/images/trash/trash_18786.jpg,trash,trash,kaggle
../data/raw/Garbage_Dataset_Classification/images/metal/metal_01608.jpg,metal_plastic,metal,kaggle
../data/raw/Garbage_Dataset_Classification/images/trash/trash_05285.jpg,trash,trash,kaggle
../data/raw/Garbage_Dataset_Classification/images/metal/metal_01565.jpg,metal_plastic,metal,kaggle
../data/raw/Garbage_Dataset_Classification/images/trash/trash_02428.jpg,trash,trash,kaggle
../data/raw/Garbage_Dataset_Classification/images/glass/glass_00228.jpg,trash,glass,kaggle
../data/raw/Garbage_Dataset_Classification/images/plastic/plastic_03323.jpg,metal_plastic,plastic,kaggle
../data/raw/Garbage_Dataset_Classification/images/paper/paper_02850.jpg,cardboard_paper,paper,kaggle
../data/raw/Garbage_Dataset_Classification/images/trash/trash_12538.jpg,trash,trash,kaggle
../data/raw/Garbage_Dataset_Classification/images/paper/paper_02483.jpg,cardboard_paper,paper,kaggle
../data/raw/Garbage_Dataset_Classification/images/plastic/plastic_01471.jpg,metal_plastic,plastic,kaggle
../data/raw/Garbage_Dataset_Classification/images/cardboard/cardboard_01999.jpg,cardboard_paper,cardboard,kaggle
../data/raw/Garbage_Dataset_Classification/images/paper/paper_02300.jpg,cardboard_paper,paper,kaggle
../data/raw/Garbage_Dataset_Classification/images/trash/trash_15786.jpg,trash,trash,kaggle
../data/raw/Garbage_Dataset_Classification/images/metal/metal_02119.jpg,metal_plastic,metal,kaggle
../data/raw/Garbage_Dataset_Classification/images/metal/metal_02621.jpg,metal_plastic,metal,kaggle
../data/raw/Garbage_Dataset_Classification/images/plastic/plastic_03330.jpg,metal_plastic,plastic,kaggle
../data/raw/Garbage_Dataset_Classification/images/plastic/plastic_01566.jpg,metal_plastic,plastic,kaggle
../data/raw/Garbage_Dataset_Classification/images/glass/glass_03905.jpg,trash,glass,kaggle
../data/raw/Garbage_Dataset_Classification/images/glass/glass_00007.jpg,trash,glass,kaggle
../data/raw/Garbage_Dataset_Classification/images/plastic/plastic_01023.jpg,metal_plastic,plastic,kaggle
../data/raw/Garbage_Dataset_Classification/images/trash/trash_05398.jpg,trash,trash,kaggle
../data/raw/Garbage_Dataset_Classification/images/glass/glass_00407.jpg,trash,glass,kaggle
../data/raw/Garbage_Dataset_Classification/images/plastic/plastic_01580.jpg,metal_plastic,plastic,kaggle
../data/raw/Garbage_Dataset_Classification/images/plastic/plastic_00318.jpg,metal_plastic,plastic,kaggle
../data/raw/Garbage_Dataset_Classification/images/cardboard/cardboard_02830.jpg,cardboard_paper,cardboard,kaggle
../data/raw/Garbage_Dataset_Classification/images/trash/trash_05193.jpg,trash,trash,kaggle
../data/raw/Garbage_Dataset_Classification/images/plastic/plastic_01509.jpg,metal_plastic,plastic,kaggle
../data/raw/Garbage_Dataset_Classification/images/plastic/plastic_02804.jpg,metal_plastic,plastic,kaggle
../data/raw/Garbage_Dataset_Classification/images/cardboard/cardboard_01410.jpg,cardboard_paper,cardboard,kaggle
../data/raw/Garbage_Dataset_Classification/images/trash/trash_10725.jpg,trash,trash,kaggle
../data/raw/Garbage_Dataset_Classification/images/paper/paper_02502.jpg,cardboard_paper,paper,kaggle
../data/raw/Garbage_Dataset_Classification/images/glass/glass_00870.jpg,trash,glass,kaggle
../data/raw/Garbage_Dataset_Classification/images/glass/glass_05138.jpg,trash,glass,kaggle
../data/raw/Garbage_Dataset_Classification/images/trash/trash_16450.jpg,trash,trash,kaggle
../data/raw/Garbage_Dataset_Classification/images/metal/metal_00858.jpg,metal_plastic,metal,kaggle
../data/raw/Garbage_Dataset_Classification/images/trash/trash_12015.jpg,trash,trash,kaggle
../data/raw/Garbage_Dataset_Classification/images/cardboard/cardboard_00557.jpg,cardboard_paper,cardboard,kaggle
../data/raw/Garbage_Dataset_Classification/images/paper/paper_02777.jpg,cardboard_paper,paper,kaggle
../data/raw/Garbage_Dataset_Classification/images/glass/glass_05429.jpg,trash,glass,kaggle
../data/raw/Garbage_Dataset_Classification/images/glass/glass_05091.jpg,trash,glass,kaggle
../data/raw/Garbage_Dataset_Classification/images/glass/glass_00623.jpg,trash,glass,kaggle
../data/raw/Garbage_Dataset_Classification/images/glass/glass_04847.jpg,trash,glass,kaggle
../data/raw/Garbage_Dataset_Classification/images/cardboard/cardboard_02241.jpg,cardboard_paper,cardboard,kaggle
../data/raw/Garbage_Dataset_Classification/images/paper/paper_02533.jpg,cardboard_paper,paper,kaggle
../data/raw/Garbage_Dataset_Classification/images/cardboard/cardboard_01761.jpg,cardboard_paper,cardboard,kaggle
../data/raw/Garbage_Dataset_Classification/images/plastic/plastic_00518.jpg,metal_plastic,plastic,kaggle
../data/raw/Garbage_Dataset_Classification/images/trash/trash_06775.jpg,trash,trash,kaggle
../data/raw/Garbage_Dataset_Classification/images/plastic/plastic_00635.jpg,metal_plastic,plastic,kaggle
../data/raw/Garbage_Dataset_Classification/images/metal/metal_00720.jpg,metal_plastic,metal,kaggle
../data/raw/Garbage_Dataset_Classification/images/trash/trash_09195.jpg,trash,trash,kaggle
../data/raw/Garbage_Dataset_Classification/images/paper/paper_03280.jpg,cardboard_paper,paper,kaggle
../data/raw/Garbage_Dataset_Classification/images/cardboard/cardboard_00714.jpg,cardboard_paper,cardboard,kaggle
../data/raw/Garbage_Dataset_Classification/images/metal/metal_00913.jpg,metal_plastic,metal,kaggle
../data/raw/Garbage_Dataset_Classification/images/metal/metal_02668.jpg,metal_plastic,metal,kaggle
../data/raw/Garbage_Dataset_Classification/images/paper/paper_01268.jpg,cardboard_paper,paper,kaggle
../data/raw/Garbage_Dataset_Classification/images/trash/trash_17228.jpg,trash,trash,kaggle
../data/raw/Garbage_Dataset_Classification/images/plastic/plastic_00386.jpg,metal_plastic,plastic,kaggle
../data/raw/Garbage_Dataset_Classification/images/cardboard/cardboard_00756.jpg,cardboard_paper,cardboard,kaggle
../data/raw/Garbage_Dataset_Classification/images/metal/metal_01695.jpg,metal_plastic,metal,kaggle
../data/raw/Garbage_Dataset_Classification/images/plastic/plastic_02189.jpg,metal_plastic,plastic,kaggle
../data/raw/Garbage_Dataset_Classification/images/plastic/plastic_02483.jpg,metal_plastic,plastic,kaggle
../data/raw/Garbage_Dataset_Classification/images/cardboard/cardboard_02587.jpg,cardboard_paper,cardboard,kaggle
../data/raw/Garbage_Dataset_Classification/images/cardboard/cardboard_02858.jpg,cardboard_paper,cardboard,kaggle
../data/raw/Garbage_Dataset_Classification/images/cardboard/cardboard_02119.jpg,cardboard_paper,cardboard,kaggle
../data/raw/Garbage_Dataset_Classification/images/glass/glass_04594.jpg,trash,glass,kaggle
../data/raw/Garbage_Dataset_Classification/images/paper/paper_00901.jpg,cardboard_paper,paper,kaggle
../data/raw/Garbage_Dataset_Classification/images/trash/trash_16216.jpg,trash,trash,kaggle
../data/raw/Garbage_Dataset_Classification/images/glass/glass_04028.jpg,trash,glass,kaggle
../data/raw/Garbage_Dataset_Classification/images/cardboard/cardboard_01449.jpg,cardboard_paper,cardboard,kaggle
../data/raw/Garbage_Dataset_Classification/images/paper/paper_02019.jpg,cardboard_paper,paper,kaggle
../data/raw/Garbage_Dataset_Classification/images/glass/glass_05151.jpg,trash,glass,kaggle
../data/raw/Garbage_Dataset_Classification/images/plastic/plastic_02934.jpg,metal_plastic,plastic,kaggle
../data/raw/Garbage_Dataset_Classification/images/cardboard/cardboard_02140.jpg,cardboard_paper,cardboard,kaggle
../data/raw/Garbage_Dataset_Classification/images/trash/trash_04462.jpg,trash,trash,kaggle
../data/raw/Garbage_Dataset_Classification/images/trash/trash_09132.jpg,trash,trash,kaggle
../data/raw/Garbage_Dataset_Classification/images/glass/glass_02390.jpg,trash,glass,kaggle
../data/raw/Garbage_Dataset_Classification/images/glass/glass_03707.jpg,trash,glass,kaggle
../data/raw/Garbage_Dataset_Classification/images/trash/trash_12303.jpg,trash,trash,kaggle
../data/raw/Garbage_Dataset_Classification/images/plastic/plastic_02701.jpg,metal_plastic,plastic,kaggle
../data/raw/Garbage_Dataset_Classification/images/paper/paper_02779.jpg,cardboard_paper,paper,kaggle
../data/raw/Garbage_Dataset_Classification/images/paper/paper_02744.jpg,cardboard_paper,paper,kaggle
../data/raw/Garbage_Dataset_Classification/images/plastic/plastic_03004.jpg,metal_plastic,plastic,kaggle
../data/raw/Garbage_Dataset_Classification/images/trash/trash_19978.jpg,trash,trash,kaggle
../data/raw/Garbage_Dataset_Classification/images/metal/metal_01134.jpg,metal_plastic,metal,kaggle
../data/raw/Garbage_Dataset_Classification/images/glass/glass_03126.jpg,trash,glass,kaggle
../data/raw/Garbage_Dataset_Classification/images/plastic/plastic_01666.jpg,metal_plastic,plastic,kaggle
../data/raw/Garbage_Dataset_Classification/images/plastic/plastic_00926.jpg,metal_plastic,plastic,kaggle
../data/raw/Garbage_Dataset_Classification/images/paper/paper_01455.jpg,cardboard_paper,paper,kaggle
../data/raw/Garbage_Dataset_Classification/images/cardboard/cardboard_01652.jpg,cardboard_paper,cardboard,kaggle
../data/raw/Garbage_Dataset_Classification/images/cardboard/cardboard_00444.jpg,cardboard_paper,cardboard,kaggle
../data/raw/Garbage_Dataset_Classification/images/trash/trash_04052.jpg,trash,trash,kaggle
../data/raw/Garbage_Dataset_Classification/images/paper/paper_02109.jpg,cardboard_paper,paper,kaggle
../data/raw/Garbage_Dataset_Classification/images/metal/metal_00539.jpg,metal_plastic,metal,kaggle
../data/raw/Garbage_Dataset_Classification/images/paper/paper_01905.jpg,cardboard_paper,paper,kaggle
../data/raw/Garbage_Dataset_Classification/images/paper/paper_01803.jpg,cardboard_paper,paper,kaggle
../data/raw/Garbage_Dataset_Classification/images/glass/glass_00692.jpg,trash,glass,kaggle
../data/raw/Garbage_Dataset_Classification/images/cardboard/cardboard_03071.jpg,cardboard_paper,cardboard,kaggle
../data/raw/Garbage_Dataset_Classification/images/trash/trash_15247.jpg,trash,trash,kaggle
../data/raw/Garbage_Dataset_Classification/images/cardboard/cardboard_01964.jpg,cardboard_paper,cardboard,kaggle
../data/raw/Garbage_Dataset_Classification/images/metal/metal_00049.jpg,metal_plastic,metal,kaggle
../data/raw/Garbage_Dataset_Classification/images/plastic/plastic_02896.jpg,metal_plastic,plastic,kaggle
../data/raw/Garbage_Dataset_Classification/images/trash/trash_18388.jpg,trash,trash,kaggle
../data/raw/Garbage_Dataset_Classification/images/paper/paper_02275.jpg,cardboard_paper,paper,kaggle
../data/raw/Garbage_Dataset_Classification/images/glass/glass_02802.jpg,trash,glass,kaggle
../data/raw/Garbage_Dataset_Classification/images/paper/paper_01648.jpg,cardboard_paper,paper,kaggle
../data/raw/Garbage_Dataset_Classification/images/glass/glass_00540.jpg,trash,glass,kaggle
../data/raw/Garbage_Dataset_Classification/images/glass/glass_04178.jpg,trash,glass,kaggle
../data/raw/Garbage_Dataset_Classification/images/cardboard/cardboard_02353.jpg,cardboard_paper,cardboard,kaggle
../data/raw/Garbage_Dataset_Classification/images/metal/metal_00764.jpg,metal_plastic,metal,kaggle
../data/raw/Garbage_Dataset_Classification/images/cardboard/cardboard_02735.jpg,cardboard_paper,cardboard,kaggle
../data/raw/Garbage_Dataset_Classification/images/glass/glass_05501.jpg,trash,glass,kaggle
../data/raw/Garbage_Dataset_Classification/images/plastic/plastic_00342.jpg,metal_plastic,plastic,kaggle
../data/raw/Garbage_Dataset_Classification/images/plastic/plastic_00756.jpg,metal_plastic,plastic,kaggle
../data/raw/Garbage_Dataset_Classification/images/plastic/plastic_01694.jpg,metal_plastic,plastic,kaggle
../data/raw/Garbage_Dataset_Classification/images/paper/paper_02256.jpg,cardboard_paper,paper,kaggle
../data/raw/Garbage_Dataset_Classification/images/paper/paper_00025.jpg,cardboard_paper,paper,kaggle
../data/raw/Garbage_Dataset_Classification/images/plastic/plastic_02719.jpg,metal_plastic,plastic,kaggle
../data/raw/Garbage_Dataset_Classification/images/metal/metal_01736.jpg,metal_plastic,metal,kaggle
../data/raw/Garbage_Dataset_Classification/images/trash/trash_16093.jpg,trash,trash,kaggle
../data/raw/Garbage_Dataset_Classification/images/trash/trash_00314.jpg,trash,trash,kaggle
../data/raw/Garbage_Dataset_Classification/images/metal/metal_00639.jpg,metal_plastic,metal,kaggle
../data/raw/Garbage_Dataset_Classification/images/glass/glass_05505.jpg,trash,glass,kaggle
../data/raw/Garbage_Dataset_Classification/images/glass/glass_03468.jpg,trash,glass,kaggle
../data/raw/Garbage_Dataset_Classification/images/glass/glass_03281.jpg,trash,glass,kaggle
../data/raw/Garbage_Dataset_Classification/images/trash/trash_06596.jpg,trash,trash,kaggle
../data/raw/Garbage_Dataset_Classification/images/metal/metal_01908.jpg,metal_plastic,metal,kaggle
../data/raw/Garbage_Dataset_Classification/images/metal/metal_00733.jpg,metal_plastic,metal,kaggle
../data/raw/Garbage_Dataset_Classification/images/glass/glass_02824.jpg,trash,glass,kaggle
../data/raw/Garbage_Dataset_Classification/images/paper/paper_02661.jpg,cardboard_paper,paper,kaggle
../data/raw/Garbage_Dataset_Classification/images/cardboard/cardboard_01522.jpg,cardboard_paper,cardboard,kaggle
../data/raw/Garbage_Dataset_Classification/images/glass/glass_03031.jpg,trash,glass,kaggle
../data/raw/Garbage_Dataset_Classification/images/cardboard/cardboard_00817.jpg,cardboard_paper,cardboard,kaggle
../data/raw/Garbage_Dataset_Classification/images/glass/glass_04269.jpg,trash,glass,kaggle
../data/raw/Garbage_Dataset_Classification/images/glass/glass_04333.jpg,trash,glass,kaggle
../data/raw/Garbage_Dataset_Classification/images/metal/metal_01384.jpg,metal_plastic,metal,kaggle
../data/raw/Garbage_Dataset_Classification/images/plastic/plastic_03021.jpg,metal_plastic,plastic,kaggle
../data/raw/Garbage_Dataset_Classification/images/paper/paper_02163.jpg,cardboard_paper,paper,kaggle
../data/raw/Garbage_Dataset_Classification/images/metal/metal_02647.jpg,metal_plastic,metal,kaggle
../data/raw/Garbage_Dataset_Classification/images/paper/paper_01579.jpg,cardboard_paper,paper,kaggle
../data/raw/Garbage_Dataset_Classification/images/trash/trash_00685.jpg,trash,trash,kaggle
../data/raw/Garbage_Dataset_Classification/images/trash/trash_11835.jpg,trash,trash,kaggle
../data/raw/Garbage_Dataset_Classification/images/trash/trash_04862.jpg,trash,trash,kaggle
../data/raw/Garbage_Dataset_Classification/images/cardboard/cardboard_00627.jpg,cardboard_paper,cardboard,kaggle
../data/raw/Garbage_Dataset_Classification/images/glass/glass_02943.jpg,trash,glass,kaggle
../data/raw/Garbage_Dataset_Classification/images/trash/trash_02982.jpg,trash,trash,kaggle
../data/raw/Garbage_Dataset_Classification/images/metal/metal_01530.jpg,metal_plastic,metal,kaggle
../data/raw/Garbage_Dataset_Classification/images/cardboard/cardboard_02925.jpg,cardboard_paper,cardboard,kaggle
../data/raw/Garbage_Dataset_Classification/images/plastic/plastic_01542.jpg,metal_plastic,plastic,kaggle
../data/raw/Garbage_Dataset_Classification/images/plastic/plastic_02996.jpg,metal_plastic,plastic,kaggle
../data/raw/Garbage_Dataset_Classification/images/metal/metal_02551.jpg,metal_plastic,metal,kaggle
../data/raw/Garbage_Dataset_Classification/images/trash/trash_04159.jpg,trash,trash,kaggle
../data/raw/Garbage_Dataset_Classification/images/trash/trash_18633.jpg,trash,trash,kaggle
../data/raw/Garbage_Dataset_Classification/images/paper/paper_01032.jpg,cardboard_paper,paper,kaggle
../data/raw/Garbage_Dataset_Classification/images/metal/metal_02037.jpg,metal_plastic,metal,kaggle
../data/raw/Garbage_Dataset_Classification/images/glass/glass_03959.jpg,trash,glass,kaggle
../data/raw/Garbage_Dataset_Classification/images/cardboard/cardboard_01476.jpg,cardboard_paper,cardboard,kaggle
../data/raw/Garbage_Dataset_Classification/images/paper/paper_01673.jpg,cardboard_paper,paper,kaggle
../data/raw/Garbage_Dataset_Classification/images/paper/paper_02998.jpg,cardboard_paper,paper,kaggle
../data/raw/Garbage_Dataset_Classification/images/paper/paper_01727.jpg,cardboard_paper,paper,kaggle
../data/raw/Garbage_Dataset_Classification/images/glass/glass_05126.jpg,trash,glass,kaggle
../data/raw/Garbage_Dataset_Classification/images/cardboard/cardboard_00245.jpg,cardboard_paper,cardboard,kaggle
../data/raw/Garbage_Dataset_Classification/images/plastic/plastic_02783.jpg,metal_plastic,plastic,kaggle
../data/raw/Garbage_Dataset_Classification/images/cardboard/cardboard_02904.jpg,cardboard_paper,cardboard,kaggle
../data/raw/Garbage_Dataset_Classification/images/glass/glass_01706.jpg,trash,glass,kaggle
../data/raw/Garbage_Dataset_Classification/images/cardboard/cardboard_02825.jpg,cardboard_paper,cardboard,kaggle
../data/raw/Garbage_Dataset_Classification/images/trash/trash_08003.jpg,trash,trash,kaggle
../data/raw/Garbage_Dataset_Classification/images/metal/metal_01331.jpg,metal_plastic,metal,kaggle
../data/raw/Garbage_Dataset_Classification/images/cardboard/cardboard_00034.jpg,cardboard_paper,cardboard,kaggle
../data/raw/Garbage_Dataset_Classification/images/plastic/plastic_02745.jpg,metal_plastic,plastic,kaggle
../data/raw/Garbage_Dataset_Classification/images/metal/metal_01537.jpg,metal_plastic,metal,kaggle
../data/raw/Garbage_Dataset_Classification/images/cardboard/cardboard_02076.jpg,cardboard_paper,cardboard,kaggle
../data/raw/Garbage_Dataset_Classification/images/trash/trash_15847.jpg,trash,trash,kaggle
../data/raw/Garbage_Dataset_Classification/images/trash/trash_01930.jpg,trash,trash,kaggle
../data/raw/Garbage_Dataset_Classification/images/metal/metal_01593.jpg,metal_plastic,metal,kaggle
../data/raw/Garbage_Dataset_Classification/images/plastic/plastic_02443.jpg,metal_plastic,plastic,kaggle
../data/raw/Garbage_Dataset_Classification/images/trash/trash_18273.jpg,trash,trash,kaggle
../data/raw/Garbage_Dataset_Classification/images/trash/trash_00238.jpg,trash,trash,kaggle
../data/raw/Garbage_Dataset_Classification/images/cardboard/cardboard_01861.jpg,cardboard_paper,cardboard,kaggle
../data/raw/Garbage_Dataset_Classification/images/paper/paper_00835.jpg,cardboard_paper,paper,kaggle
../data/raw/Garbage_Dataset_Classification/images/glass/glass_04610.jpg,trash,glass,kaggle
../data/raw/Garbage_Dataset_Classification/images/plastic/plastic_03311.jpg,metal_plastic,plastic,kaggle
../data/raw/Garbage_Dataset_Classification/images/cardboard/cardboard_02600.jpg,cardboard_paper,cardboard,kaggle
../data/raw/Garbage_Dataset_Classification/images/metal/metal_00636.jpg,metal_plastic,metal,kaggle
../data/raw/Garbage_Dataset_Classification/images/metal/metal_00283.jpg,metal_plastic,metal,kaggle
../data/raw/Garbage_Dataset_Classification/images/plastic/plastic_02043.jpg,metal_plastic,plastic,kaggle
../data/raw/Garbage_Dataset_Classification/images/trash/trash_09342.jpg,trash,trash,kaggle
../data/raw/Garbage_Dataset_Classification/images/cardboard/cardboard_02129.jpg,cardboard_paper,cardboard,kaggle
../data/raw/Garbage_Dataset_Classification/images/glass/glass_04097.jpg,trash,glass,kaggle
../data/raw/Garbage_Dataset_Classification/images/trash/trash_01991.jpg,trash,trash,kaggle
../data/raw/Garbage_Dataset_Classification/images/paper/paper_00796.jpg,cardboard_paper,paper,kaggle
../data/raw/Garbage_Dataset_Classification/images/plastic/plastic_02646.jpg,metal_plastic,plastic,kaggle
../data/raw/Garbage_Dataset_Classification/images/plastic/plastic_02587.jpg,metal_plastic,plastic,kaggle
../data/raw/Garbage_Dataset_Classification/images/paper/paper_02027.jpg,cardboard_paper,paper,kaggle
../data/raw/Garbage_Dataset_Classification/images/cardboard/cardboard_00506.jpg,cardboard_paper,cardboard,kaggle
../data/raw/Garbage_Dataset_Classification/images/glass/glass_05110.jpg,trash,glass,kaggle
../data/raw/Garbage_Dataset_Classification/images/plastic/plastic_01894.jpg,metal_plastic,plastic,kaggle
../data/raw/Garbage_Dataset_Classification/images/metal/metal_01895.jpg,metal_plastic,metal,kaggle
../data/raw/Garbage_Dataset_Classification/images/glass/glass_05487.jpg,trash,glass,kaggle
../data/raw/Garbage_Dataset_Classification/images/paper/paper_02220.jpg,cardboard_paper,paper,kaggle
../data/raw/Garbage_Dataset_Classification/images/metal/metal_00262.jpg,metal_plastic,metal,kaggle
../data/raw/Garbage_Dataset_Classification/images/cardboard/cardboard_00955.jpg,cardboard_paper,cardboard,kaggle
../data/raw/Garbage_Dataset_Classification/images/trash/trash_13396.jpg,trash,trash,kaggle
../data/raw/Garbage_Dataset_Classification/images/trash/trash_03891.jpg,trash,trash,kaggle
../data/raw/Garbage_Dataset_Classification/images/cardboard/cardboard_02752.jpg,cardboard_paper,cardboard,kaggle
../data/raw/Garbage_Dataset_Classification/images/metal/metal_01376.jpg,metal_plastic,metal,kaggle
../data/raw/Garbage_Dataset_Classification/images/trash/trash_03369.jpg,trash,trash,kaggle
../data/raw/Garbage_Dataset_Classification/images/plastic/plastic_03267.jpg,metal_plastic,plastic,kaggle
../data/raw/Garbage_Dataset_Classification/images/plastic/plastic_02901.jpg,metal_plastic,plastic,kaggle
../data/raw/Garbage_Dataset_Classification/images/plastic/plastic_01816.jpg,metal_plastic,plastic,kaggle
../data/raw/Garbage_Dataset_Classification/images/glass/glass_04416.jpg,trash,glass,kaggle
../data/raw/Garbage_Dataset_Classification/images/plastic/plastic_02470.jpg,metal_plastic,plastic,kaggle
../data/raw/Garbage_Dataset_Classification/images/trash/trash_12844.jpg,trash,trash,kaggle
../data/raw/Garbage_Dataset_Classification/images/plastic/plastic_02567.jpg,metal_plastic,plastic,kaggle
../data/raw/Garbage_Dataset_Classification/images/glass/glass_00437.jpg,trash,glass,kaggle
../data/raw/Garbage_Dataset_Classification/images/trash/trash_01222.jpg,trash,trash,kaggle
../data/raw/Garbage_Dataset_Classification/images/trash/trash_04201.jpg,trash,trash,kaggle
../data/raw/Garbage_Dataset_Classification/images/paper/paper_02281.jpg,cardboard_paper,paper,kaggle
../data/raw/Garbage_Dataset_Classification/images/cardboard/cardboard_03062.jpg,cardboard_paper,cardboard,kaggle
../data/raw/Garbage_Dataset_Classification/images/cardboard/cardboard_02910.jpg,cardboard_paper,cardboard,kaggle
../data/raw/Garbage_Dataset_Classification/images/cardboard/cardboard_01835.jpg,cardboard_paper,cardboard,kaggle
../data/raw/Garbage_Dataset_Classification/images/cardboard/cardboard_01580.jpg,cardboard_paper,cardboard,kaggle
../data/raw/Garbage_Dataset_Classification/images/glass/glass_01007.jpg,trash,glass,kaggle
../data/raw/Garbage_Dataset_Classification/images/cardboard/cardboard_00799.jpg,cardboard_paper,cardboard,kaggle
../data/raw/Garbage_Dataset_Classification/images/trash/trash_04599.jpg,trash,trash,kaggle
../data/raw/Garbage_Dataset_Classification/images/paper/paper_02727.jpg,cardboard_paper,paper,kaggle
../data/raw/Garbage_Dataset_Classification/images/plastic/plastic_01807.jpg,metal_plastic,plastic,kaggle
../data/raw/Garbage_Dataset_Classification/images/plastic/plastic_02741.jpg,metal_plastic,plastic,kaggle
../data/raw/Garbage_Dataset_Classification/images/plastic/plastic_00786.jpg,metal_plastic,plastic,kaggle
../data/raw/Garbage_Dataset_Classification/images/trash/trash_01670.jpg,trash,trash,kaggle
../data/raw/Garbage_Dataset_Classification/images/cardboard/cardboard_02175.jpg,cardboard_paper,cardboard,kaggle
../data/raw/Garbage_Dataset_Classification/images/metal/metal_02202.jpg,metal_plastic,metal,kaggle
../data/raw/Garbage_Dataset_Classification/images/paper/paper_02515.jpg,cardboard_paper,paper,kaggle
../data/raw/Garbage_Dataset_Classification/images/glass/glass_03690.jpg,trash,glass,kaggle
../data/raw/Garbage_Dataset_Classification/images/plastic/plastic_02687.jpg,metal_plastic,plastic,kaggle
../data/raw/Garbage_Dataset_Classification/images/trash/trash_17072.jpg,trash,trash,kaggle
../data/raw/Garbage_Dataset_Classification/images/paper/paper_02539.jpg,cardboard_paper,paper,kaggle
../data/raw/Garbage_Dataset_Classification/images/cardboard/cardboard_01944.jpg,cardboard_paper,cardboard,kaggle
../data/raw/Garbage_Dataset_Classification/images/glass/glass_02470.jpg,trash,glass,kaggle
../data/raw/Garbage_Dataset_Classification/images/cardboard/cardboard_02928.jpg,cardboard_paper,cardboard,kaggle
../data/raw/Garbage_Dataset_Classification/images/paper/paper_01265.jpg,cardboard_paper,paper,kaggle
../data/raw/Garbage_Dataset_Classification/images/plastic/plastic_02983.jpg,metal_plastic,plastic,kaggle
../data/raw/Garbage_Dataset_Classification/images/metal/metal_01327.jpg,metal_plastic,metal,kaggle
../data/raw/Garbage_Dataset_Classification/images/glass/glass_02945.jpg,trash,glass,kaggle
../data/raw/Garbage_Dataset_Classification/images/trash/trash_01741.jpg,trash,trash,kaggle
../data/raw/Garbage_Dataset_Classification/images/cardboard/cardboard_01528.jpg,cardboard_paper,cardboard,kaggle
../data/raw/Garbage_Dataset_Classification/images/plastic/plastic_01776.jpg,metal_plastic,plastic,kaggle
../data/raw/Garbage_Dataset_Classification/images/glass/glass_05258.jpg,trash,glass,kaggle
../data/raw/Garbage_Dataset_Classification/images/metal/metal_00545.jpg,metal_plastic,metal,kaggle
../data/raw/Garbage_Dataset_Classification/images/cardboard/cardboard_00639.jpg,cardboard_paper,cardboard,kaggle
../data/raw/Garbage_Dataset_Classification/images/trash/trash_05684.jpg,trash,trash,kaggle
../data/raw/Garbage_Dataset_Classification/images/cardboard/cardboard_02962.jpg,cardboard_paper,cardboard,kaggle
../data/raw/Garbage_Dataset_Classification/images/plastic/plastic_02276.jpg,metal_plastic,plastic,kaggle
../data/raw/Garbage_Dataset_Classification/images/trash/trash_16397.jpg,trash,trash,kaggle
../data/raw/Garbage_Dataset_Classification/images/glass/glass_05046.jpg,trash,glass,kaggle
../data/raw/Garbage_Dataset_Classification/images/cardboard/cardboard_00485.jpg,cardboard_paper,cardboard,kaggle
../data/raw/Garbage_Dataset_Classification/images/glass/glass_02518.jpg,trash,glass,kaggle
../data/raw/Garbage_Dataset_Classification/images/glass/glass_02795.jpg,trash,glass,kaggle
../data/raw/Garbage_Dataset_Classification/images/trash/trash_11294.jpg,trash,trash,kaggle
../data/raw/Garbage_Dataset_Classification/images/cardboard/cardboard_00111.jpg,cardboard_paper,cardboard,kaggle
../data/raw/Garbage_Dataset_Classification/images/plastic/plastic_01508.jpg,metal_plastic,plastic,kaggle
../data/raw/Garbage_Dataset_Classification/images/glass/glass_04504.jpg,trash,glass,kaggle
../data/raw/Garbage_Dataset_Classification/images/plastic/plastic_01635.jpg,metal_plastic,plastic,kaggle
../data/raw/Garbage_Dataset_Classification/images/cardboard/cardboard_02324.jpg,cardboard_paper,cardboard,kaggle
../data/custom/ecoglasses/D1E5B75C-CD44-4378-A97A-0ADE41BA02A9_1_105_c.jpeg,ecoglasses,custom_ecoglasses,custom
../data/raw/Garbage_Dataset_Classification/images/paper/paper_02631.jpg,cardboard_paper,paper,kaggle
../data/raw/Garbage_Dataset_Classification/images/plastic/plastic_02969.jpg,metal_plastic,plastic,kaggle
../data/raw/Garbage_Dataset_Classification/images/cardboard/cardboard_01325.jpg,cardboard_paper,cardboard,kaggle
../data/raw/Garbage_Dataset_Classification/images/metal/metal_01555.jpg,metal_plastic,metal,kaggle
../data/raw/Garbage_Dataset_Classification/images/plastic/plastic_02316.jpg,metal_plastic,plastic,kaggle
../data/raw/Garbage_Dataset_Classification/images/paper/paper_03027.jpg,cardboard_paper,paper,kaggle
../data/raw/Garbage_Dataset_Classification/images/metal/metal_02622.jpg,metal_plastic,metal,kaggle
../data/raw/Garbage_Dataset_Classification/images/plastic/plastic_00027.jpg,metal_plastic,plastic,kaggle
../data/raw/Garbage_Dataset_Classification/images/glass/glass_04329.jpg,trash,glass,kaggle
../data/raw/Garbage_Dataset_Classification/images/glass/glass_02360.jpg,trash,glass,kaggle
../data/raw/Garbage_Dataset_Classification/images/plastic/plastic_01492.jpg,metal_plastic,plastic,kaggle
../data/raw/Garbage_Dataset_Classification/images/metal/metal_01929.jpg,metal_plastic,metal,kaggle
../data/raw/Garbage_Dataset_Classification/images/paper/paper_02643.jpg,cardboard_paper,paper,kaggle
../data/raw/Garbage_Dataset_Classification/images/paper/paper_02649.jpg,cardboard_paper,paper,kaggle
../data/raw/Garbage_Dataset_Classification/images/glass/glass_00040.jpg,trash,glass,kaggle
../data/raw/Garbage_Dataset_Classification/images/plastic/plastic_02995.jpg,metal_plastic,plastic,kaggle
../data/raw/Garbage_Dataset_Classification/images/plastic/plastic_02565.jpg,metal_plastic,plastic,kaggle
../data/raw/Garbage_Dataset_Classification/images/cardboard/cardboard_01532.jpg,cardboard_paper,cardboard,kaggle
../data/raw/Garbage_Dataset_Classification/images/paper/paper_01008.jpg,cardboard_paper,paper,kaggle
../data/raw/Garbage_Dataset_Classification/images/cardboard/cardboard_03044.jpg,cardboard_paper,cardboard,kaggle
../data/raw/Garbage_Dataset_Classification/images/paper/paper_02501.jpg,cardboard_paper,paper,kaggle
../data/raw/Garbage_Dataset_Classification/images/plastic/plastic_00884.jpg,metal_plastic,plastic,kaggle
../data/raw/Garbage_Dataset_Classification/images/cardboard/cardboard_01882.jpg,cardboard_paper,cardboard,kaggle
../data/raw/Garbage_Dataset_Classification/images/glass/glass_02479.jpg,trash,glass,kaggle
../data/raw/Garbage_Dataset_Classification/images/glass/glass_04270.jpg,trash,glass,kaggle
../data/raw/Garbage_Dataset_Classification/images/trash/trash_02054.jpg,trash,trash,kaggle
../data/custom/ecoglasses/F7D80FAA-9A2B-4678-8FC3-54354A5C1A6C_1_105_c.jpeg,ecoglasses,custom_ecoglasses,custom
../data/raw/Garbage_Dataset_Classification/images/plastic/plastic_02030.jpg,metal_plastic,plastic,kaggle
../data/raw/Garbage_Dataset_Classification/images/plastic/plastic_02424.jpg,metal_plastic,plastic,kaggle
../data/raw/Garbage_Dataset_Classification/images/plastic/plastic_01781.jpg,metal_plastic,plastic,kaggle
../data/raw/Garbage_Dataset_Classification/images/glass/glass_02094.jpg,trash,glass,kaggle
../data/raw/Garbage_Dataset_Classification/images/paper/paper_00765.jpg,cardboard_paper,paper,kaggle
../data/raw/Garbage_Dataset_Classification/images/cardboard/cardboard_02361.jpg,cardboard_paper,cardboard,kaggle
../data/raw/Garbage_Dataset_Classification/images/metal/metal_00726.jpg,metal_plastic,metal,kaggle
../data/raw/Garbage_Dataset_Classification/images/trash/trash_00994.jpg,trash,trash,kaggle
../data/raw/Garbage_Dataset_Classification/images/paper/paper_02787.jpg,cardboard_paper,paper,kaggle
../data/raw/Garbage_Dataset_Classification/images/trash/trash_09007.jpg,trash,trash,kaggle
../data/raw/Garbage_Dataset_Classification/images/trash/trash_07053.jpg,trash,trash,kaggle
../data/raw/Garbage_Dataset_Classification/images/plastic/plastic_01905.jpg,metal_plastic,plastic,kaggle
../data/raw/Garbage_Dataset_Classification/images/cardboard/cardboard_02673.jpg,cardboard_paper,cardboard,kaggle
../data/raw/Garbage_Dataset_Classification/images/cardboard/cardboard_01948.jpg,cardboard_paper,cardboard,kaggle
../data/raw/Garbage_Dataset_Classification/images/trash/trash_03124.jpg,trash,trash,kaggle
../data/raw/Garbage_Dataset_Classification/images/cardboard/cardboard_00617.jpg,cardboard_paper,cardboard,kaggle
../data/raw/Garbage_Dataset_Classification/images/cardboard/cardboard_00119.jpg,cardboard_paper,cardboard,kaggle
../data/raw/Garbage_Dataset_Classification/images/metal/metal_01456.jpg,metal_plastic,metal,kaggle
../data/raw/Garbage_Dataset_Classification/images/paper/paper_02881.jpg,cardboard_paper,paper,kaggle
../data/raw/Garbage_Dataset_Classification/images/cardboard/cardboard_01954.jpg,cardboard_paper,cardboard,kaggle
../data/raw/Garbage_Dataset_Classification/images/glass/glass_02569.jpg,trash,glass,kaggle
../data/raw/Garbage_Dataset_Classification/images/plastic/plastic_03046.jpg,metal_plastic,plastic,kaggle
../data/raw/Garbage_Dataset_Classification/images/trash/trash_18124.jpg,trash,trash,kaggle
../data/raw/Garbage_Dataset_Classification/images/plastic/plastic_02256.jpg,metal_plastic,plastic,kaggle
../data/raw/Garbage_Dataset_Classification/images/plastic/plastic_02695.jpg,metal_plastic,plastic,kaggle
../data/raw/Garbage_Dataset_Classification/images/cardboard/cardboard_02689.jpg,cardboard_paper,cardboard,kaggle
../data/raw/Garbage_Dataset_Classification/images/trash/trash_09910.jpg,trash,trash,kaggle
../data/raw/Garbage_Dataset_Classification/images/trash/trash_18811.jpg,trash,trash,kaggle
../data/custom/ecoglasses/D581933C-3953-4CA4-8BF4-E15CC56C2453_1_105_c.jpeg,ecoglasses,custom_ecoglasses,custom
../data/raw/Garbage_Dataset_Classification/images/plastic/plastic_00904.jpg,metal_plastic,plastic,kaggle
../data/raw/Garbage_Dataset_Classification/images/glass/glass_00773.jpg,trash,glass,kaggle
../data/raw/Garbage_Dataset_Classification/images/plastic/plastic_02834.jpg,metal_plastic,plastic,kaggle
../data/raw/Garbage_Dataset_Classification/images/trash/trash_16586.jpg,trash,trash,kaggle
../data/raw/Garbage_Dataset_Classification/images/trash/trash_04997.jpg,trash,trash,kaggle
../data/raw/Garbage_Dataset_Classification/images/trash/trash_00334.jpg,trash,trash,kaggle
../data/raw/Garbage_Dataset_Classification/images/trash/trash_15334.jpg,trash,trash,kaggle
../data/raw/Garbage_Dataset_Classification/images/metal/metal_02088.jpg,metal_plastic,metal,kaggle
../data/raw/Garbage_Dataset_Classification/images/trash/trash_09804.jpg,trash,trash,kaggle
../data/raw/Garbage_Dataset_Classification/images/glass/glass_03220.jpg,trash,glass,kaggle
../data/raw/Garbage_Dataset_Classification/images/cardboard/cardboard_01664.jpg,cardboard_paper,cardboard,kaggle
../data/raw/Garbage_Dataset_Classification/images/glass/glass_01691.jpg,trash,glass,kaggle
../data/raw/Garbage_Dataset_Classification/images/cardboard/cardboard_01576.jpg,cardboard_paper,cardboard,kaggle
../data/raw/Garbage_Dataset_Classification/images/glass/glass_04454.jpg,trash,glass,kaggle
../data/raw/Garbage_Dataset_Classification/images/paper/paper_03183.jpg,cardboard_paper,paper,kaggle
../data/raw/Garbage_Dataset_Classification/images/trash/trash_17563.jpg,trash,trash,kaggle
../data/raw/Garbage_Dataset_Classification/images/paper/paper_01002.jpg,cardboard_paper,paper,kaggle
../data/raw/Garbage_Dataset_Classification/images/metal/metal_02509.jpg,metal_plastic,metal,kaggle
../data/raw/Garbage_Dataset_Classification/images/metal/metal_01211.jpg,metal_plastic,metal,kaggle
../data/raw/Garbage_Dataset_Classification/images/plastic/plastic_01428.jpg,metal_plastic,plastic,kaggle
../data/raw/Garbage_Dataset_Classification/images/paper/paper_01974.jpg,cardboard_paper,paper,kaggle
../data/raw/Garbage_Dataset_Classification/images/trash/trash_03291.jpg,trash,trash,kaggle
../data/raw/Garbage_Dataset_Classification/images/metal/metal_01958.jpg,metal_plastic,metal,kaggle
../data/raw/Garbage_Dataset_Classification/images/paper/paper_03018.jpg,cardboard_paper,paper,kaggle
../data/raw/Garbage_Dataset_Classification/images/paper/paper_02616.jpg,cardboard_paper,paper,kaggle
../data/raw/Garbage_Dataset_Classification/images/plastic/plastic_02618.jpg,metal_plastic,plastic,kaggle
../data/raw/Garbage_Dataset_Classification/images/paper/paper_00637.jpg,cardboard_paper,paper,kaggle
../data/raw/Garbage_Dataset_Classification/images/plastic/plastic_03170.jpg,metal_plastic,plastic,kaggle
../data/raw/Garbage_Dataset_Classification/images/glass/glass_00649.jpg,trash,glass,kaggle
../data/raw/Garbage_Dataset_Classification/images/paper/paper_02821.jpg,cardboard_paper,paper,kaggle
../data/raw/Garbage_Dataset_Classification/images/paper/paper_02576.jpg,cardboard_paper,paper,kaggle
../data/raw/Garbage_Dataset_Classification/images/cardboard/cardboard_00938.jpg,cardboard_paper,cardboard,kaggle
../data/raw/Garbage_Dataset_Classification/images/paper/paper_01733.jpg,cardboard_paper,paper,kaggle
../data/raw/Garbage_Dataset_Classification/images/cardboard/cardboard_03105.jpg,cardboard_paper,cardboard,kaggle
../data/raw/Garbage_Dataset_Classification/images/metal/metal_01212.jpg,metal_plastic,metal,kaggle
../data/raw/Garbage_Dataset_Classification/images/trash/trash_04105.jpg,trash,trash,kaggle
../data/raw/Garbage_Dataset_Classification/images/glass/glass_04414.jpg,trash,glass,kaggle
../data/raw/Garbage_Dataset_Classification/images/glass/glass_04634.jpg,trash,glass,kaggle
../data/raw/Garbage_Dataset_Classification/images/glass/glass_00129.jpg,trash,glass,kaggle
../data/raw/Garbage_Dataset_Classification/images/paper/paper_02425.jpg,cardboard_paper,paper,kaggle
../data/raw/Garbage_Dataset_Classification/images/paper/paper_01557.jpg,cardboard_paper,paper,kaggle
../data/raw/Garbage_Dataset_Classification/images/plastic/plastic_00782.jpg,metal_plastic,plastic,kaggle
../data/raw/Garbage_Dataset_Classification/images/plastic/plastic_03186.jpg,metal_plastic,plastic,kaggle
../data/raw/Garbage_Dataset_Classification/images/trash/trash_08790.jpg,trash,trash,kaggle
../data/raw/Garbage_Dataset_Classification/images/cardboard/cardboard_01335.jpg,cardboard_paper,cardboard,kaggle
../data/raw/Garbage_Dataset_Classification/images/plastic/plastic_00769.jpg,metal_plastic,plastic,kaggle
../data/raw/Garbage_Dataset_Classification/images/paper/paper_03137.jpg,cardboard_paper,paper,kaggle
../data/raw/Garbage_Dataset_Classification/images/trash/trash_09225.jpg,trash,trash,kaggle
../data/raw/Garbage_Dataset_Classification/images/glass/glass_04720.jpg,trash,glass,kaggle
../data/raw/Garbage_Dataset_Classification/images/plastic/plastic_03155.jpg,metal_plastic,plastic,kaggle
../data/raw/Garbage_Dataset_Classification/images/glass/glass_04741.jpg,trash,glass,kaggle
../data/raw/Garbage_Dataset_Classification/images/plastic/plastic_02835.jpg,metal_plastic,plastic,kaggle
../data/raw/Garbage_Dataset_Classification/images/cardboard/cardboard_02834.jpg,cardboard_paper,cardboard,kaggle
../data/raw/Garbage_Dataset_Classification/images/metal/metal_01997.jpg,metal_plastic,metal,kaggle
../data/raw/Garbage_Dataset_Classification/images/cardboard/cardboard_01866.jpg,cardboard_paper,cardboard,kaggle
../data/raw/Garbage_Dataset_Classification/images/glass/glass_02205.jpg,trash,glass,kaggle
../data/raw/Garbage_Dataset_Classification/images/cardboard/cardboard_02481.jpg,cardboard_paper,cardboard,kaggle
../data/raw/Garbage_Dataset_Classification/images/cardboard/cardboard_03082.jpg,cardboard_paper,cardboard,kaggle
../data/raw/Garbage_Dataset_Classification/images/paper/paper_02412.jpg,cardboard_paper,paper,kaggle
../data/raw/Garbage_Dataset_Classification/images/plastic/plastic_02302.jpg,metal_plastic,plastic,kaggle
../data/raw/Garbage_Dataset_Classification/images/trash/trash_19560.jpg,trash,trash,kaggle
../data/raw/Garbage_Dataset_Classification/images/glass/glass_02294.jpg,trash,glass,kaggle
../data/raw/Garbage_Dataset_Classification/images/plastic/plastic_03003.jpg,metal_plastic,plastic,kaggle
../data/raw/Garbage_Dataset_Classification/images/metal/metal_02086.jpg,metal_plastic,metal,kaggle
../data/raw/Garbage_Dataset_Classification/images/trash/trash_11605.jpg,trash,trash,kaggle
../data/raw/Garbage_Dataset_Classification/images/plastic/plastic_01925.jpg,metal_plastic,plastic,kaggle
../data/raw/Garbage_Dataset_Classification/images/trash/trash_02841.jpg,trash,trash,kaggle
../data/raw/Garbage_Dataset_Classification/images/paper/paper_01662.jpg,cardboard_paper,paper,kaggle
../data/raw/Garbage_Dataset_Classification/images/trash/trash_09880.jpg,trash,trash,kaggle
../data/raw/Garbage_Dataset_Classification/images/plastic/plastic_02963.jpg,metal_plastic,plastic,kaggle
../data/raw/Garbage_Dataset_Classification/images/metal/metal_00048.jpg,metal_plastic,metal,kaggle
../data/raw/Garbage_Dataset_Classification/images/plastic/plastic_00195.jpg,metal_plastic,plastic,kaggle
../data/raw/Garbage_Dataset_Classification/images/trash/trash_08388.jpg,trash,trash,kaggle
../data/raw/Garbage_Dataset_Classification/images/trash/trash_09671.jpg,trash,trash,kaggle
../data/raw/Garbage_Dataset_Classification/images/cardboard/cardboard_02700.jpg,cardboard_paper,cardboard,kaggle
../data/raw/Garbage_Dataset_Classification/images/plastic/plastic_02962.jpg,metal_plastic,plastic,kaggle
../data/raw/Garbage_Dataset_Classification/images/glass/glass_01438.jpg,trash,glass,kaggle
../data/raw/Garbage_Dataset_Classification/images/trash/trash_01525.jpg,trash,trash,kaggle
../data/raw/Garbage_Dataset_Classification/images/cardboard/cardboard_01426.jpg,cardboard_paper,cardboard,kaggle
../data/raw/Garbage_Dataset_Classification/images/glass/glass_03069.jpg,trash,glass,kaggle
../data/raw/Garbage_Dataset_Classification/images/plastic/plastic_01880.jpg,metal_plastic,plastic,kaggle
../data/raw/Garbage_Dataset_Classification/images/trash/trash_18220.jpg,trash,trash,kaggle
../data/raw/Garbage_Dataset_Classification/images/plastic/plastic_00531.jpg,metal_plastic,plastic,kaggle
../data/raw/Garbage_Dataset_Classification/images/glass/glass_04410.jpg,trash,glass,kaggle
../data/raw/Garbage_Dataset_Classification/images/plastic/plastic_02715.jpg,metal_plastic,plastic,kaggle
../data/raw/Garbage_Dataset_Classification/images/trash/trash_17074.jpg,trash,trash,kaggle
../data/raw/Garbage_Dataset_Classification/images/glass/glass_04244.jpg,trash,glass,kaggle
../data/raw/Garbage_Dataset_Classification/images/cardboard/cardboard_00899.jpg,cardboard_paper,cardboard,kaggle
../data/raw/Garbage_Dataset_Classification/images/cardboard/cardboard_02757.jpg,cardboard_paper,cardboard,kaggle
../data/raw/Garbage_Dataset_Classification/images/metal/metal_01366.jpg,metal_plastic,metal,kaggle
../data/raw/Garbage_Dataset_Classification/images/glass/glass_00365.jpg,trash,glass,kaggle
../data/raw/Garbage_Dataset_Classification/images/glass/glass_00709.jpg,trash,glass,kaggle
../data/raw/Garbage_Dataset_Classification/images/paper/paper_02584.jpg,cardboard_paper,paper,kaggle
../data/raw/Garbage_Dataset_Classification/images/cardboard/cardboard_03097.jpg,cardboard_paper,cardboard,kaggle
../data/raw/Garbage_Dataset_Classification/images/metal/metal_00863.jpg,metal_plastic,metal,kaggle
../data/raw/Garbage_Dataset_Classification/images/glass/glass_04008.jpg,trash,glass,kaggle
../data/raw/Garbage_Dataset_Classification/images/plastic/plastic_01612.jpg,metal_plastic,plastic,kaggle
../data/raw/Garbage_Dataset_Classification/images/plastic/plastic_01167.jpg,metal_plastic,plastic,kaggle
../data/raw/Garbage_Dataset_Classification/images/metal/metal_01454.jpg,metal_plastic,metal,kaggle
../data/raw/Garbage_Dataset_Classification/images/glass/glass_05034.jpg,trash,glass,kaggle
../data/raw/Garbage_Dataset_Classification/images/glass/glass_04941.jpg,trash,glass,kaggle
../data/raw/Garbage_Dataset_Classification/images/glass/glass_01909.jpg,trash,glass,kaggle
../data/raw/Garbage_Dataset_Classification/images/metal/metal_02215.jpg,metal_plastic,metal,kaggle
../data/raw/Garbage_Dataset_Classification/images/glass/glass_01571.jpg,trash,glass,kaggle
../data/raw/Garbage_Dataset_Classification/images/plastic/plastic_01449.jpg,metal_plastic,plastic,kaggle
../data/raw/Garbage_Dataset_Classification/images/paper/paper_00483.jpg,cardboard_paper,paper,kaggle
../data/raw/Garbage_Dataset_Classification/images/cardboard/cardboard_00246.jpg,cardboard_paper,cardboard,kaggle
../data/raw/Garbage_Dataset_Classification/images/paper/paper_02805.jpg,cardboard_paper,paper,kaggle
../data/raw/Garbage_Dataset_Classification/images/cardboard/cardboard_02604.jpg,cardboard_paper,cardboard,kaggle
../data/raw/Garbage_Dataset_Classification/images/cardboard/cardboard_02294.jpg,cardboard_paper,cardboard,kaggle
../data/raw/Garbage_Dataset_Classification/images/glass/glass_03473.jpg,trash,glass,kaggle
../data/raw/Garbage_Dataset_Classification/images/cardboard/cardboard_01579.jpg,cardboard_paper,cardboard,kaggle
../data/raw/Garbage_Dataset_Classification/images/glass/glass_04491.jpg,trash,glass,kaggle
../data/raw/Garbage_Dataset_Classification/images/trash/trash_11685.jpg,trash,trash,kaggle
../data/raw/Garbage_Dataset_Classification/images/trash/trash_08809.jpg,trash,trash,kaggle
../data/raw/Garbage_Dataset_Classification/images/paper/paper_02236.jpg,cardboard_paper,paper,kaggle
../data/raw/Garbage_Dataset_Classification/images/paper/paper_02849.jpg,cardboard_paper,paper,kaggle
../data/raw/Garbage_Dataset_Classification/images/plastic/plastic_01502.jpg,metal_plastic,plastic,kaggle
../data/raw/Garbage_Dataset_Classification/images/metal/metal_00094.jpg,metal_plastic,metal,kaggle
../data/raw/Garbage_Dataset_Classification/images/metal/metal_00573.jpg,metal_plastic,metal,kaggle
../data/raw/Garbage_Dataset_Classification/images/cardboard/cardboard_02871.jpg,cardboard_paper,cardboard,kaggle
../data/raw/Garbage_Dataset_Classification/images/trash/trash_00541.jpg,trash,trash,kaggle
../data/raw/Garbage_Dataset_Classification/images/metal/metal_01057.jpg,metal_plastic,metal,kaggle
../data/raw/Garbage_Dataset_Classification/images/glass/glass_01348.jpg,trash,glass,kaggle
../data/raw/Garbage_Dataset_Classification/images/plastic/plastic_01710.jpg,metal_plastic,plastic,kaggle
../data/raw/Garbage_Dataset_Classification/images/glass/glass_02278.jpg,trash,glass,kaggle
../data/raw/Garbage_Dataset_Classification/images/paper/paper_02232.jpg,cardboard_paper,paper,kaggle
../data/raw/Garbage_Dataset_Classification/images/trash/trash_03174.jpg,trash,trash,kaggle
../data/raw/Garbage_Dataset_Classification/images/trash/trash_10453.jpg,trash,trash,kaggle
../data/raw/Garbage_Dataset_Classification/images/plastic/plastic_01411.jpg,metal_plastic,plastic,kaggle
../data/raw/Garbage_Dataset_Classification/images/plastic/plastic_00662.jpg,metal_plastic,plastic,kaggle
../data/raw/Garbage_Dataset_Classification/images/glass/glass_02005.jpg,trash,glass,kaggle
../data/raw/Garbage_Dataset_Classification/images/cardboard/cardboard_02356.jpg,cardboard_paper,cardboard,kaggle
../data/raw/Garbage_Dataset_Classification/images/glass/glass_01277.jpg,trash,glass,kaggle
../data/raw/Garbage_Dataset_Classification/images/glass/glass_02046.jpg,trash,glass,kaggle
../data/raw/Garbage_Dataset_Classification/images/glass/glass_04277.jpg,trash,glass,kaggle
../data/raw/Garbage_Dataset_Classification/images/plastic/plastic_01021.jpg,metal_plastic,plastic,kaggle
../data/raw/Garbage_Dataset_Classification/images/cardboard/cardboard_02106.jpg,cardboard_paper,cardboard,kaggle
../data/raw/Garbage_Dataset_Classification/images/paper/paper_01920.jpg,cardboard_paper,paper,kaggle
../data/raw/Garbage_Dataset_Classification/images/metal/metal_00716.jpg,metal_plastic,metal,kaggle
../data/raw/Garbage_Dataset_Classification/images/plastic/plastic_03215.jpg,metal_plastic,plastic,kaggle
../data/raw/Garbage_Dataset_Classification/images/cardboard/cardboard_02733.jpg,cardboard_paper,cardboard,kaggle
../data/raw/Garbage_Dataset_Classification/images/metal/metal_01846.jpg,metal_plastic,metal,kaggle
../data/raw/Garbage_Dataset_Classification/images/paper/paper_02389.jpg,cardboard_paper,paper,kaggle
../data/raw/Garbage_Dataset_Classification/images/plastic/plastic_01322.jpg,metal_plastic,plastic,kaggle
../data/raw/Garbage_Dataset_Classification/images/trash/trash_02381.jpg,trash,trash,kaggle
../data/raw/Garbage_Dataset_Classification/images/metal/metal_01906.jpg,metal_plastic,metal,kaggle
../data/raw/Garbage_Dataset_Classification/images/trash/trash_00021.jpg,trash,trash,kaggle
../data/raw/Garbage_Dataset_Classification/images/paper/paper_01840.jpg,cardboard_paper,paper,kaggle
../data/raw/Garbage_Dataset_Classification/images/trash/trash_01314.jpg,trash,trash,kaggle
../data/raw/Garbage_Dataset_Classification/images/glass/glass_01345.jpg,trash,glass,kaggle
../data/raw/Garbage_Dataset_Classification/images/metal/metal_01586.jpg,metal_plastic,metal,kaggle
../data/raw/Garbage_Dataset_Classification/images/metal/metal_01768.jpg,metal_plastic,metal,kaggle
../data/raw/Garbage_Dataset_Classification/images/trash/trash_09664.jpg,trash,trash,kaggle
../data/raw/Garbage_Dataset_Classification/images/trash/trash_18975.jpg,trash,trash,kaggle
../data/raw/Garbage_Dataset_Classification/images/plastic/plastic_01874.jpg,metal_plastic,plastic,kaggle
../data/raw/Garbage_Dataset_Classification/images/cardboard/cardboard_02777.jpg,cardboard_paper,cardboard,kaggle
../data/raw/Garbage_Dataset_Classification/images/glass/glass_03111.jpg,trash,glass,kaggle
../data/raw/Garbage_Dataset_Classification/images/paper/paper_00683.jpg,cardboard_paper,paper,kaggle
../data/raw/Garbage_Dataset_Classification/images/cardboard/cardboard_02532.jpg,cardboard_paper,cardboard,kaggle
../data/raw/Garbage_Dataset_Classification/images/paper/paper_01794.jpg,cardboard_paper,paper,kaggle
../data/raw/Garbage_Dataset_Classification/images/glass/glass_03356.jpg,trash,glass,kaggle
../data/raw/Garbage_Dataset_Classification/images/plastic/plastic_02451.jpg,metal_plastic,plastic,kaggle
../data/raw/Garbage_Dataset_Classification/images/plastic/plastic_02465.jpg,metal_plastic,plastic,kaggle
../data/raw/Garbage_Dataset_Classification/images/cardboard/cardboard_03056.jpg,cardboard_paper,cardboard,kaggle
../data/raw/Garbage_Dataset_Classification/images/paper/paper_00645.jpg,cardboard_paper,paper,kaggle
../data/raw/Garbage_Dataset_Classification/images/cardboard/cardboard_00702.jpg,cardboard_paper,cardboard,kaggle
../data/raw/Garbage_Dataset_Classification/images/cardboard/cardboard_00579.jpg,cardboard_paper,cardboard,kaggle
../data/raw/Garbage_Dataset_Classification/images/paper/paper_01747.jpg,cardboard_paper,paper,kaggle
../data/raw/Garbage_Dataset_Classification/images/glass/glass_00943.jpg,trash,glass,kaggle
../data/raw/Garbage_Dataset_Classification/images/cardboard/cardboard_02543.jpg,cardboard_paper,cardboard,kaggle
../data/raw/Garbage_Dataset_Classification/images/paper/paper_00030.jpg,cardboard_paper,paper,kaggle
../data/raw/Garbage_Dataset_Classification/images/cardboard/cardboard_01952.jpg,cardboard_paper,cardboard,kaggle
../data/raw/Garbage_Dataset_Classification/images/trash/trash_15834.jpg,trash,trash,kaggle
../data/raw/Garbage_Dataset_Classification/images/plastic/plastic_01559.jpg,metal_plastic,plastic,kaggle
../data/raw/Garbage_Dataset_Classification/images/plastic/plastic_02026.jpg,metal_plastic,plastic,kaggle
../data/raw/Garbage_Dataset_Classification/images/metal/metal_00779.jpg,metal_plastic,metal,kaggle
../data/raw/Garbage_Dataset_Classification/images/paper/paper_00196.jpg,cardboard_paper,paper,kaggle
../data/raw/Garbage_Dataset_Classification/images/trash/trash_07990.jpg,trash,trash,kaggle
../data/raw/Garbage_Dataset_Classification/images/glass/glass_01583.jpg,trash,glass,kaggle
../data/raw/Garbage_Dataset_Classification/images/cardboard/cardboard_02939.jpg,cardboard_paper,cardboard,kaggle
../data/raw/Garbage_Dataset_Classification/images/metal/metal_01729.jpg,metal_plastic,metal,kaggle
../data/raw/Garbage_Dataset_Classification/images/glass/glass_03933.jpg,trash,glass,kaggle
../data/raw/Garbage_Dataset_Classification/images/glass/glass_02905.jpg,trash,glass,kaggle
../data/raw/Garbage_Dataset_Classification/images/metal/metal_02016.jpg,metal_plastic,metal,kaggle
../data/raw/Garbage_Dataset_Classification/images/glass/glass_03189.jpg,trash,glass,kaggle
../data/raw/Garbage_Dataset_Classification/images/trash/trash_02452.jpg,trash,trash,kaggle
../data/raw/Garbage_Dataset_Classification/images/plastic/plastic_01162.jpg,metal_plastic,plastic,kaggle
../data/raw/Garbage_Dataset_Classification/images/cardboard/cardboard_00313.jpg,cardboard_paper,cardboard,kaggle
../data/raw/Garbage_Dataset_Classification/images/metal/metal_00497.jpg,metal_plastic,metal,kaggle
../data/raw/Garbage_Dataset_Classification/images/glass/glass_02147.jpg,trash,glass,kaggle
../data/raw/Garbage_Dataset_Classification/images/plastic/plastic_00644.jpg,metal_plastic,plastic,kaggle
../data/raw/Garbage_Dataset_Classification/images/paper/paper_01613.jpg,cardboard_paper,paper,kaggle
../data/raw/Garbage_Dataset_Classification/images/metal/metal_01827.jpg,metal_plastic,metal,kaggle
../data/raw/Garbage_Dataset_Classification/images/metal/metal_01319.jpg,metal_plastic,metal,kaggle
../data/raw/Garbage_Dataset_Classification/images/trash/trash_04521.jpg,trash,trash,kaggle
../data/raw/Garbage_Dataset_Classification/images/metal/metal_01909.jpg,metal_plastic,metal,kaggle
../data/raw/Garbage_Dataset_Classification/images/cardboard/cardboard_02004.jpg,cardboard_paper,cardboard,kaggle
../data/raw/Garbage_Dataset_Classification/images/plastic/plastic_03149.jpg,metal_plastic,plastic,kaggle
../data/raw/Garbage_Dataset_Classification/images/glass/glass_00249.jpg,trash,glass,kaggle
../data/raw/Garbage_Dataset_Classification/images/trash/trash_08963.jpg,trash,trash,kaggle
../data/raw/Garbage_Dataset_Classification/images/cardboard/cardboard_01433.jpg,cardboard_paper,cardboard,kaggle
../data/raw/Garbage_Dataset_Classification/images/trash/trash_11955.jpg,trash,trash,kaggle
../data/raw/Garbage_Dataset_Classification/images/trash/trash_15134.jpg,trash,trash,kaggle
../data/raw/Garbage_Dataset_Classification/images/paper/paper_00054.jpg,cardboard_paper,paper,kaggle
../data/raw/Garbage_Dataset_Classification/images/cardboard/cardboard_01446.jpg,cardboard_paper,cardboard,kaggle
../data/raw/Garbage_Dataset_Classification/images/paper/paper_02773.jpg,cardboard_paper,paper,kaggle
../data/raw/Garbage_Dataset_Classification/images/paper/paper_02693.jpg,cardboard_paper,paper,kaggle
../data/raw/Garbage_Dataset_Classification/images/metal/metal_02573.jpg,metal_plastic,metal,kaggle
../data/raw/Garbage_Dataset_Classification/images/cardboard/cardboard_01190.jpg,cardboard_paper,cardboard,kaggle
../data/raw/Garbage_Dataset_Classification/images/cardboard/cardboard_01409.jpg,cardboard_paper,cardboard,kaggle
../data/raw/Garbage_Dataset_Classification/images/plastic/plastic_02132.jpg,metal_plastic,plastic,kaggle
../data/raw/Garbage_Dataset_Classification/images/metal/metal_02562.jpg,metal_plastic,metal,kaggle
../data/raw/Garbage_Dataset_Classification/images/glass/glass_04473.jpg,trash,glass,kaggle
../data/raw/Garbage_Dataset_Classification/images/glass/glass_02983.jpg,trash,glass,kaggle
../data/raw/Garbage_Dataset_Classification/images/cardboard/cardboard_01801.jpg,cardboard_paper,cardboard,kaggle
../data/raw/Garbage_Dataset_Classification/images/plastic/plastic_01349.jpg,metal_plastic,plastic,kaggle
../data/raw/Garbage_Dataset_Classification/images/metal/metal_02482.jpg,metal_plastic,metal,kaggle
../data/raw/Garbage_Dataset_Classification/images/paper/paper_01584.jpg,cardboard_paper,paper,kaggle
../data/raw/Garbage_Dataset_Classification/images/paper/paper_01047.jpg,cardboard_paper,paper,kaggle
../data/raw/Garbage_Dataset_Classification/images/paper/paper_01522.jpg,cardboard_paper,paper,kaggle
../data/raw/Garbage_Dataset_Classification/images/paper/paper_03278.jpg,cardboard_paper,paper,kaggle
../data/raw/Garbage_Dataset_Classification/images/trash/trash_10791.jpg,trash,trash,kaggle
../data/raw/Garbage_Dataset_Classification/images/metal/metal_02044.jpg,metal_plastic,metal,kaggle
../data/raw/Garbage_Dataset_Classification/images/plastic/plastic_01879.jpg,metal_plastic,plastic,kaggle
../data/raw/Garbage_Dataset_Classification/images/cardboard/cardboard_01397.jpg,cardboard_paper,cardboard,kaggle
../data/raw/Garbage_Dataset_Classification/images/trash/trash_11432.jpg,trash,trash,kaggle
../data/raw/Garbage_Dataset_Classification/images/trash/trash_08713.jpg,trash,trash,kaggle
../data/raw/Garbage_Dataset_Classification/images/metal/metal_01668.jpg,metal_plastic,metal,kaggle
../data/raw/Garbage_Dataset_Classification/images/glass/glass_02746.jpg,trash,glass,kaggle
../data/raw/Garbage_Dataset_Classification/images/plastic/plastic_01479.jpg,metal_plastic,plastic,kaggle
../data/raw/Garbage_Dataset_Classification/images/cardboard/cardboard_01240.jpg,cardboard_paper,cardboard,kaggle
../data/raw/Garbage_Dataset_Classification/images/trash/trash_02805.jpg,trash,trash,kaggle
../data/raw/Garbage_Dataset_Classification/images/plastic/plastic_03110.jpg,metal_plastic,plastic,kaggle
../data/raw/Garbage_Dataset_Classification/images/paper/paper_02145.jpg,cardboard_paper,paper,kaggle
../data/raw/Garbage_Dataset_Classification/images/glass/glass_04448.jpg,trash,glass,kaggle
../data/raw/Garbage_Dataset_Classification/images/paper/paper_02903.jpg,cardboard_paper,paper,kaggle
../data/raw/Garbage_Dataset_Classification/images/plastic/plastic_01454.jpg,metal_plastic,plastic,kaggle
../data/raw/Garbage_Dataset_Classification/images/trash/trash_05403.jpg,trash,trash,kaggle
../data/raw/Garbage_Dataset_Classification/images/glass/glass_03249.jpg,trash,glass,kaggle
../data/raw/Garbage_Dataset_Classification/images/metal/metal_02314.jpg,metal_plastic,metal,kaggle
../data/raw/Garbage_Dataset_Classification/images/glass/glass_01643.jpg,trash,glass,kaggle
../data/raw/Garbage_Dataset_Classification/images/glass/glass_04026.jpg,trash,glass,kaggle
../data/raw/Garbage_Dataset_Classification/images/glass/glass_00536.jpg,trash,glass,kaggle
../data/raw/Garbage_Dataset_Classification/images/glass/glass_05349.jpg,trash,glass,kaggle
../data/raw/Garbage_Dataset_Classification/images/cardboard/cardboard_00646.jpg,cardboard_paper,cardboard,kaggle
../data/raw/Garbage_Dataset_Classification/images/plastic/plastic_00182.jpg,metal_plastic,plastic,kaggle
../data/raw/Garbage_Dataset_Classification/images/cardboard/cardboard_01060.jpg,cardboard_paper,cardboard,kaggle
../data/raw/Garbage_Dataset_Classification/images/paper/paper_00127.jpg,cardboard_paper,paper,kaggle
../data/raw/Garbage_Dataset_Classification/images/trash/trash_16534.jpg,trash,trash,kaggle
../data/raw/Garbage_Dataset_Classification/images/glass/glass_01522.jpg,trash,glass,kaggle
../data/raw/Garbage_Dataset_Classification/images/plastic/plastic_02183.jpg,metal_plastic,plastic,kaggle
../data/raw/Garbage_Dataset_Classification/images/plastic/plastic_00252.jpg,metal_plastic,plastic,kaggle
../data/raw/Garbage_Dataset_Classification/images/paper/paper_01893.jpg,cardboard_paper,paper,kaggle
../data/raw/Garbage_Dataset_Classification/images/paper/paper_02399.jpg,cardboard_paper,paper,kaggle
../data/raw/Garbage_Dataset_Classification/images/paper/paper_03071.jpg,cardboard_paper,paper,kaggle
../data/raw/Garbage_Dataset_Classification/images/glass/glass_01958.jpg,trash,glass,kaggle
../data/raw/Garbage_Dataset_Classification/images/paper/paper_01711.jpg,cardboard_paper,paper,kaggle
../data/raw/Garbage_Dataset_Classification/images/metal/metal_02604.jpg,metal_plastic,metal,kaggle
../data/raw/Garbage_Dataset_Classification/images/cardboard/cardboard_03065.jpg,cardboard_paper,cardboard,kaggle
../data/raw/Garbage_Dataset_Classification/images/trash/trash_00249.jpg,trash,trash,kaggle
../data/raw/Garbage_Dataset_Classification/images/paper/paper_00867.jpg,cardboard_paper,paper,kaggle
../data/raw/Garbage_Dataset_Classification/images/plastic/plastic_02036.jpg,metal_plastic,plastic,kaggle
../data/raw/Garbage_Dataset_Classification/images/plastic/plastic_02307.jpg,metal_plastic,plastic,kaggle
../data/raw/Garbage_Dataset_Classification/images/metal/metal_01337.jpg,metal_plastic,metal,kaggle
../data/raw/Garbage_Dataset_Classification/images/metal/metal_01595.jpg,metal_plastic,metal,kaggle
../data/raw/Garbage_Dataset_Classification/images/glass/glass_05404.jpg,trash,glass,kaggle
../data/raw/Garbage_Dataset_Classification/images/paper/paper_01548.jpg,cardboard_paper,paper,kaggle
../data/raw/Garbage_Dataset_Classification/images/glass/glass_03889.jpg,trash,glass,kaggle
../data/raw/Garbage_Dataset_Classification/images/paper/paper_01134.jpg,cardboard_paper,paper,kaggle
../data/raw/Garbage_Dataset_Classification/images/glass/glass_03309.jpg,trash,glass,kaggle
../data/raw/Garbage_Dataset_Classification/images/glass/glass_03542.jpg,trash,glass,kaggle
../data/raw/Garbage_Dataset_Classification/images/glass/glass_01259.jpg,trash,glass,kaggle
../data/raw/Garbage_Dataset_Classification/images/paper/paper_01791.jpg,cardboard_paper,paper,kaggle
../data/raw/Garbage_Dataset_Classification/images/glass/glass_03034.jpg,trash,glass,kaggle
../data/raw/Garbage_Dataset_Classification/images/glass/glass_02964.jpg,trash,glass,kaggle
../data/raw/Garbage_Dataset_Classification/images/trash/trash_07827.jpg,trash,trash,kaggle
../data/raw/Garbage_Dataset_Classification/images/metal/metal_02453.jpg,metal_plastic,metal,kaggle
../data/raw/Garbage_Dataset_Classification/images/paper/paper_02309.jpg,cardboard_paper,paper,kaggle
../data/raw/Garbage_Dataset_Classification/images/metal/metal_00723.jpg,metal_plastic,metal,kaggle
../data/raw/Garbage_Dataset_Classification/images/glass/glass_05413.jpg,trash,glass,kaggle
../data/raw/Garbage_Dataset_Classification/images/cardboard/cardboard_02025.jpg,cardboard_paper,cardboard,kaggle
../data/raw/Garbage_Dataset_Classification/images/cardboard/cardboard_01889.jpg,cardboard_paper,cardboard,kaggle
../data/raw/Garbage_Dataset_Classification/images/trash/trash_16527.jpg,trash,trash,kaggle
../data/raw/Garbage_Dataset_Classification/images/glass/glass_02860.jpg,trash,glass,kaggle
../data/raw/Garbage_Dataset_Classification/images/metal/metal_02576.jpg,metal_plastic,metal,kaggle
../data/raw/Garbage_Dataset_Classification/images/cardboard/cardboard_01486.jpg,cardboard_paper,cardboard,kaggle
../data/raw/Garbage_Dataset_Classification/images/cardboard/cardboard_00330.jpg,cardboard_paper,cardboard,kaggle
../data/raw/Garbage_Dataset_Classification/images/trash/trash_09430.jpg,trash,trash,kaggle
../data/raw/Garbage_Dataset_Classification/images/metal/metal_02048.jpg,metal_plastic,metal,kaggle
../data/raw/Garbage_Dataset_Classification/images/paper/paper_01365.jpg,cardboard_paper,paper,kaggle
../data/raw/Garbage_Dataset_Classification/images/glass/glass_00827.jpg,trash,glass,kaggle
../data/raw/Garbage_Dataset_Classification/images/glass/glass_04326.jpg,trash,glass,kaggle
../data/raw/Garbage_Dataset_Classification/images/metal/metal_00575.jpg,metal_plastic,metal,kaggle
../data/raw/Garbage_Dataset_Classification/images/paper/paper_00117.jpg,cardboard_paper,paper,kaggle
../data/raw/Garbage_Dataset_Classification/images/paper/paper_00208.jpg,cardboard_paper,paper,kaggle
../data/raw/Garbage_Dataset_Classification/images/metal/metal_00597.jpg,metal_plastic,metal,kaggle
../data/raw/Garbage_Dataset_Classification/images/plastic/plastic_02617.jpg,metal_plastic,plastic,kaggle
../data/raw/Garbage_Dataset_Classification/images/glass/glass_02724.jpg,trash,glass,kaggle
../data/raw/Garbage_Dataset_Classification/images/trash/trash_02530.jpg,trash,trash,kaggle
../data/raw/Garbage_Dataset_Classification/images/cardboard/cardboard_00077.jpg,cardboard_paper,cardboard,kaggle
../data/raw/Garbage_Dataset_Classification/images/plastic/plastic_01537.jpg,metal_plastic,plastic,kaggle
../data/raw/Garbage_Dataset_Classification/images/plastic/plastic_00537.jpg,metal_plastic,plastic,kaggle
../data/raw/Garbage_Dataset_Classification/images/metal/metal_01641.jpg,metal_plastic,metal,kaggle
../data/raw/Garbage_Dataset_Classification/images/glass/glass_03115.jpg,trash,glass,kaggle
../data/raw/Garbage_Dataset_Classification/images/glass/glass_03090.jpg,trash,glass,kaggle
../data/raw/Garbage_Dataset_Classification/images/trash/trash_07730.jpg,trash,trash,kaggle
../data/raw/Garbage_Dataset_Classification/images/paper/paper_03214.jpg,cardboard_paper,paper,kaggle
../data/raw/Garbage_Dataset_Classification/images/cardboard/cardboard_00094.jpg,cardboard_paper,cardboard,kaggle
../data/raw/Garbage_Dataset_Classification/images/trash/trash_07300.jpg,trash,trash,kaggle
../data/raw/Garbage_Dataset_Classification/images/trash/trash_10668.jpg,trash,trash,kaggle
../data/raw/Garbage_Dataset_Classification/images/cardboard/cardboard_02946.jpg,cardboard_paper,cardboard,kaggle
../data/raw/Garbage_Dataset_Classification/images/plastic/plastic_01615.jpg,metal_plastic,plastic,kaggle
../data/raw/Garbage_Dataset_Classification/images/trash/trash_11327.jpg,trash,trash,kaggle
../data/raw/Garbage_Dataset_Classification/images/trash/trash_16776.jpg,trash,trash,kaggle
../data/raw/Garbage_Dataset_Classification/images/cardboard/cardboard_02853.jpg,cardboard_paper,cardboard,kaggle
../data/raw/Garbage_Dataset_Classification/images/trash/trash_14576.jpg,trash,trash,kaggle
../data/raw/Garbage_Dataset_Classification/images/paper/paper_02089.jpg,cardboard_paper,paper,kaggle
../data/raw/Garbage_Dataset_Classification/images/plastic/plastic_02511.jpg,metal_plastic,plastic,kaggle
../data/raw/Garbage_Dataset_Classification/images/plastic/plastic_00846.jpg,metal_plastic,plastic,kaggle
../data/raw/Garbage_Dataset_Classification/images/paper/paper_02160.jpg,cardboard_paper,paper,kaggle
../data/raw/Garbage_Dataset_Classification/images/glass/glass_03993.jpg,trash,glass,kaggle
../data/raw/Garbage_Dataset_Classification/images/plastic/plastic_03188.jpg,metal_plastic,plastic,kaggle
../data/raw/Garbage_Dataset_Classification/images/paper/paper_00875.jpg,cardboard_paper,paper,kaggle
../data/raw/Garbage_Dataset_Classification/images/glass/glass_03243.jpg,trash,glass,kaggle
../data/raw/Garbage_Dataset_Classification/images/metal/metal_02131.jpg,metal_plastic,metal,kaggle
../data/raw/Garbage_Dataset_Classification/images/trash/trash_15699.jpg,trash,trash,kaggle
../data/raw/Garbage_Dataset_Classification/images/metal/metal_01199.jpg,metal_plastic,metal,kaggle
../data/raw/Garbage_Dataset_Classification/images/paper/paper_01659.jpg,cardboard_paper,paper,kaggle
../data/raw/Garbage_Dataset_Classification/images/glass/glass_02896.jpg,trash,glass,kaggle
../data/raw/Garbage_Dataset_Classification/images/glass/glass_01367.jpg,trash,glass,kaggle
../data/raw/Garbage_Dataset_Classification/images/glass/glass_02745.jpg,trash,glass,kaggle
../data/raw/Garbage_Dataset_Classification/images/plastic/plastic_00996.jpg,metal_plastic,plastic,kaggle
../data/raw/Garbage_Dataset_Classification/images/paper/paper_00524.jpg,cardboard_paper,paper,kaggle
../data/raw/Garbage_Dataset_Classification/images/plastic/plastic_00579.jpg,metal_plastic,plastic,kaggle
../data/raw/Garbage_Dataset_Classification/images/trash/trash_06240.jpg,trash,trash,kaggle
../data/raw/Garbage_Dataset_Classification/images/cardboard/cardboard_00609.jpg,cardboard_paper,cardboard,kaggle
../data/raw/Garbage_Dataset_Classification/images/metal/metal_01798.jpg,metal_plastic,metal,kaggle
../data/raw/Garbage_Dataset_Classification/images/metal/metal_00547.jpg,metal_plastic,metal,kaggle
../data/raw/Garbage_Dataset_Classification/images/plastic/plastic_00536.jpg,metal_plastic,plastic,kaggle
../data/raw/Garbage_Dataset_Classification/images/trash/trash_11914.jpg,trash,trash,kaggle
../data/raw/Garbage_Dataset_Classification/images/trash/trash_19089.jpg,trash,trash,kaggle
../data/raw/Garbage_Dataset_Classification/images/paper/paper_01757.jpg,cardboard_paper,paper,kaggle
../data/raw/Garbage_Dataset_Classification/images/glass/glass_04937.jpg,trash,glass,kaggle
../data/raw/Garbage_Dataset_Classification/images/cardboard/cardboard_02074.jpg,cardboard_paper,cardboard,kaggle
../data/raw/Garbage_Dataset_Classification/images/trash/trash_16526.jpg,trash,trash,kaggle
../data/raw/Garbage_Dataset_Classification/images/paper/paper_02147.jpg,cardboard_paper,paper,kaggle
../data/raw/Garbage_Dataset_Classification/images/trash/trash_15411.jpg,trash,trash,kaggle
../data/raw/Garbage_Dataset_Classification/images/glass/glass_03825.jpg,trash,glass,kaggle
../data/raw/Garbage_Dataset_Classification/images/cardboard/cardboard_02775.jpg,cardboard_paper,cardboard,kaggle
../data/raw/Garbage_Dataset_Classification/images/plastic/plastic_02052.jpg,metal_plastic,plastic,kaggle
../data/raw/Garbage_Dataset_Classification/images/trash/trash_19804.jpg,trash,trash,kaggle
../data/raw/Garbage_Dataset_Classification/images/paper/paper_01373.jpg,cardboard_paper,paper,kaggle
../data/raw/Garbage_Dataset_Classification/images/glass/glass_03635.jpg,trash,glass,kaggle
../data/raw/Garbage_Dataset_Classification/images/glass/glass_03595.jpg,trash,glass,kaggle
../data/raw/Garbage_Dataset_Classification/images/metal/metal_01507.jpg,metal_plastic,metal,kaggle
../data/raw/Garbage_Dataset_Classification/images/glass/glass_01083.jpg,trash,glass,kaggle
../data/raw/Garbage_Dataset_Classification/images/metal/metal_00923.jpg,metal_plastic,metal,kaggle
../data/raw/Garbage_Dataset_Classification/images/glass/glass_00650.jpg,trash,glass,kaggle
../data/raw/Garbage_Dataset_Classification/images/paper/paper_00073.jpg,cardboard_paper,paper,kaggle
../data/raw/Garbage_Dataset_Classification/images/glass/glass_04717.jpg,trash,glass,kaggle
../data/raw/Garbage_Dataset_Classification/images/trash/trash_04579.jpg,trash,trash,kaggle
../data/raw/Garbage_Dataset_Classification/images/glass/glass_02969.jpg,trash,glass,kaggle
../data/raw/Garbage_Dataset_Classification/images/metal/metal_01946.jpg,metal_plastic,metal,kaggle
../data/raw/Garbage_Dataset_Classification/images/trash/trash_17409.jpg,trash,trash,kaggle
../data/raw/Garbage_Dataset_Classification/images/cardboard/cardboard_02130.jpg,cardboard_paper,cardboard,kaggle
../data/raw/Garbage_Dataset_Classification/images/trash/trash_13175.jpg,trash,trash,kaggle
../data/raw/Garbage_Dataset_Classification/images/plastic/plastic_02114.jpg,metal_plastic,plastic,kaggle
../data/raw/Garbage_Dataset_Classification/images/metal/metal_01890.jpg,metal_plastic,metal,kaggle
../data/raw/Garbage_Dataset_Classification/images/glass/glass_02411.jpg,trash,glass,kaggle
../data/raw/Garbage_Dataset_Classification/images/paper/paper_00741.jpg,cardboard_paper,paper,kaggle
../data/raw/Garbage_Dataset_Classification/images/glass/glass_01132.jpg,trash,glass,kaggle
../data/raw/Garbage_Dataset_Classification/images/glass/glass_02127.jpg,trash,glass,kaggle
../data/raw/Garbage_Dataset_Classification/images/cardboard/cardboard_02370.jpg,cardboard_paper,cardboard,kaggle
../data/raw/Garbage_Dataset_Classification/images/glass/glass_03885.jpg,trash,glass,kaggle
../data/raw/Garbage_Dataset_Classification/images/plastic/plastic_00916.jpg,metal_plastic,plastic,kaggle
../data/raw/Garbage_Dataset_Classification/images/metal/metal_01258.jpg,metal_plastic,metal,kaggle
../data/raw/Garbage_Dataset_Classification/images/plastic/plastic_02892.jpg,metal_plastic,plastic,kaggle
../data/raw/Garbage_Dataset_Classification/images/paper/paper_01707.jpg,cardboard_paper,paper,kaggle
../data/raw/Garbage_Dataset_Classification/images/paper/paper_00303.jpg,cardboard_paper,paper,kaggle
../data/raw/Garbage_Dataset_Classification/images/cardboard/cardboard_02432.jpg,cardboard_paper,cardboard,kaggle
../data/raw/Garbage_Dataset_Classification/images/paper/paper_02686.jpg,cardboard_paper,paper,kaggle
../data/raw/Garbage_Dataset_Classification/images/metal/metal_02157.jpg,metal_plastic,metal,kaggle
../data/raw/Garbage_Dataset_Classification/images/glass/glass_04042.jpg,trash,glass,kaggle
../data/raw/Garbage_Dataset_Classification/images/cardboard/cardboard_01871.jpg,cardboard_paper,cardboard,kaggle
../data/raw/Garbage_Dataset_Classification/images/trash/trash_11049.jpg,trash,trash,kaggle
../data/raw/Garbage_Dataset_Classification/images/glass/glass_03321.jpg,trash,glass,kaggle
../data/raw/Garbage_Dataset_Classification/images/glass/glass_00927.jpg,trash,glass,kaggle
../data/raw/Garbage_Dataset_Classification/images/cardboard/cardboard_00656.jpg,cardboard_paper,cardboard,kaggle
../data/raw/Garbage_Dataset_Classification/images/cardboard/cardboard_01572.jpg,cardboard_paper,cardboard,kaggle
../data/raw/Garbage_Dataset_Classification/images/plastic/plastic_02570.jpg,metal_plastic,plastic,kaggle
../data/raw/Garbage_Dataset_Classification/images/cardboard/cardboard_02428.jpg,cardboard_paper,cardboard,kaggle
../data/raw/Garbage_Dataset_Classification/images/glass/glass_01418.jpg,trash,glass,kaggle
../data/raw/Garbage_Dataset_Classification/images/cardboard/cardboard_02111.jpg,cardboard_paper,cardboard,kaggle
../data/raw/Garbage_Dataset_Classification/images/metal/metal_02070.jpg,metal_plastic,metal,kaggle
../data/raw/Garbage_Dataset_Classification/images/cardboard/cardboard_02972.jpg,cardboard_paper,cardboard,kaggle
../data/raw/Garbage_Dataset_Classification/images/plastic/plastic_02290.jpg,metal_plastic,plastic,kaggle
../data/raw/Garbage_Dataset_Classification/images/glass/glass_01826.jpg,trash,glass,kaggle
../data/raw/Garbage_Dataset_Classification/images/glass/glass_05491.jpg,trash,glass,kaggle
../data/raw/Garbage_Dataset_Classification/images/cardboard/cardboard_02029.jpg,cardboard_paper,cardboard,kaggle
../data/raw/Garbage_Dataset_Classification/images/paper/paper_01728.jpg,cardboard_paper,paper,kaggle
../data/raw/Garbage_Dataset_Classification/images/glass/glass_01327.jpg,trash,glass,kaggle
../data/raw/Garbage_Dataset_Classification/images/trash/trash_13664.jpg,trash,trash,kaggle
../data/raw/Garbage_Dataset_Classification/images/plastic/plastic_01218.jpg,metal_plastic,plastic,kaggle
../data/raw/Garbage_Dataset_Classification/images/cardboard/cardboard_01979.jpg,cardboard_paper,cardboard,kaggle
../data/raw/Garbage_Dataset_Classification/images/plastic/plastic_01890.jpg,metal_plastic,plastic,kaggle
../data/raw/Garbage_Dataset_Classification/images/cardboard/cardboard_03040.jpg,cardboard_paper,cardboard,kaggle
../data/raw/Garbage_Dataset_Classification/images/trash/trash_17340.jpg,trash,trash,kaggle
../data/raw/Garbage_Dataset_Classification/images/glass/glass_03091.jpg,trash,glass,kaggle
../data/raw/Garbage_Dataset_Classification/images/paper/paper_03008.jpg,cardboard_paper,paper,kaggle
../data/raw/Garbage_Dataset_Classification/images/cardboard/cardboard_02863.jpg,cardboard_paper,cardboard,kaggle
../data/raw/Garbage_Dataset_Classification/images/glass/glass_00025.jpg,trash,glass,kaggle
../data/raw/Garbage_Dataset_Classification/images/glass/glass_03918.jpg,trash,glass,kaggle
../data/raw/Garbage_Dataset_Classification/images/glass/glass_04064.jpg,trash,glass,kaggle
../data/raw/Garbage_Dataset_Classification/images/glass/glass_01968.jpg,trash,glass,kaggle
../data/raw/Garbage_Dataset_Classification/images/metal/metal_02287.jpg,metal_plastic,metal,kaggle
../data/raw/Garbage_Dataset_Classification/images/cardboard/cardboard_01435.jpg,cardboard_paper,cardboard,kaggle
../data/raw/Garbage_Dataset_Classification/images/trash/trash_13893.jpg,trash,trash,kaggle
../data/raw/Garbage_Dataset_Classification/images/metal/metal_00408.jpg,metal_plastic,metal,kaggle
../data/raw/Garbage_Dataset_Classification/images/glass/glass_00599.jpg,trash,glass,kaggle
../data/raw/Garbage_Dataset_Classification/images/trash/trash_16667.jpg,trash,trash,kaggle
../data/raw/Garbage_Dataset_Classification/images/glass/glass_01308.jpg,trash,glass,kaggle
../data/raw/Garbage_Dataset_Classification/images/glass/glass_03014.jpg,trash,glass,kaggle
../data/raw/Garbage_Dataset_Classification/images/metal/metal_01901.jpg,metal_plastic,metal,kaggle
../data/raw/Garbage_Dataset_Classification/images/glass/glass_02055.jpg,trash,glass,kaggle
../data/raw/Garbage_Dataset_Classification/images/paper/paper_02666.jpg,cardboard_paper,paper,kaggle
../data/raw/Garbage_Dataset_Classification/images/trash/trash_17974.jpg,trash,trash,kaggle
../data/raw/Garbage_Dataset_Classification/images/glass/glass_01080.jpg,trash,glass,kaggle
../data/raw/Garbage_Dataset_Classification/images/plastic/plastic_02939.jpg,metal_plastic,plastic,kaggle
../data/raw/Garbage_Dataset_Classification/images/glass/glass_03521.jpg,trash,glass,kaggle
../data/raw/Garbage_Dataset_Classification/images/metal/metal_01400.jpg,metal_plastic,metal,kaggle
../data/raw/Garbage_Dataset_Classification/images/paper/paper_01744.jpg,cardboard_paper,paper,kaggle
../data/raw/Garbage_Dataset_Classification/images/metal/metal_02340.jpg,metal_plastic,metal,kaggle
../data/raw/Garbage_Dataset_Classification/images/trash/trash_05727.jpg,trash,trash,kaggle
../data/raw/Garbage_Dataset_Classification/images/paper/paper_01170.jpg,cardboard_paper,paper,kaggle
../data/raw/Garbage_Dataset_Classification/images/plastic/plastic_01267.jpg,metal_plastic,plastic,kaggle
../data/raw/Garbage_Dataset_Classification/images/metal/metal_02369.jpg,metal_plastic,metal,kaggle
../data/raw/Garbage_Dataset_Classification/images/paper/paper_02156.jpg,cardboard_paper,paper,kaggle
../data/raw/Garbage_Dataset_Classification/images/trash/trash_15909.jpg,trash,trash,kaggle
../data/raw/Garbage_Dataset_Classification/images/paper/paper_03128.jpg,cardboard_paper,paper,kaggle
../data/raw/Garbage_Dataset_Classification/images/paper/paper_01228.jpg,cardboard_paper,paper,kaggle
../data/raw/Garbage_Dataset_Classification/images/plastic/plastic_01383.jpg,metal_plastic,plastic,kaggle
../data/raw/Garbage_Dataset_Classification/images/cardboard/cardboard_01367.jpg,cardboard_paper,cardboard,kaggle
../data/raw/Garbage_Dataset_Classification/images/plastic/plastic_03205.jpg,metal_plastic,plastic,kaggle
../data/raw/Garbage_Dataset_Classification/images/metal/metal_01612.jpg,metal_plastic,metal,kaggle
../data/raw/Garbage_Dataset_Classification/images/trash/trash_15288.jpg,trash,trash,kaggle
../data/raw/Garbage_Dataset_Classification/images/metal/metal_01115.jpg,metal_plastic,metal,kaggle
../data/raw/Garbage_Dataset_Classification/images/plastic/plastic_02262.jpg,metal_plastic,plastic,kaggle
../data/raw/Garbage_Dataset_Classification/images/glass/glass_01301.jpg,trash,glass,kaggle
../data/raw/Garbage_Dataset_Classification/images/trash/trash_12070.jpg,trash,trash,kaggle
../data/raw/Garbage_Dataset_Classification/images/glass/glass_02643.jpg,trash,glass,kaggle
../data/raw/Garbage_Dataset_Classification/images/metal/metal_01524.jpg,metal_plastic,metal,kaggle
../data/raw/Garbage_Dataset_Classification/images/plastic/plastic_02586.jpg,metal_plastic,plastic,kaggle
../data/raw/Garbage_Dataset_Classification/images/trash/trash_13391.jpg,trash,trash,kaggle
../data/raw/Garbage_Dataset_Classification/images/paper/paper_02765.jpg,cardboard_paper,paper,kaggle
../data/raw/Garbage_Dataset_Classification/images/trash/trash_02503.jpg,trash,trash,kaggle
../data/raw/Garbage_Dataset_Classification/images/metal/metal_01812.jpg,metal_plastic,metal,kaggle
../data/raw/Garbage_Dataset_Classification/images/trash/trash_01180.jpg,trash,trash,kaggle
../data/raw/Garbage_Dataset_Classification/images/glass/glass_03226.jpg,trash,glass,kaggle
../data/raw/Garbage_Dataset_Classification/images/paper/paper_02582.jpg,cardboard_paper,paper,kaggle
../data/raw/Garbage_Dataset_Classification/images/glass/glass_01061.jpg,trash,glass,kaggle
../data/raw/Garbage_Dataset_Classification/images/paper/paper_03073.jpg,cardboard_paper,paper,kaggle
../data/raw/Garbage_Dataset_Classification/images/cardboard/cardboard_02031.jpg,cardboard_paper,cardboard,kaggle
../data/raw/Garbage_Dataset_Classification/images/glass/glass_04749.jpg,trash,glass,kaggle
../data/raw/Garbage_Dataset_Classification/images/paper/paper_00692.jpg,cardboard_paper,paper,kaggle
../data/raw/Garbage_Dataset_Classification/images/metal/metal_01723.jpg,metal_plastic,metal,kaggle
../data/raw/Garbage_Dataset_Classification/images/glass/glass_02522.jpg,trash,glass,kaggle
../data/raw/Garbage_Dataset_Classification/images/trash/trash_16518.jpg,trash,trash,kaggle
../data/raw/Garbage_Dataset_Classification/images/metal/metal_00840.jpg,metal_plastic,metal,kaggle
../data/raw/Garbage_Dataset_Classification/images/paper/paper_01110.jpg,cardboard_paper,paper,kaggle
../data/raw/Garbage_Dataset_Classification/images/cardboard/cardboard_02905.jpg,cardboard_paper,cardboard,kaggle
../data/raw/Garbage_Dataset_Classification/images/metal/metal_01877.jpg,metal_plastic,metal,kaggle
../data/raw/Garbage_Dataset_Classification/images/glass/glass_02776.jpg,trash,glass,kaggle
../data/raw/Garbage_Dataset_Classification/images/plastic/plastic_00484.jpg,metal_plastic,plastic,kaggle
../data/raw/Garbage_Dataset_Classification/images/glass/glass_00169.jpg,trash,glass,kaggle
../data/raw/Garbage_Dataset_Classification/images/trash/trash_07725.jpg,trash,trash,kaggle
../data/raw/Garbage_Dataset_Classification/images/plastic/plastic_01516.jpg,metal_plastic,plastic,kaggle
../data/raw/Garbage_Dataset_Classification/images/glass/glass_05175.jpg,trash,glass,kaggle
../data/raw/Garbage_Dataset_Classification/images/glass/glass_01670.jpg,trash,glass,kaggle
../data/raw/Garbage_Dataset_Classification/images/plastic/plastic_02746.jpg,metal_plastic,plastic,kaggle
../data/raw/Garbage_Dataset_Classification/images/paper/paper_03201.jpg,cardboard_paper,paper,kaggle
../data/raw/Garbage_Dataset_Classification/images/metal/metal_01335.jpg,metal_plastic,metal,kaggle
../data/raw/Garbage_Dataset_Classification/images/glass/glass_05013.jpg,trash,glass,kaggle
../data/raw/Garbage_Dataset_Classification/images/plastic/plastic_02528.jpg,metal_plastic,plastic,kaggle
../data/raw/Garbage_Dataset_Classification/images/glass/glass_02738.jpg,trash,glass,kaggle
../data/raw/Garbage_Dataset_Classification/images/glass/glass_02032.jpg,trash,glass,kaggle
../data/raw/Garbage_Dataset_Classification/images/metal/metal_01772.jpg,metal_plastic,metal,kaggle
../data/custom/ecoglasses/FF51C325-84C0-4119-BEB0-60A9E65B5ABE_1_105_c.jpeg,ecoglasses,custom_ecoglasses,custom
../data/raw/Garbage_Dataset_Classification/images/trash/trash_03733.jpg,trash,trash,kaggle
../data/raw/Garbage_Dataset_Classification/images/trash/trash_02826.jpg,trash,trash,kaggle
../data/raw/Garbage_Dataset_Classification/images/plastic/plastic_02472.jpg,metal_plastic,plastic,kaggle
../data/raw/Garbage_Dataset_Classification/images/plastic/plastic_01071.jpg,metal_plastic,plastic,kaggle
../data/raw/Garbage_Dataset_Classification/images/paper/paper_01578.jpg,cardboard_paper,paper,kaggle
../data/raw/Garbage_Dataset_Classification/images/trash/trash_17197.jpg,trash,trash,kaggle
../data/raw/Garbage_Dataset_Classification/images/glass/glass_03802.jpg,trash,glass,kaggle
../data/raw/Garbage_Dataset_Classification/images/plastic/plastic_02246.jpg,metal_plastic,plastic,kaggle
../data/raw/Garbage_Dataset_Classification/images/glass/glass_05019.jpg,trash,glass,kaggle
../data/raw/Garbage_Dataset_Classification/images/glass/glass_01664.jpg,trash,glass,kaggle
../data/raw/Garbage_Dataset_Classification/images/metal/metal_00432.jpg,metal_plastic,metal,kaggle
../data/raw/Garbage_Dataset_Classification/images/cardboard/cardboard_02015.jpg,cardboard_paper,cardboard,kaggle
../data/raw/Garbage_Dataset_Classification/images/plastic/plastic_02022.jpg,metal_plastic,plastic,kaggle
../data/raw/Garbage_Dataset_Classification/images/glass/glass_02939.jpg,trash,glass,kaggle
../data/raw/Garbage_Dataset_Classification/images/paper/paper_02379.jpg,cardboard_paper,paper,kaggle
../data/raw/Garbage_Dataset_Classification/images/trash/trash_11364.jpg,trash,trash,kaggle
../data/raw/Garbage_Dataset_Classification/images/plastic/plastic_02067.jpg,metal_plastic,plastic,kaggle
../data/raw/Garbage_Dataset_Classification/images/cardboard/cardboard_02439.jpg,cardboard_paper,cardboard,kaggle
../data/raw/Garbage_Dataset_Classification/images/trash/trash_09516.jpg,trash,trash,kaggle
../data/raw/Garbage_Dataset_Classification/images/plastic/plastic_01028.jpg,metal_plastic,plastic,kaggle
../data/raw/Garbage_Dataset_Classification/images/metal/metal_01893.jpg,metal_plastic,metal,kaggle
../data/raw/Garbage_Dataset_Classification/images/cardboard/cardboard_02357.jpg,cardboard_paper,cardboard,kaggle
../data/raw/Garbage_Dataset_Classification/images/glass/glass_01407.jpg,trash,glass,kaggle
../data/raw/Garbage_Dataset_Classification/images/paper/paper_00324.jpg,cardboard_paper,paper,kaggle
../data/raw/Garbage_Dataset_Classification/images/trash/trash_17022.jpg,trash,trash,kaggle
../data/raw/Garbage_Dataset_Classification/images/trash/trash_01626.jpg,trash,trash,kaggle
../data/raw/Garbage_Dataset_Classification/images/plastic/plastic_02867.jpg,metal_plastic,plastic,kaggle
../data/raw/Garbage_Dataset_Classification/images/glass/glass_02958.jpg,trash,glass,kaggle
../data/raw/Garbage_Dataset_Classification/images/paper/paper_01577.jpg,cardboard_paper,paper,kaggle
../data/raw/Garbage_Dataset_Classification/images/plastic/plastic_02455.jpg,metal_plastic,plastic,kaggle
../data/raw/Garbage_Dataset_Classification/images/trash/trash_07193.jpg,trash,trash,kaggle
../data/raw/Garbage_Dataset_Classification/images/paper/paper_02923.jpg,cardboard_paper,paper,kaggle
../data/raw/Garbage_Dataset_Classification/images/trash/trash_02777.jpg,trash,trash,kaggle
../data/raw/Garbage_Dataset_Classification/images/metal/metal_01552.jpg,metal_plastic,metal,kaggle
../data/raw/Garbage_Dataset_Classification/images/paper/paper_01962.jpg,cardboard_paper,paper,kaggle
../data/raw/Garbage_Dataset_Classification/images/glass/glass_00745.jpg,trash,glass,kaggle
../data/raw/Garbage_Dataset_Classification/images/metal/metal_02558.jpg,metal_plastic,metal,kaggle
../data/raw/Garbage_Dataset_Classification/images/glass/glass_00987.jpg,trash,glass,kaggle
../data/raw/Garbage_Dataset_Classification/images/paper/paper_00441.jpg,cardboard_paper,paper,kaggle
../data/raw/Garbage_Dataset_Classification/images/trash/trash_19376.jpg,trash,trash,kaggle
../data/raw/Garbage_Dataset_Classification/images/plastic/plastic_00969.jpg,metal_plastic,plastic,kaggle
../data/raw/Garbage_Dataset_Classification/images/paper/paper_02689.jpg,cardboard_paper,paper,kaggle
../data/raw/Garbage_Dataset_Classification/images/glass/glass_04900.jpg,trash,glass,kaggle
../data/raw/Garbage_Dataset_Classification/images/cardboard/cardboard_02824.jpg,cardboard_paper,cardboard,kaggle
../data/raw/Garbage_Dataset_Classification/images/trash/trash_12006.jpg,trash,trash,kaggle
../data/raw/Garbage_Dataset_Classification/images/metal/metal_00228.jpg,metal_plastic,metal,kaggle
../data/raw/Garbage_Dataset_Classification/images/metal/metal_01166.jpg,metal_plastic,metal,kaggle
../data/raw/Garbage_Dataset_Classification/images/metal/metal_01203.jpg,metal_plastic,metal,kaggle
../data/raw/Garbage_Dataset_Classification/images/cardboard/cardboard_02727.jpg,cardboard_paper,cardboard,kaggle
../data/raw/Garbage_Dataset_Classification/images/glass/glass_02548.jpg,trash,glass,kaggle
../data/raw/Garbage_Dataset_Classification/images/plastic/plastic_02868.jpg,metal_plastic,plastic,kaggle
../data/raw/Garbage_Dataset_Classification/images/metal/metal_01969.jpg,metal_plastic,metal,kaggle
../data/raw/Garbage_Dataset_Classification/images/cardboard/cardboard_00620.jpg,cardboard_paper,cardboard,kaggle
../data/raw/Garbage_Dataset_Classification/images/trash/trash_08523.jpg,trash,trash,kaggle
../data/raw/Garbage_Dataset_Classification/images/glass/glass_03737.jpg,trash,glass,kaggle
../data/raw/Garbage_Dataset_Classification/images/paper/paper_01453.jpg,cardboard_paper,paper,kaggle
../data/raw/Garbage_Dataset_Classification/images/paper/paper_02488.jpg,cardboard_paper,paper,kaggle
../data/raw/Garbage_Dataset_Classification/images/trash/trash_16749.jpg,trash,trash,kaggle
../data/raw/Garbage_Dataset_Classification/images/cardboard/cardboard_02022.jpg,cardboard_paper,cardboard,kaggle
../data/raw/Garbage_Dataset_Classification/images/metal/metal_02354.jpg,metal_plastic,metal,kaggle
../data/raw/Garbage_Dataset_Classification/images/metal/metal_01187.jpg,metal_plastic,metal,kaggle
../data/raw/Garbage_Dataset_Classification/images/paper/paper_02780.jpg,cardboard_paper,paper,kaggle
../data/raw/Garbage_Dataset_Classification/images/plastic/plastic_00766.jpg,metal_plastic,plastic,kaggle
../data/raw/Garbage_Dataset_Classification/images/plastic/plastic_01851.jpg,metal_plastic,plastic,kaggle
../data/raw/Garbage_Dataset_Classification/images/glass/glass_03869.jpg,trash,glass,kaggle
../data/raw/Garbage_Dataset_Classification/images/paper/paper_00345.jpg,cardboard_paper,paper,kaggle
../data/raw/Garbage_Dataset_Classification/images/cardboard/cardboard_02456.jpg,cardboard_paper,cardboard,kaggle
../data/raw/Garbage_Dataset_Classification/images/trash/trash_10527.jpg,trash,trash,kaggle
../data/custom/ecoglasses/06EF121C-7BE9-416A-9830-736A312DE5C7_1_105_c.jpeg,ecoglasses,custom_ecoglasses,custom
../data/raw/Garbage_Dataset_Classification/images/paper/paper_02794.jpg,cardboard_paper,paper,kaggle
../data/raw/Garbage_Dataset_Classification/images/metal/metal_00881.jpg,metal_plastic,metal,kaggle
../data/raw/Garbage_Dataset_Classification/images/trash/trash_18249.jpg,trash,trash,kaggle
../data/raw/Garbage_Dataset_Classification/images/trash/trash_16961.jpg,trash,trash,kaggle
../data/raw/Garbage_Dataset_Classification/images/paper/paper_02680.jpg,cardboard_paper,paper,kaggle
../data/raw/Garbage_Dataset_Classification/images/paper/paper_01193.jpg,cardboard_paper,paper,kaggle
../data/raw/Garbage_Dataset_Classification/images/plastic/plastic_01736.jpg,metal_plastic,plastic,kaggle
../data/raw/Garbage_Dataset_Classification/images/plastic/plastic_02942.jpg,metal_plastic,plastic,kaggle
../data/raw/Garbage_Dataset_Classification/images/trash/trash_08991.jpg,trash,trash,kaggle
../data/raw/Garbage_Dataset_Classification/images/trash/trash_08124.jpg,trash,trash,kaggle
../data/raw/Garbage_Dataset_Classification/images/metal/metal_00479.jpg,metal_plastic,metal,kaggle
../data/raw/Garbage_Dataset_Classification/images/paper/paper_02353.jpg,cardboard_paper,paper,kaggle
../data/raw/Garbage_Dataset_Classification/images/plastic/plastic_02902.jpg,metal_plastic,plastic,kaggle
../data/raw/Garbage_Dataset_Classification/images/paper/paper_02184.jpg,cardboard_paper,paper,kaggle
../data/raw/Garbage_Dataset_Classification/images/metal/metal_01697.jpg,metal_plastic,metal,kaggle
../data/raw/Garbage_Dataset_Classification/images/trash/trash_07821.jpg,trash,trash,kaggle
../data/raw/Garbage_Dataset_Classification/images/glass/glass_04356.jpg,trash,glass,kaggle
../data/raw/Garbage_Dataset_Classification/images/glass/glass_02868.jpg,trash,glass,kaggle
../data/raw/Garbage_Dataset_Classification/images/glass/glass_00723.jpg,trash,glass,kaggle
../data/raw/Garbage_Dataset_Classification/images/trash/trash_08600.jpg,trash,trash,kaggle
../data/raw/Garbage_Dataset_Classification/images/paper/paper_02775.jpg,cardboard_paper,paper,kaggle
../data/raw/Garbage_Dataset_Classification/images/plastic/plastic_02228.jpg,metal_plastic,plastic,kaggle
../data/raw/Garbage_Dataset_Classification/images/paper/paper_00764.jpg,cardboard_paper,paper,kaggle
../data/raw/Garbage_Dataset_Classification/images/glass/glass_05003.jpg,trash,glass,kaggle
../data/raw/Garbage_Dataset_Classification/images/trash/trash_06724.jpg,trash,trash,kaggle
../data/raw/Garbage_Dataset_Classification/images/plastic/plastic_02915.jpg,metal_plastic,plastic,kaggle
../data/raw/Garbage_Dataset_Classification/images/plastic/plastic_01611.jpg,metal_plastic,plastic,kaggle
../data/raw/Garbage_Dataset_Classification/images/trash/trash_13527.jpg,trash,trash,kaggle
../data/raw/Garbage_Dataset_Classification/images/metal/metal_01162.jpg,metal_plastic,metal,kaggle
../data/raw/Garbage_Dataset_Classification/images/metal/metal_01242.jpg,metal_plastic,metal,kaggle
../data/raw/Garbage_Dataset_Classification/images/trash/trash_06367.jpg,trash,trash,kaggle
../data/raw/Garbage_Dataset_Classification/images/plastic/plastic_01373.jpg,metal_plastic,plastic,kaggle
../data/raw/Garbage_Dataset_Classification/images/trash/trash_06028.jpg,trash,trash,kaggle
../data/raw/Garbage_Dataset_Classification/images/trash/trash_14588.jpg,trash,trash,kaggle
../data/raw/Garbage_Dataset_Classification/images/metal/metal_00588.jpg,metal_plastic,metal,kaggle
../data/raw/Garbage_Dataset_Classification/images/glass/glass_00484.jpg,trash,glass,kaggle
../data/raw/Garbage_Dataset_Classification/images/glass/glass_02412.jpg,trash,glass,kaggle
../data/raw/Garbage_Dataset_Classification/images/trash/trash_17647.jpg,trash,trash,kaggle
../data/raw/Garbage_Dataset_Classification/images/glass/glass_02223.jpg,trash,glass,kaggle
../data/raw/Garbage_Dataset_Classification/images/trash/trash_04609.jpg,trash,trash,kaggle
../data/raw/Garbage_Dataset_Classification/images/trash/trash_10894.jpg,trash,trash,kaggle
../data/raw/Garbage_Dataset_Classification/images/cardboard/cardboard_02335.jpg,cardboard_paper,cardboard,kaggle
../data/raw/Garbage_Dataset_Classification/images/paper/paper_03290.jpg,cardboard_paper,paper,kaggle
../data/raw/Garbage_Dataset_Classification/images/cardboard/cardboard_02184.jpg,cardboard_paper,cardboard,kaggle
../data/raw/Garbage_Dataset_Classification/images/trash/trash_18944.jpg,trash,trash,kaggle
../data/raw/Garbage_Dataset_Classification/images/paper/paper_01052.jpg,cardboard_paper,paper,kaggle
../data/raw/Garbage_Dataset_Classification/images/cardboard/cardboard_01641.jpg,cardboard_paper,cardboard,kaggle
../data/raw/Garbage_Dataset_Classification/images/trash/trash_18023.jpg,trash,trash,kaggle
../data/raw/Garbage_Dataset_Classification/images/trash/trash_18692.jpg,trash,trash,kaggle
../data/raw/Garbage_Dataset_Classification/images/trash/trash_08290.jpg,trash,trash,kaggle
../data/raw/Garbage_Dataset_Classification/images/paper/paper_02480.jpg,cardboard_paper,paper,kaggle
../data/raw/Garbage_Dataset_Classification/images/plastic/plastic_03037.jpg,metal_plastic,plastic,kaggle
../data/raw/Garbage_Dataset_Classification/images/metal/metal_02550.jpg,metal_plastic,metal,kaggle
../data/raw/Garbage_Dataset_Classification/images/glass/glass_02722.jpg,trash,glass,kaggle
../data/raw/Garbage_Dataset_Classification/images/glass/glass_04380.jpg,trash,glass,kaggle
../data/raw/Garbage_Dataset_Classification/images/paper/paper_00851.jpg,cardboard_paper,paper,kaggle
../data/raw/Garbage_Dataset_Classification/images/glass/glass_05231.jpg,trash,glass,kaggle
../data/raw/Garbage_Dataset_Classification/images/plastic/plastic_01456.jpg,metal_plastic,plastic,kaggle
../data/raw/Garbage_Dataset_Classification/images/paper/paper_02056.jpg,cardboard_paper,paper,kaggle
../data/raw/Garbage_Dataset_Classification/images/cardboard/cardboard_02952.jpg,cardboard_paper,cardboard,kaggle
../data/raw/Garbage_Dataset_Classification/images/metal/metal_02353.jpg,metal_plastic,metal,kaggle
../data/raw/Garbage_Dataset_Classification/images/paper/paper_01233.jpg,cardboard_paper,paper,kaggle
../data/raw/Garbage_Dataset_Classification/images/cardboard/cardboard_00608.jpg,cardboard_paper,cardboard,kaggle
../data/raw/Garbage_Dataset_Classification/images/cardboard/cardboard_02787.jpg,cardboard_paper,cardboard,kaggle
../data/raw/Garbage_Dataset_Classification/images/metal/metal_01428.jpg,metal_plastic,metal,kaggle
../data/raw/Garbage_Dataset_Classification/images/paper/paper_01339.jpg,cardboard_paper,paper,kaggle
../data/raw/Garbage_Dataset_Classification/images/metal/metal_01122.jpg,metal_plastic,metal,kaggle
../data/raw/Garbage_Dataset_Classification/images/glass/glass_04793.jpg,trash,glass,kaggle
../data/raw/Garbage_Dataset_Classification/images/plastic/plastic_01445.jpg,metal_plastic,plastic,kaggle
../data/raw/Garbage_Dataset_Classification/images/paper/paper_01797.jpg,cardboard_paper,paper,kaggle
../data/raw/Garbage_Dataset_Classification/images/cardboard/cardboard_00865.jpg,cardboard_paper,cardboard,kaggle
../data/raw/Garbage_Dataset_Classification/images/glass/glass_02273.jpg,trash,glass,kaggle
../data/raw/Garbage_Dataset_Classification/images/plastic/plastic_00190.jpg,metal_plastic,plastic,kaggle
../data/raw/Garbage_Dataset_Classification/images/glass/glass_04292.jpg,trash,glass,kaggle
../data/raw/Garbage_Dataset_Classification/images/paper/paper_01246.jpg,cardboard_paper,paper,kaggle
../data/raw/Garbage_Dataset_Classification/images/paper/paper_02947.jpg,cardboard_paper,paper,kaggle
../data/raw/Garbage_Dataset_Classification/images/glass/glass_00543.jpg,trash,glass,kaggle
../data/raw/Garbage_Dataset_Classification/images/glass/glass_03706.jpg,trash,glass,kaggle
../data/raw/Garbage_Dataset_Classification/images/trash/trash_20114.jpg,trash,trash,kaggle
../data/raw/Garbage_Dataset_Classification/images/trash/trash_10457.jpg,trash,trash,kaggle
../data/raw/Garbage_Dataset_Classification/images/plastic/plastic_02893.jpg,metal_plastic,plastic,kaggle
../data/raw/Garbage_Dataset_Classification/images/cardboard/cardboard_01750.jpg,cardboard_paper,cardboard,kaggle
../data/raw/Garbage_Dataset_Classification/images/trash/trash_18208.jpg,trash,trash,kaggle
../data/raw/Garbage_Dataset_Classification/images/plastic/plastic_02300.jpg,metal_plastic,plastic,kaggle
../data/raw/Garbage_Dataset_Classification/images/glass/glass_02143.jpg,trash,glass,kaggle
../data/raw/Garbage_Dataset_Classification/images/plastic/plastic_02383.jpg,metal_plastic,plastic,kaggle
../data/raw/Garbage_Dataset_Classification/images/plastic/plastic_01636.jpg,metal_plastic,plastic,kaggle
../data/raw/Garbage_Dataset_Classification/images/paper/paper_00918.jpg,cardboard_paper,paper,kaggle
../data/raw/Garbage_Dataset_Classification/images/metal/metal_02164.jpg,metal_plastic,metal,kaggle
../data/raw/Garbage_Dataset_Classification/images/plastic/plastic_00450.jpg,metal_plastic,plastic,kaggle
../data/raw/Garbage_Dataset_Classification/images/trash/trash_16187.jpg,trash,trash,kaggle
../data/raw/Garbage_Dataset_Classification/images/metal/metal_02200.jpg,metal_plastic,metal,kaggle
../data/raw/Garbage_Dataset_Classification/images/glass/glass_03642.jpg,trash,glass,kaggle
../data/raw/Garbage_Dataset_Classification/images/cardboard/cardboard_02368.jpg,cardboard_paper,cardboard,kaggle
../data/raw/Garbage_Dataset_Classification/images/cardboard/cardboard_03016.jpg,cardboard_paper,cardboard,kaggle
../data/raw/Garbage_Dataset_Classification/images/plastic/plastic_01603.jpg,metal_plastic,plastic,kaggle
../data/raw/Garbage_Dataset_Classification/images/glass/glass_04215.jpg,trash,glass,kaggle
../data/raw/Garbage_Dataset_Classification/images/trash/trash_19255.jpg,trash,trash,kaggle
../data/raw/Garbage_Dataset_Classification/images/glass/glass_04039.jpg,trash,glass,kaggle
../data/raw/Garbage_Dataset_Classification/images/metal/metal_02572.jpg,metal_plastic,metal,kaggle
../data/raw/Garbage_Dataset_Classification/images/glass/glass_01499.jpg,trash,glass,kaggle
../data/raw/Garbage_Dataset_Classification/images/glass/glass_05077.jpg,trash,glass,kaggle
../data/raw/Garbage_Dataset_Classification/images/plastic/plastic_02975.jpg,metal_plastic,plastic,kaggle
../data/raw/Garbage_Dataset_Classification/images/glass/glass_01453.jpg,trash,glass,kaggle
../data/raw/Garbage_Dataset_Classification/images/plastic/plastic_01912.jpg,metal_plastic,plastic,kaggle
../data/raw/Garbage_Dataset_Classification/images/plastic/plastic_02557.jpg,metal_plastic,plastic,kaggle
../data/raw/Garbage_Dataset_Classification/images/paper/paper_02301.jpg,cardboard_paper,paper,kaggle
../data/raw/Garbage_Dataset_Classification/images/paper/paper_01015.jpg,cardboard_paper,paper,kaggle
../data/raw/Garbage_Dataset_Classification/images/metal/metal_02699.jpg,metal_plastic,metal,kaggle
../data/raw/Garbage_Dataset_Classification/images/paper/paper_00940.jpg,cardboard_paper,paper,kaggle
../data/raw/Garbage_Dataset_Classification/images/metal/metal_01526.jpg,metal_plastic,metal,kaggle
../data/raw/Garbage_Dataset_Classification/images/metal/metal_02540.jpg,metal_plastic,metal,kaggle
../data/raw/Garbage_Dataset_Classification/images/trash/trash_01059.jpg,trash,trash,kaggle
../data/raw/Garbage_Dataset_Classification/images/glass/glass_02514.jpg,trash,glass,kaggle
../data/raw/Garbage_Dataset_Classification/images/glass/glass_03160.jpg,trash,glass,kaggle
../data/raw/Garbage_Dataset_Classification/images/plastic/plastic_03010.jpg,metal_plastic,plastic,kaggle
../data/raw/Garbage_Dataset_Classification/images/cardboard/cardboard_01667.jpg,cardboard_paper,cardboard,kaggle
../data/raw/Garbage_Dataset_Classification/images/paper/paper_01697.jpg,cardboard_paper,paper,kaggle
../data/raw/Garbage_Dataset_Classification/images/plastic/plastic_02952.jpg,metal_plastic,plastic,kaggle
../data/raw/Garbage_Dataset_Classification/images/plastic/plastic_02982.jpg,metal_plastic,plastic,kaggle
../data/raw/Garbage_Dataset_Classification/images/plastic/plastic_01274.jpg,metal_plastic,plastic,kaggle
../data/custom/ecoglasses/94E8ADD0-6B17-47C0-A4DD-B074CE75D69E_1_105_c.jpeg,ecoglasses,custom_ecoglasses,custom
../data/raw/Garbage_Dataset_Classification/images/paper/paper_01554.jpg,cardboard_paper,paper,kaggle
../data/raw/Garbage_Dataset_Classification/images/glass/glass_00950.jpg,trash,glass,kaggle
../data/raw/Garbage_Dataset_Classification/images/plastic/plastic_02220.jpg,metal_plastic,plastic,kaggle
../data/raw/Garbage_Dataset_Classification/images/paper/paper_02699.jpg,cardboard_paper,paper,kaggle
../data/raw/Garbage_Dataset_Classification/images/metal/metal_00697.jpg,metal_plastic,metal,kaggle
../data/raw/Garbage_Dataset_Classification/images/plastic/plastic_01181.jpg,metal_plastic,plastic,kaggle
../data/raw/Garbage_Dataset_Classification/images/glass/glass_00259.jpg,trash,glass,kaggle
../data/raw/Garbage_Dataset_Classification/images/metal/metal_02385.jpg,metal_plastic,metal,kaggle
../data/raw/Garbage_Dataset_Classification/images/trash/trash_03000.jpg,trash,trash,kaggle
../data/raw/Garbage_Dataset_Classification/images/glass/glass_02138.jpg,trash,glass,kaggle
../data/raw/Garbage_Dataset_Classification/images/cardboard/cardboard_01710.jpg,cardboard_paper,cardboard,kaggle
../data/raw/Garbage_Dataset_Classification/images/trash/trash_11721.jpg,trash,trash,kaggle
../data/raw/Garbage_Dataset_Classification/images/cardboard/cardboard_01940.jpg,cardboard_paper,cardboard,kaggle
../data/raw/Garbage_Dataset_Classification/images/metal/metal_02012.jpg,metal_plastic,metal,kaggle
../data/raw/Garbage_Dataset_Classification/images/plastic/plastic_02856.jpg,metal_plastic,plastic,kaggle
../data/raw/Garbage_Dataset_Classification/images/cardboard/cardboard_01502.jpg,cardboard_paper,cardboard,kaggle
../data/raw/Garbage_Dataset_Classification/images/paper/paper_00731.jpg,cardboard_paper,paper,kaggle
../data/raw/Garbage_Dataset_Classification/images/plastic/plastic_02315.jpg,metal_plastic,plastic,kaggle
../data/raw/Garbage_Dataset_Classification/images/glass/glass_04315.jpg,trash,glass,kaggle
../data/raw/Garbage_Dataset_Classification/images/paper/paper_01338.jpg,cardboard_paper,paper,kaggle
../data/raw/Garbage_Dataset_Classification/images/glass/glass_00837.jpg,trash,glass,kaggle
../data/raw/Garbage_Dataset_Classification/images/glass/glass_00983.jpg,trash,glass,kaggle
../data/raw/Garbage_Dataset_Classification/images/trash/trash_15142.jpg,trash,trash,kaggle
../data/raw/Garbage_Dataset_Classification/images/paper/paper_00355.jpg,cardboard_paper,paper,kaggle
../data/raw/Garbage_Dataset_Classification/images/metal/metal_01708.jpg,metal_plastic,metal,kaggle
../data/raw/Garbage_Dataset_Classification/images/plastic/plastic_00268.jpg,metal_plastic,plastic,kaggle
../data/raw/Garbage_Dataset_Classification/images/plastic/plastic_01168.jpg,metal_plastic,plastic,kaggle
../data/raw/Garbage_Dataset_Classification/images/paper/paper_01743.jpg,cardboard_paper,paper,kaggle
../data/raw/Garbage_Dataset_Classification/images/plastic/plastic_03184.jpg,metal_plastic,plastic,kaggle
../data/raw/Garbage_Dataset_Classification/images/cardboard/cardboard_02285.jpg,cardboard_paper,cardboard,kaggle
../data/raw/Garbage_Dataset_Classification/images/paper/paper_01274.jpg,cardboard_paper,paper,kaggle
../data/raw/Garbage_Dataset_Classification/images/paper/paper_03303.jpg,cardboard_paper,paper,kaggle
../data/raw/Garbage_Dataset_Classification/images/cardboard/cardboard_01052.jpg,cardboard_paper,cardboard,kaggle
../data/raw/Garbage_Dataset_Classification/images/plastic/plastic_01968.jpg,metal_plastic,plastic,kaggle
../data/raw/Garbage_Dataset_Classification/images/plastic/plastic_02247.jpg,metal_plastic,plastic,kaggle
../data/raw/Garbage_Dataset_Classification/images/metal/metal_00540.jpg,metal_plastic,metal,kaggle
../data/raw/Garbage_Dataset_Classification/images/trash/trash_19994.jpg,trash,trash,kaggle
../data/raw/Garbage_Dataset_Classification/images/paper/paper_02101.jpg,cardboard_paper,paper,kaggle
../data/raw/Garbage_Dataset_Classification/images/trash/trash_08238.jpg,trash,trash,kaggle
../data/raw/Garbage_Dataset_Classification/images/glass/glass_02624.jpg,trash,glass,kaggle
../data/raw/Garbage_Dataset_Classification/images/glass/glass_02252.jpg,trash,glass,kaggle
../data/raw/Garbage_Dataset_Classification/images/metal/metal_02692.jpg,metal_plastic,metal,kaggle
../data/raw/Garbage_Dataset_Classification/images/metal/metal_00320.jpg,metal_plastic,metal,kaggle
../data/raw/Garbage_Dataset_Classification/images/cardboard/cardboard_01280.jpg,cardboard_paper,cardboard,kaggle
../data/raw/Garbage_Dataset_Classification/images/cardboard/cardboard_01090.jpg,cardboard_paper,cardboard,kaggle
../data/raw/Garbage_Dataset_Classification/images/glass/glass_04628.jpg,trash,glass,kaggle
../data/raw/Garbage_Dataset_Classification/images/trash/trash_09496.jpg,trash,trash,kaggle
../data/raw/Garbage_Dataset_Classification/images/cardboard/cardboard_00370.jpg,cardboard_paper,cardboard,kaggle
../data/raw/Garbage_Dataset_Classification/images/glass/glass_03670.jpg,trash,glass,kaggle
../data/raw/Garbage_Dataset_Classification/images/paper/paper_00685.jpg,cardboard_paper,paper,kaggle
../data/raw/Garbage_Dataset_Classification/images/glass/glass_00023.jpg,trash,glass,kaggle
../data/raw/Garbage_Dataset_Classification/images/paper/paper_01919.jpg,cardboard_paper,paper,kaggle
../data/raw/Garbage_Dataset_Classification/images/metal/metal_02428.jpg,metal_plastic,metal,kaggle
../data/raw/Garbage_Dataset_Classification/images/glass/glass_01358.jpg,trash,glass,kaggle
../data/raw/Garbage_Dataset_Classification/images/metal/metal_00900.jpg,metal_plastic,metal,kaggle
../data/raw/Garbage_Dataset_Classification/images/metal/metal_01732.jpg,metal_plastic,metal,kaggle
../data/raw/Garbage_Dataset_Classification/images/metal/metal_02050.jpg,metal_plastic,metal,kaggle
../data/raw/Garbage_Dataset_Classification/images/plastic/plastic_01734.jpg,metal_plastic,plastic,kaggle
../data/raw/Garbage_Dataset_Classification/images/cardboard/cardboard_01361.jpg,cardboard_paper,cardboard,kaggle
../data/raw/Garbage_Dataset_Classification/images/plastic/plastic_02126.jpg,metal_plastic,plastic,kaggle
../data/raw/Garbage_Dataset_Classification/images/paper/paper_03208.jpg,cardboard_paper,paper,kaggle
../data/raw/Garbage_Dataset_Classification/images/glass/glass_02242.jpg,trash,glass,kaggle
../data/raw/Garbage_Dataset_Classification/images/plastic/plastic_01381.jpg,metal_plastic,plastic,kaggle
../data/raw/Garbage_Dataset_Classification/images/paper/paper_02438.jpg,cardboard_paper,paper,kaggle
../data/raw/Garbage_Dataset_Classification/images/plastic/plastic_01358.jpg,metal_plastic,plastic,kaggle
../data/raw/Garbage_Dataset_Classification/images/glass/glass_01712.jpg,trash,glass,kaggle
../data/raw/Garbage_Dataset_Classification/images/paper/paper_03204.jpg,cardboard_paper,paper,kaggle
../data/raw/Garbage_Dataset_Classification/images/paper/paper_01417.jpg,cardboard_paper,paper,kaggle
../data/raw/Garbage_Dataset_Classification/images/paper/paper_01044.jpg,cardboard_paper,paper,kaggle
../data/raw/Garbage_Dataset_Classification/images/trash/trash_19883.jpg,trash,trash,kaggle
../data/raw/Garbage_Dataset_Classification/images/cardboard/cardboard_00422.jpg,cardboard_paper,cardboard,kaggle
../data/raw/Garbage_Dataset_Classification/images/cardboard/cardboard_01946.jpg,cardboard_paper,cardboard,kaggle
../data/raw/Garbage_Dataset_Classification/images/trash/trash_11809.jpg,trash,trash,kaggle
../data/custom/ecoglasses/E6B06B23-A883-49A4-B637-BDB2C52C2122_1_105_c.jpeg,ecoglasses,custom_ecoglasses,custom
../data/raw/Garbage_Dataset_Classification/images/plastic/plastic_03249.jpg,metal_plastic,plastic,kaggle
../data/raw/Garbage_Dataset_Classification/images/trash/trash_17761.jpg,trash,trash,kaggle
../data/raw/Garbage_Dataset_Classification/images/paper/paper_01224.jpg,cardboard_paper,paper,kaggle
../data/raw/Garbage_Dataset_Classification/images/trash/trash_02756.jpg,trash,trash,kaggle
../data/raw/Garbage_Dataset_Classification/images/glass/glass_00661.jpg,trash,glass,kaggle
../data/raw/Garbage_Dataset_Classification/images/paper/paper_02890.jpg,cardboard_paper,paper,kaggle
../data/raw/Garbage_Dataset_Classification/images/trash/trash_10838.jpg,trash,trash,kaggle
../data/raw/Garbage_Dataset_Classification/images/glass/glass_00617.jpg,trash,glass,kaggle
../data/raw/Garbage_Dataset_Classification/images/plastic/plastic_02736.jpg,metal_plastic,plastic,kaggle
../data/raw/Garbage_Dataset_Classification/images/glass/glass_05238.jpg,trash,glass,kaggle
../data/raw/Garbage_Dataset_Classification/images/metal/metal_01394.jpg,metal_plastic,metal,kaggle
../data/raw/Garbage_Dataset_Classification/images/trash/trash_04475.jpg,trash,trash,kaggle
../data/raw/Garbage_Dataset_Classification/images/glass/glass_01198.jpg,trash,glass,kaggle
../data/raw/Garbage_Dataset_Classification/images/trash/trash_02555.jpg,trash,trash,kaggle
../data/raw/Garbage_Dataset_Classification/images/glass/glass_05303.jpg,trash,glass,kaggle
../data/raw/Garbage_Dataset_Classification/images/glass/glass_05129.jpg,trash,glass,kaggle
../data/raw/Garbage_Dataset_Classification/images/glass/glass_04608.jpg,trash,glass,kaggle
../data/raw/Garbage_Dataset_Classification/images/paper/paper_00826.jpg,cardboard_paper,paper,kaggle
../data/raw/Garbage_Dataset_Classification/images/metal/metal_00936.jpg,metal_plastic,metal,kaggle
../data/raw/Garbage_Dataset_Classification/images/cardboard/cardboard_02312.jpg,cardboard_paper,cardboard,kaggle
../data/raw/Garbage_Dataset_Classification/images/metal/metal_01900.jpg,metal_plastic,metal,kaggle
../data/raw/Garbage_Dataset_Classification/images/paper/paper_00947.jpg,cardboard_paper,paper,kaggle
../data/raw/Garbage_Dataset_Classification/images/paper/paper_02337.jpg,cardboard_paper,paper,kaggle
../data/raw/Garbage_Dataset_Classification/images/plastic/plastic_02588.jpg,metal_plastic,plastic,kaggle
../data/raw/Garbage_Dataset_Classification/images/cardboard/cardboard_03106.jpg,cardboard_paper,cardboard,kaggle
../data/raw/Garbage_Dataset_Classification/images/plastic/plastic_02733.jpg,metal_plastic,plastic,kaggle
../data/raw/Garbage_Dataset_Classification/images/metal/metal_00331.jpg,metal_plastic,metal,kaggle
../data/raw/Garbage_Dataset_Classification/images/cardboard/cardboard_02610.jpg,cardboard_paper,cardboard,kaggle
../data/raw/Garbage_Dataset_Classification/images/glass/glass_03337.jpg,trash,glass,kaggle
../data/raw/Garbage_Dataset_Classification/images/glass/glass_02918.jpg,trash,glass,kaggle
../data/raw/Garbage_Dataset_Classification/images/plastic/plastic_02862.jpg,metal_plastic,plastic,kaggle
../data/raw/Garbage_Dataset_Classification/images/plastic/plastic_02041.jpg,metal_plastic,plastic,kaggle
../data/raw/Garbage_Dataset_Classification/images/paper/paper_02904.jpg,cardboard_paper,paper,kaggle
../data/raw/Garbage_Dataset_Classification/images/glass/glass_05289.jpg,trash,glass,kaggle
../data/raw/Garbage_Dataset_Classification/images/paper/paper_02591.jpg,cardboard_paper,paper,kaggle
../data/raw/Garbage_Dataset_Classification/images/plastic/plastic_03062.jpg,metal_plastic,plastic,kaggle
../data/raw/Garbage_Dataset_Classification/images/metal/metal_01245.jpg,metal_plastic,metal,kaggle
../data/raw/Garbage_Dataset_Classification/images/glass/glass_04135.jpg,trash,glass,kaggle
../data/raw/Garbage_Dataset_Classification/images/cardboard/cardboard_02672.jpg,cardboard_paper,cardboard,kaggle
../data/raw/Garbage_Dataset_Classification/images/cardboard/cardboard_01633.jpg,cardboard_paper,cardboard,kaggle
../data/raw/Garbage_Dataset_Classification/images/glass/glass_04544.jpg,trash,glass,kaggle
../data/raw/Garbage_Dataset_Classification/images/cardboard/cardboard_02801.jpg,cardboard_paper,cardboard,kaggle
../data/raw/Garbage_Dataset_Classification/images/trash/trash_05417.jpg,trash,trash,kaggle
../data/raw/Garbage_Dataset_Classification/images/trash/trash_00496.jpg,trash,trash,kaggle
../data/raw/Garbage_Dataset_Classification/images/paper/paper_02190.jpg,cardboard_paper,paper,kaggle
../data/raw/Garbage_Dataset_Classification/images/trash/trash_11927.jpg,trash,trash,kaggle
../data/raw/Garbage_Dataset_Classification/images/cardboard/cardboard_02284.jpg,cardboard_paper,cardboard,kaggle
../data/raw/Garbage_Dataset_Classification/images/cardboard/cardboard_01981.jpg,cardboard_paper,cardboard,kaggle
../data/raw/Garbage_Dataset_Classification/images/paper/paper_03108.jpg,cardboard_paper,paper,kaggle
../data/raw/Garbage_Dataset_Classification/images/paper/paper_02435.jpg,cardboard_paper,paper,kaggle
../data/raw/Garbage_Dataset_Classification/images/trash/trash_08435.jpg,trash,trash,kaggle
../data/raw/Garbage_Dataset_Classification/images/metal/metal_01734.jpg,metal_plastic,metal,kaggle
../data/raw/Garbage_Dataset_Classification/images/trash/trash_09488.jpg,trash,trash,kaggle
../data/raw/Garbage_Dataset_Classification/images/trash/trash_16421.jpg,trash,trash,kaggle
../data/raw/Garbage_Dataset_Classification/images/trash/trash_02288.jpg,trash,trash,kaggle
../data/raw/Garbage_Dataset_Classification/images/plastic/plastic_03041.jpg,metal_plastic,plastic,kaggle
../data/raw/Garbage_Dataset_Classification/images/cardboard/cardboard_02043.jpg,cardboard_paper,cardboard,kaggle
../data/raw/Garbage_Dataset_Classification/images/trash/trash_06744.jpg,trash,trash,kaggle
../data/raw/Garbage_Dataset_Classification/images/trash/trash_10134.jpg,trash,trash,kaggle
../data/raw/Garbage_Dataset_Classification/images/trash/trash_11415.jpg,trash,trash,kaggle
../data/raw/Garbage_Dataset_Classification/images/cardboard/cardboard_02265.jpg,cardboard_paper,cardboard,kaggle
../data/raw/Garbage_Dataset_Classification/images/metal/metal_01864.jpg,metal_plastic,metal,kaggle
../data/raw/Garbage_Dataset_Classification/images/paper/paper_01600.jpg,cardboard_paper,paper,kaggle
../data/raw/Garbage_Dataset_Classification/images/cardboard/cardboard_02413.jpg,cardboard_paper,cardboard,kaggle
../data/raw/Garbage_Dataset_Classification/images/glass/glass_03161.jpg,trash,glass,kaggle
../data/raw/Garbage_Dataset_Classification/images/trash/trash_16882.jpg,trash,trash,kaggle
../data/raw/Garbage_Dataset_Classification/images/paper/paper_02116.jpg,cardboard_paper,paper,kaggle
../data/raw/Garbage_Dataset_Classification/images/paper/paper_01395.jpg,cardboard_paper,paper,kaggle
../data/raw/Garbage_Dataset_Classification/images/metal/metal_02184.jpg,metal_plastic,metal,kaggle
../data/raw/Garbage_Dataset_Classification/images/plastic/plastic_01884.jpg,metal_plastic,plastic,kaggle
../data/raw/Garbage_Dataset_Classification/images/glass/glass_01041.jpg,trash,glass,kaggle
../data/raw/Garbage_Dataset_Classification/images/glass/glass_02959.jpg,trash,glass,kaggle
../data/raw/Garbage_Dataset_Classification/images/glass/glass_05464.jpg,trash,glass,kaggle
../data/raw/Garbage_Dataset_Classification/images/plastic/plastic_01869.jpg,metal_plastic,plastic,kaggle
../data/raw/Garbage_Dataset_Classification/images/cardboard/cardboard_02511.jpg,cardboard_paper,cardboard,kaggle
../data/raw/Garbage_Dataset_Classification/images/plastic/plastic_02959.jpg,metal_plastic,plastic,kaggle
../data/raw/Garbage_Dataset_Classification/images/trash/trash_11408.jpg,trash,trash,kaggle
../data/raw/Garbage_Dataset_Classification/images/metal/metal_00926.jpg,metal_plastic,metal,kaggle
../data/raw/Garbage_Dataset_Classification/images/metal/metal_02564.jpg,metal_plastic,metal,kaggle
../data/raw/Garbage_Dataset_Classification/images/paper/paper_01422.jpg,cardboard_paper,paper,kaggle
../data/raw/Garbage_Dataset_Classification/images/cardboard/cardboard_00482.jpg,cardboard_paper,cardboard,kaggle
../data/raw/Garbage_Dataset_Classification/images/trash/trash_18977.jpg,trash,trash,kaggle
../data/raw/Garbage_Dataset_Classification/images/trash/trash_17039.jpg,trash,trash,kaggle
../data/raw/Garbage_Dataset_Classification/images/glass/glass_02727.jpg,trash,glass,kaggle
../data/raw/Garbage_Dataset_Classification/images/paper/paper_02299.jpg,cardboard_paper,paper,kaggle
../data/raw/Garbage_Dataset_Classification/images/glass/glass_03200.jpg,trash,glass,kaggle
../data/raw/Garbage_Dataset_Classification/images/metal/metal_00869.jpg,metal_plastic,metal,kaggle
../data/raw/Garbage_Dataset_Classification/images/plastic/plastic_03099.jpg,metal_plastic,plastic,kaggle
../data/raw/Garbage_Dataset_Classification/images/glass/glass_00875.jpg,trash,glass,kaggle
../data/raw/Garbage_Dataset_Classification/images/plastic/plastic_03303.jpg,metal_plastic,plastic,kaggle
../data/raw/Garbage_Dataset_Classification/images/plastic/plastic_02597.jpg,metal_plastic,plastic,kaggle
../data/raw/Garbage_Dataset_Classification/images/glass/glass_03429.jpg,trash,glass,kaggle
../data/raw/Garbage_Dataset_Classification/images/plastic/plastic_01865.jpg,metal_plastic,plastic,kaggle
../data/raw/Garbage_Dataset_Classification/images/paper/paper_02128.jpg,cardboard_paper,paper,kaggle
../data/raw/Garbage_Dataset_Classification/images/trash/trash_17183.jpg,trash,trash,kaggle
../data/raw/Garbage_Dataset_Classification/images/glass/glass_00605.jpg,trash,glass,kaggle
../data/raw/Garbage_Dataset_Classification/images/cardboard/cardboard_00502.jpg,cardboard_paper,cardboard,kaggle
../data/raw/Garbage_Dataset_Classification/images/cardboard/cardboard_01431.jpg,cardboard_paper,cardboard,kaggle
../data/raw/Garbage_Dataset_Classification/images/plastic/plastic_02037.jpg,metal_plastic,plastic,kaggle
../data/raw/Garbage_Dataset_Classification/images/cardboard/cardboard_02811.jpg,cardboard_paper,cardboard,kaggle
../data/raw/Garbage_Dataset_Classification/images/glass/glass_00906.jpg,trash,glass,kaggle
../data/raw/Garbage_Dataset_Classification/images/cardboard/cardboard_00952.jpg,cardboard_paper,cardboard,kaggle
../data/raw/Garbage_Dataset_Classification/images/plastic/plastic_03124.jpg,metal_plastic,plastic,kaggle
../data/raw/Garbage_Dataset_Classification/images/trash/trash_09129.jpg,trash,trash,kaggle
../data/raw/Garbage_Dataset_Classification/images/paper/paper_00777.jpg,cardboard_paper,paper,kaggle
../data/raw/Garbage_Dataset_Classification/images/plastic/plastic_02726.jpg,metal_plastic,plastic,kaggle
../data/raw/Garbage_Dataset_Classification/images/glass/glass_01088.jpg,trash,glass,kaggle
../data/raw/Garbage_Dataset_Classification/images/trash/trash_16503.jpg,trash,trash,kaggle
../data/raw/Garbage_Dataset_Classification/images/plastic/plastic_02113.jpg,metal_plastic,plastic,kaggle
../data/raw/Garbage_Dataset_Classification/images/cardboard/cardboard_02592.jpg,cardboard_paper,cardboard,kaggle
../data/raw/Garbage_Dataset_Classification/images/plastic/plastic_00548.jpg,metal_plastic,plastic,kaggle
../data/raw/Garbage_Dataset_Classification/images/plastic/plastic_02312.jpg,metal_plastic,plastic,kaggle
../data/raw/Garbage_Dataset_Classification/images/metal/metal_02078.jpg,metal_plastic,metal,kaggle
../data/raw/Garbage_Dataset_Classification/images/glass/glass_02098.jpg,trash,glass,kaggle
../data/raw/Garbage_Dataset_Classification/images/metal/metal_02251.jpg,metal_plastic,metal,kaggle
../data/raw/Garbage_Dataset_Classification/images/trash/trash_08853.jpg,trash,trash,kaggle
../data/raw/Garbage_Dataset_Classification/images/glass/glass_02687.jpg,trash,glass,kaggle
../data/raw/Garbage_Dataset_Classification/images/glass/glass_03915.jpg,trash,glass,kaggle
../data/raw/Garbage_Dataset_Classification/images/glass/glass_00725.jpg,trash,glass,kaggle
../data/raw/Garbage_Dataset_Classification/images/glass/glass_05155.jpg,trash,glass,kaggle
../data/raw/Garbage_Dataset_Classification/images/cardboard/cardboard_02918.jpg,cardboard_paper,cardboard,kaggle
../data/raw/Garbage_Dataset_Classification/images/cardboard/cardboard_02292.jpg,cardboard_paper,cardboard,kaggle
../data/raw/Garbage_Dataset_Classification/images/trash/trash_03298.jpg,trash,trash,kaggle
../data/raw/Garbage_Dataset_Classification/images/glass/glass_01069.jpg,trash,glass,kaggle
../data/raw/Garbage_Dataset_Classification/images/metal/metal_01938.jpg,metal_plastic,metal,kaggle
../data/raw/Garbage_Dataset_Classification/images/cardboard/cardboard_00558.jpg,cardboard_paper,cardboard,kaggle
../data/raw/Garbage_Dataset_Classification/images/cardboard/cardboard_02167.jpg,cardboard_paper,cardboard,kaggle
../data/raw/Garbage_Dataset_Classification/images/paper/paper_03054.jpg,cardboard_paper,paper,kaggle
../data/raw/Garbage_Dataset_Classification/images/cardboard/cardboard_01163.jpg,cardboard_paper,cardboard,kaggle
../data/raw/Garbage_Dataset_Classification/images/cardboard/cardboard_01910.jpg,cardboard_paper,cardboard,kaggle
../data/raw/Garbage_Dataset_Classification/images/plastic/plastic_03001.jpg,metal_plastic,plastic,kaggle
../data/raw/Garbage_Dataset_Classification/images/cardboard/cardboard_02041.jpg,cardboard_paper,cardboard,kaggle
../data/raw/Garbage_Dataset_Classification/images/metal/metal_00874.jpg,metal_plastic,metal,kaggle
../data/raw/Garbage_Dataset_Classification/images/trash/trash_07959.jpg,trash,trash,kaggle
../data/raw/Garbage_Dataset_Classification/images/plastic/plastic_01614.jpg,metal_plastic,plastic,kaggle
../data/raw/Garbage_Dataset_Classification/images/plastic/plastic_03232.jpg,metal_plastic,plastic,kaggle
../data/raw/Garbage_Dataset_Classification/images/paper/paper_02687.jpg,cardboard_paper,paper,kaggle
../data/raw/Garbage_Dataset_Classification/images/trash/trash_15333.jpg,trash,trash,kaggle
../data/raw/Garbage_Dataset_Classification/images/plastic/plastic_02207.jpg,metal_plastic,plastic,kaggle
../data/raw/Garbage_Dataset_Classification/images/metal/metal_02022.jpg,metal_plastic,metal,kaggle
../data/raw/Garbage_Dataset_Classification/images/cardboard/cardboard_02450.jpg,cardboard_paper,cardboard,kaggle
../data/raw/Garbage_Dataset_Classification/images/metal/metal_01651.jpg,metal_plastic,metal,kaggle
../data/raw/Garbage_Dataset_Classification/images/metal/metal_01955.jpg,metal_plastic,metal,kaggle
../data/raw/Garbage_Dataset_Classification/images/paper/paper_02567.jpg,cardboard_paper,paper,kaggle
../data/raw/Garbage_Dataset_Classification/images/trash/trash_03602.jpg,trash,trash,kaggle
../data/raw/Garbage_Dataset_Classification/images/trash/trash_11854.jpg,trash,trash,kaggle
../data/raw/Garbage_Dataset_Classification/images/glass/glass_05366.jpg,trash,glass,kaggle
../data/raw/Garbage_Dataset_Classification/images/glass/glass_00829.jpg,trash,glass,kaggle
../data/raw/Garbage_Dataset_Classification/images/paper/paper_01759.jpg,cardboard_paper,paper,kaggle
../data/raw/Garbage_Dataset_Classification/images/paper/paper_02573.jpg,cardboard_paper,paper,kaggle
../data/raw/Garbage_Dataset_Classification/images/metal/metal_01218.jpg,metal_plastic,metal,kaggle
../data/raw/Garbage_Dataset_Classification/images/cardboard/cardboard_01430.jpg,cardboard_paper,cardboard,kaggle
../data/raw/Garbage_Dataset_Classification/images/glass/glass_03196.jpg,trash,glass,kaggle
../data/raw/Garbage_Dataset_Classification/images/trash/trash_10084.jpg,trash,trash,kaggle
../data/raw/Garbage_Dataset_Classification/images/paper/paper_00621.jpg,cardboard_paper,paper,kaggle
../data/raw/Garbage_Dataset_Classification/images/paper/paper_00948.jpg,cardboard_paper,paper,kaggle
../data/raw/Garbage_Dataset_Classification/images/cardboard/cardboard_01693.jpg,cardboard_paper,cardboard,kaggle
../data/raw/Garbage_Dataset_Classification/images/plastic/plastic_02812.jpg,metal_plastic,plastic,kaggle
../data/raw/Garbage_Dataset_Classification/images/plastic/plastic_01037.jpg,metal_plastic,plastic,kaggle
../data/raw/Garbage_Dataset_Classification/images/trash/trash_05948.jpg,trash,trash,kaggle
../data/raw/Garbage_Dataset_Classification/images/metal/metal_01995.jpg,metal_plastic,metal,kaggle
../data/raw/Garbage_Dataset_Classification/images/metal/metal_01241.jpg,metal_plastic,metal,kaggle
../data/raw/Garbage_Dataset_Classification/images/glass/glass_00482.jpg,trash,glass,kaggle
../data/raw/Garbage_Dataset_Classification/images/plastic/plastic_02258.jpg,metal_plastic,plastic,kaggle
../data/raw/Garbage_Dataset_Classification/images/trash/trash_17492.jpg,trash,trash,kaggle
../data/raw/Garbage_Dataset_Classification/images/glass/glass_05165.jpg,trash,glass,kaggle
../data/raw/Garbage_Dataset_Classification/images/cardboard/cardboard_02214.jpg,cardboard_paper,cardboard,kaggle
../data/raw/Garbage_Dataset_Classification/images/glass/glass_03817.jpg,trash,glass,kaggle
../data/raw/Garbage_Dataset_Classification/images/plastic/plastic_01792.jpg,metal_plastic,plastic,kaggle
../data/raw/Garbage_Dataset_Classification/images/metal/metal_01442.jpg,metal_plastic,metal,kaggle
../data/raw/Garbage_Dataset_Classification/images/trash/trash_07937.jpg,trash,trash,kaggle
../data/raw/Garbage_Dataset_Classification/images/cardboard/cardboard_00826.jpg,cardboard_paper,cardboard,kaggle
../data/raw/Garbage_Dataset_Classification/images/glass/glass_01215.jpg,trash,glass,kaggle
../data/raw/Garbage_Dataset_Classification/images/glass/glass_00286.jpg,trash,glass,kaggle
../data/raw/Garbage_Dataset_Classification/images/paper/paper_02237.jpg,cardboard_paper,paper,kaggle
../data/raw/Garbage_Dataset_Classification/images/glass/glass_05524.jpg,trash,glass,kaggle
../data/raw/Garbage_Dataset_Classification/images/paper/paper_02436.jpg,cardboard_paper,paper,kaggle
../data/raw/Garbage_Dataset_Classification/images/plastic/plastic_02119.jpg,metal_plastic,plastic,kaggle
../data/raw/Garbage_Dataset_Classification/images/cardboard/cardboard_02656.jpg,cardboard_paper,cardboard,kaggle
../data/raw/Garbage_Dataset_Classification/images/glass/glass_03171.jpg,trash,glass,kaggle
../data/raw/Garbage_Dataset_Classification/images/plastic/plastic_02357.jpg,metal_plastic,plastic,kaggle
../data/raw/Garbage_Dataset_Classification/images/cardboard/cardboard_02889.jpg,cardboard_paper,cardboard,kaggle
../data/raw/Garbage_Dataset_Classification/images/cardboard/cardboard_03117.jpg,cardboard_paper,cardboard,kaggle
../data/raw/Garbage_Dataset_Classification/images/paper/paper_00169.jpg,cardboard_paper,paper,kaggle
../data/raw/Garbage_Dataset_Classification/images/paper/paper_01668.jpg,cardboard_paper,paper,kaggle
../data/raw/Garbage_Dataset_Classification/images/trash/trash_16463.jpg,trash,trash,kaggle
../data/raw/Garbage_Dataset_Classification/images/glass/glass_03158.jpg,trash,glass,kaggle
../data/raw/Garbage_Dataset_Classification/images/plastic/plastic_01862.jpg,metal_plastic,plastic,kaggle
../data/raw/Garbage_Dataset_Classification/images/paper/paper_01320.jpg,cardboard_paper,paper,kaggle
../data/raw/Garbage_Dataset_Classification/images/plastic/plastic_02248.jpg,metal_plastic,plastic,kaggle
../data/raw/Garbage_Dataset_Classification/images/metal/metal_01866.jpg,metal_plastic,metal,kaggle
../data/raw/Garbage_Dataset_Classification/images/cardboard/cardboard_02885.jpg,cardboard_paper,cardboard,kaggle
../data/raw/Garbage_Dataset_Classification/images/paper/paper_02368.jpg,cardboard_paper,paper,kaggle
../data/raw/Garbage_Dataset_Classification/images/metal/metal_01009.jpg,metal_plastic,metal,kaggle
../data/raw/Garbage_Dataset_Classification/images/plastic/plastic_01226.jpg,metal_plastic,plastic,kaggle
../data/raw/Garbage_Dataset_Classification/images/metal/metal_01973.jpg,metal_plastic,metal,kaggle
../data/raw/Garbage_Dataset_Classification/images/glass/glass_04869.jpg,trash,glass,kaggle
../data/raw/Garbage_Dataset_Classification/images/glass/glass_04909.jpg,trash,glass,kaggle
../data/raw/Garbage_Dataset_Classification/images/paper/paper_02137.jpg,cardboard_paper,paper,kaggle
../data/raw/Garbage_Dataset_Classification/images/cardboard/cardboard_01883.jpg,cardboard_paper,cardboard,kaggle
../data/raw/Garbage_Dataset_Classification/images/plastic/plastic_01229.jpg,metal_plastic,plastic,kaggle
../data/raw/Garbage_Dataset_Classification/images/cardboard/cardboard_02609.jpg,cardboard_paper,cardboard,kaggle
../data/raw/Garbage_Dataset_Classification/images/glass/glass_02968.jpg,trash,glass,kaggle
../data/raw/Garbage_Dataset_Classification/images/cardboard/cardboard_02232.jpg,cardboard_paper,cardboard,kaggle
../data/raw/Garbage_Dataset_Classification/images/cardboard/cardboard_01991.jpg,cardboard_paper,cardboard,kaggle
../data/raw/Garbage_Dataset_Classification/images/plastic/plastic_01754.jpg,metal_plastic,plastic,kaggle
../data/raw/Garbage_Dataset_Classification/images/trash/trash_08144.jpg,trash,trash,kaggle
../data/raw/Garbage_Dataset_Classification/images/glass/glass_02909.jpg,trash,glass,kaggle
../data/raw/Garbage_Dataset_Classification/images/cardboard/cardboard_00279.jpg,cardboard_paper,cardboard,kaggle
../data/raw/Garbage_Dataset_Classification/images/trash/trash_16775.jpg,trash,trash,kaggle
../data/raw/Garbage_Dataset_Classification/images/metal/metal_01301.jpg,metal_plastic,metal,kaggle
../data/raw/Garbage_Dataset_Classification/images/cardboard/cardboard_00687.jpg,cardboard_paper,cardboard,kaggle
../data/raw/Garbage_Dataset_Classification/images/cardboard/cardboard_02225.jpg,cardboard_paper,cardboard,kaggle
../data/raw/Garbage_Dataset_Classification/images/glass/glass_05072.jpg,trash,glass,kaggle
../data/raw/Garbage_Dataset_Classification/images/trash/trash_11147.jpg,trash,trash,kaggle
../data/raw/Garbage_Dataset_Classification/images/paper/paper_00514.jpg,cardboard_paper,paper,kaggle
../data/raw/Garbage_Dataset_Classification/images/cardboard/cardboard_02249.jpg,cardboard_paper,cardboard,kaggle
../data/raw/Garbage_Dataset_Classification/images/glass/glass_02882.jpg,trash,glass,kaggle
../data/raw/Garbage_Dataset_Classification/images/glass/glass_04688.jpg,trash,glass,kaggle
../data/raw/Garbage_Dataset_Classification/images/plastic/plastic_02490.jpg,metal_plastic,plastic,kaggle
../data/raw/Garbage_Dataset_Classification/images/cardboard/cardboard_02850.jpg,cardboard_paper,cardboard,kaggle
../data/raw/Garbage_Dataset_Classification/images/trash/trash_09376.jpg,trash,trash,kaggle
../data/raw/Garbage_Dataset_Classification/images/glass/glass_00090.jpg,trash,glass,kaggle
../data/raw/Garbage_Dataset_Classification/images/plastic/plastic_03182.jpg,metal_plastic,plastic,kaggle
../data/raw/Garbage_Dataset_Classification/images/glass/glass_04858.jpg,trash,glass,kaggle
../data/raw/Garbage_Dataset_Classification/images/cardboard/cardboard_01423.jpg,cardboard_paper,cardboard,kaggle
../data/raw/Garbage_Dataset_Classification/images/paper/paper_03078.jpg,cardboard_paper,paper,kaggle
../data/raw/Garbage_Dataset_Classification/images/paper/paper_01264.jpg,cardboard_paper,paper,kaggle
../data/raw/Garbage_Dataset_Classification/images/trash/trash_05230.jpg,trash,trash,kaggle
../data/raw/Garbage_Dataset_Classification/images/paper/paper_02390.jpg,cardboard_paper,paper,kaggle
../data/raw/Garbage_Dataset_Classification/images/plastic/plastic_02821.jpg,metal_plastic,plastic,kaggle
../data/raw/Garbage_Dataset_Classification/images/cardboard/cardboard_00358.jpg,cardboard_paper,cardboard,kaggle
../data/raw/Garbage_Dataset_Classification/images/metal/metal_00318.jpg,metal_plastic,metal,kaggle
../data/raw/Garbage_Dataset_Classification/images/trash/trash_06542.jpg,trash,trash,kaggle
../data/raw/Garbage_Dataset_Classification/images/plastic/plastic_02254.jpg,metal_plastic,plastic,kaggle
../data/raw/Garbage_Dataset_Classification/images/plastic/plastic_01380.jpg,metal_plastic,plastic,kaggle
../data/raw/Garbage_Dataset_Classification/images/trash/trash_15537.jpg,trash,trash,kaggle
../data/raw/Garbage_Dataset_Classification/images/cardboard/cardboard_00883.jpg,cardboard_paper,cardboard,kaggle
../data/raw/Garbage_Dataset_Classification/images/metal/metal_01831.jpg,metal_plastic,metal,kaggle
../data/raw/Garbage_Dataset_Classification/images/plastic/plastic_02100.jpg,metal_plastic,plastic,kaggle
../data/raw/Garbage_Dataset_Classification/images/cardboard/cardboard_02517.jpg,cardboard_paper,cardboard,kaggle
../data/raw/Garbage_Dataset_Classification/images/plastic/plastic_01617.jpg,metal_plastic,plastic,kaggle
../data/raw/Garbage_Dataset_Classification/images/cardboard/cardboard_02709.jpg,cardboard_paper,cardboard,kaggle
../data/raw/Garbage_Dataset_Classification/images/glass/glass_03774.jpg,trash,glass,kaggle
../data/raw/Garbage_Dataset_Classification/images/cardboard/cardboard_02754.jpg,cardboard_paper,cardboard,kaggle
../data/raw/Garbage_Dataset_Classification/images/paper/paper_02369.jpg,cardboard_paper,paper,kaggle
../data/raw/Garbage_Dataset_Classification/images/cardboard/cardboard_00778.jpg,cardboard_paper,cardboard,kaggle
../data/raw/Garbage_Dataset_Classification/images/trash/trash_00782.jpg,trash,trash,kaggle
../data/raw/Garbage_Dataset_Classification/images/glass/glass_01738.jpg,trash,glass,kaggle
../data/raw/Garbage_Dataset_Classification/images/paper/paper_03309.jpg,cardboard_paper,paper,kaggle
../data/raw/Garbage_Dataset_Classification/images/plastic/plastic_02170.jpg,metal_plastic,plastic,kaggle
../data/raw/Garbage_Dataset_Classification/images/paper/paper_01034.jpg,cardboard_paper,paper,kaggle
../data/raw/Garbage_Dataset_Classification/images/paper/paper_01036.jpg,cardboard_paper,paper,kaggle
../data/raw/Garbage_Dataset_Classification/images/plastic/plastic_01395.jpg,metal_plastic,plastic,kaggle
../data/raw/Garbage_Dataset_Classification/images/metal/metal_01222.jpg,metal_plastic,metal,kaggle
../data/raw/Garbage_Dataset_Classification/images/glass/glass_02256.jpg,trash,glass,kaggle
../data/custom/ecoglasses/E5708672-6458-45D2-85A8-DC529145914C_1_105_c.jpeg,ecoglasses,custom_ecoglasses,custom
../data/raw/Garbage_Dataset_Classification/images/cardboard/cardboard_02769.jpg,cardboard_paper,cardboard,kaggle
../data/raw/Garbage_Dataset_Classification/images/paper/paper_03299.jpg,cardboard_paper,paper,kaggle
../data/raw/Garbage_Dataset_Classification/images/paper/paper_02683.jpg,cardboard_paper,paper,kaggle
../data/raw/Garbage_Dataset_Classification/images/metal/metal_00708.jpg,metal_plastic,metal,kaggle
../data/raw/Garbage_Dataset_Classification/images/plastic/plastic_00321.jpg,metal_plastic,plastic,kaggle
../data/raw/Garbage_Dataset_Classification/images/cardboard/cardboard_01951.jpg,cardboard_paper,cardboard,kaggle
../data/raw/Garbage_Dataset_Classification/images/paper/paper_00518.jpg,cardboard_paper,paper,kaggle
../data/raw/Garbage_Dataset_Classification/images/trash/trash_07794.jpg,trash,trash,kaggle
../data/raw/Garbage_Dataset_Classification/images/trash/trash_18759.jpg,trash,trash,kaggle
../data/raw/Garbage_Dataset_Classification/images/trash/trash_06614.jpg,trash,trash,kaggle
../data/raw/Garbage_Dataset_Classification/images/metal/metal_02176.jpg,metal_plastic,metal,kaggle
../data/raw/Garbage_Dataset_Classification/images/metal/metal_02297.jpg,metal_plastic,metal,kaggle
../data/raw/Garbage_Dataset_Classification/images/trash/trash_00127.jpg,trash,trash,kaggle
../data/raw/Garbage_Dataset_Classification/images/metal/metal_01824.jpg,metal_plastic,metal,kaggle
../data/raw/Garbage_Dataset_Classification/images/plastic/plastic_01339.jpg,metal_plastic,plastic,kaggle
../data/raw/Garbage_Dataset_Classification/images/glass/glass_04180.jpg,trash,glass,kaggle
../data/raw/Garbage_Dataset_Classification/images/plastic/plastic_02264.jpg,metal_plastic,plastic,kaggle
../data/raw/Garbage_Dataset_Classification/images/metal/metal_01653.jpg,metal_plastic,metal,kaggle
../data/raw/Garbage_Dataset_Classification/images/cardboard/cardboard_03049.jpg,cardboard_paper,cardboard,kaggle
../data/raw/Garbage_Dataset_Classification/images/plastic/plastic_02923.jpg,metal_plastic,plastic,kaggle
../data/raw/Garbage_Dataset_Classification/images/plastic/plastic_02552.jpg,metal_plastic,plastic,kaggle
../data/raw/Garbage_Dataset_Classification/images/metal/metal_01544.jpg,metal_plastic,metal,kaggle
../data/raw/Garbage_Dataset_Classification/images/plastic/plastic_00463.jpg,metal_plastic,plastic,kaggle
../data/raw/Garbage_Dataset_Classification/images/paper/paper_02308.jpg,cardboard_paper,paper,kaggle
../data/raw/Garbage_Dataset_Classification/images/trash/trash_10541.jpg,trash,trash,kaggle
../data/raw/Garbage_Dataset_Classification/images/plastic/plastic_02609.jpg,metal_plastic,plastic,kaggle
../data/raw/Garbage_Dataset_Classification/images/glass/glass_03647.jpg,trash,glass,kaggle
../data/raw/Garbage_Dataset_Classification/images/glass/glass_03976.jpg,trash,glass,kaggle
../data/raw/Garbage_Dataset_Classification/images/plastic/plastic_00848.jpg,metal_plastic,plastic,kaggle
../data/raw/Garbage_Dataset_Classification/images/cardboard/cardboard_02391.jpg,cardboard_paper,cardboard,kaggle
../data/raw/Garbage_Dataset_Classification/images/cardboard/cardboard_02669.jpg,cardboard_paper,cardboard,kaggle
../data/raw/Garbage_Dataset_Classification/images/cardboard/cardboard_02388.jpg,cardboard_paper,cardboard,kaggle
../data/raw/Garbage_Dataset_Classification/images/metal/metal_02636.jpg,metal_plastic,metal,kaggle
../data/raw/Garbage_Dataset_Classification/images/cardboard/cardboard_02615.jpg,cardboard_paper,cardboard,kaggle
../data/raw/Garbage_Dataset_Classification/images/trash/trash_11641.jpg,trash,trash,kaggle
../data/raw/Garbage_Dataset_Classification/images/cardboard/cardboard_00250.jpg,cardboard_paper,cardboard,kaggle
../data/raw/Garbage_Dataset_Classification/images/paper/paper_02008.jpg,cardboard_paper,paper,kaggle
../data/raw/Garbage_Dataset_Classification/images/metal/metal_01248.jpg,metal_plastic,metal,kaggle
../data/raw/Garbage_Dataset_Classification/images/glass/glass_02395.jpg,trash,glass,kaggle
../data/raw/Garbage_Dataset_Classification/images/metal/metal_00728.jpg,metal_plastic,metal,kaggle
../data/raw/Garbage_Dataset_Classification/images/metal/metal_00604.jpg,metal_plastic,metal,kaggle
../data/raw/Garbage_Dataset_Classification/images/paper/paper_02439.jpg,cardboard_paper,paper,kaggle
../data/raw/Garbage_Dataset_Classification/images/trash/trash_18615.jpg,trash,trash,kaggle
../data/raw/Garbage_Dataset_Classification/images/cardboard/cardboard_02636.jpg,cardboard_paper,cardboard,kaggle
../data/raw/Garbage_Dataset_Classification/images/glass/glass_03238.jpg,trash,glass,kaggle
../data/raw/Garbage_Dataset_Classification/images/metal/metal_01759.jpg,metal_plastic,metal,kaggle
../data/raw/Garbage_Dataset_Classification/images/paper/paper_01130.jpg,cardboard_paper,paper,kaggle
../data/raw/Garbage_Dataset_Classification/images/cardboard/cardboard_01306.jpg,cardboard_paper,cardboard,kaggle
../data/raw/Garbage_Dataset_Classification/images/paper/paper_01692.jpg,cardboard_paper,paper,kaggle
../data/raw/Garbage_Dataset_Classification/images/cardboard/cardboard_02273.jpg,cardboard_paper,cardboard,kaggle
../data/raw/Garbage_Dataset_Classification/images/trash/trash_07328.jpg,trash,trash,kaggle
../data/raw/Garbage_Dataset_Classification/images/trash/trash_14088.jpg,trash,trash,kaggle
../data/raw/Garbage_Dataset_Classification/images/glass/glass_00499.jpg,trash,glass,kaggle
../data/raw/Garbage_Dataset_Classification/images/plastic/plastic_02838.jpg,metal_plastic,plastic,kaggle
../data/raw/Garbage_Dataset_Classification/images/cardboard/cardboard_02079.jpg,cardboard_paper,cardboard,kaggle
../data/raw/Garbage_Dataset_Classification/images/glass/glass_05377.jpg,trash,glass,kaggle
../data/raw/Garbage_Dataset_Classification/images/cardboard/cardboard_00767.jpg,cardboard_paper,cardboard,kaggle
../data/raw/Garbage_Dataset_Classification/images/metal/metal_02468.jpg,metal_plastic,metal,kaggle
../data/raw/Garbage_Dataset_Classification/images/trash/trash_07996.jpg,trash,trash,kaggle
../data/raw/Garbage_Dataset_Classification/images/metal/metal_01674.jpg,metal_plastic,metal,kaggle
../data/raw/Garbage_Dataset_Classification/images/plastic/plastic_02181.jpg,metal_plastic,plastic,kaggle
../data/raw/Garbage_Dataset_Classification/images/cardboard/cardboard_01619.jpg,cardboard_paper,cardboard,kaggle
../data/raw/Garbage_Dataset_Classification/images/metal/metal_02109.jpg,metal_plastic,metal,kaggle
../data/raw/Garbage_Dataset_Classification/images/glass/glass_00382.jpg,trash,glass,kaggle
../data/raw/Garbage_Dataset_Classification/images/plastic/plastic_01768.jpg,metal_plastic,plastic,kaggle
../data/raw/Garbage_Dataset_Classification/images/metal/metal_01256.jpg,metal_plastic,metal,kaggle
../data/raw/Garbage_Dataset_Classification/images/glass/glass_04313.jpg,trash,glass,kaggle
../data/raw/Garbage_Dataset_Classification/images/plastic/plastic_02271.jpg,metal_plastic,plastic,kaggle
../data/raw/Garbage_Dataset_Classification/images/metal/metal_02268.jpg,metal_plastic,metal,kaggle
../data/raw/Garbage_Dataset_Classification/images/trash/trash_15504.jpg,trash,trash,kaggle
../data/raw/Garbage_Dataset_Classification/images/cardboard/cardboard_02674.jpg,cardboard_paper,cardboard,kaggle
../data/raw/Garbage_Dataset_Classification/images/trash/trash_00387.jpg,trash,trash,kaggle
../data/raw/Garbage_Dataset_Classification/images/cardboard/cardboard_02113.jpg,cardboard_paper,cardboard,kaggle
../data/raw/Garbage_Dataset_Classification/images/cardboard/cardboard_02062.jpg,cardboard_paper,cardboard,kaggle
../data/raw/Garbage_Dataset_Classification/images/plastic/plastic_02742.jpg,metal_plastic,plastic,kaggle
../data/raw/Garbage_Dataset_Classification/images/cardboard/cardboard_02109.jpg,cardboard_paper,cardboard,kaggle
../data/raw/Garbage_Dataset_Classification/images/glass/glass_03939.jpg,trash,glass,kaggle
../data/raw/Garbage_Dataset_Classification/images/plastic/plastic_01638.jpg,metal_plastic,plastic,kaggle
../data/raw/Garbage_Dataset_Classification/images/metal/metal_02240.jpg,metal_plastic,metal,kaggle
../data/raw/Garbage_Dataset_Classification/images/trash/trash_06242.jpg,trash,trash,kaggle
../data/raw/Garbage_Dataset_Classification/images/metal/metal_02248.jpg,metal_plastic,metal,kaggle
../data/raw/Garbage_Dataset_Classification/images/cardboard/cardboard_01763.jpg,cardboard_paper,cardboard,kaggle
../data/raw/Garbage_Dataset_Classification/images/cardboard/cardboard_02146.jpg,cardboard_paper,cardboard,kaggle
../data/raw/Garbage_Dataset_Classification/images/metal/metal_02498.jpg,metal_plastic,metal,kaggle
../data/raw/Garbage_Dataset_Classification/images/plastic/plastic_00805.jpg,metal_plastic,plastic,kaggle
../data/raw/Garbage_Dataset_Classification/images/glass/glass_02924.jpg,trash,glass,kaggle
../data/raw/Garbage_Dataset_Classification/images/paper/paper_02924.jpg,cardboard_paper,paper,kaggle
../data/raw/Garbage_Dataset_Classification/images/paper/paper_02414.jpg,cardboard_paper,paper,kaggle
../data/raw/Garbage_Dataset_Classification/images/cardboard/cardboard_00977.jpg,cardboard_paper,cardboard,kaggle
../data/raw/Garbage_Dataset_Classification/images/trash/trash_08400.jpg,trash,trash,kaggle
../data/raw/Garbage_Dataset_Classification/images/glass/glass_03486.jpg,trash,glass,kaggle
../data/raw/Garbage_Dataset_Classification/images/metal/metal_00084.jpg,metal_plastic,metal,kaggle
../data/raw/Garbage_Dataset_Classification/images/paper/paper_02307.jpg,cardboard_paper,paper,kaggle
../data/raw/Garbage_Dataset_Classification/images/metal/metal_02168.jpg,metal_plastic,metal,kaggle
../data/raw/Garbage_Dataset_Classification/images/metal/metal_02115.jpg,metal_plastic,metal,kaggle
../data/raw/Garbage_Dataset_Classification/images/glass/glass_01321.jpg,trash,glass,kaggle
../data/raw/Garbage_Dataset_Classification/images/plastic/plastic_02257.jpg,metal_plastic,plastic,kaggle
../data/raw/Garbage_Dataset_Classification/images/cardboard/cardboard_02649.jpg,cardboard_paper,cardboard,kaggle
../data/raw/Garbage_Dataset_Classification/images/glass/glass_01020.jpg,trash,glass,kaggle
../data/raw/Garbage_Dataset_Classification/images/cardboard/cardboard_00510.jpg,cardboard_paper,cardboard,kaggle
../data/raw/Garbage_Dataset_Classification/images/cardboard/cardboard_02101.jpg,cardboard_paper,cardboard,kaggle
../data/raw/Garbage_Dataset_Classification/images/paper/paper_00691.jpg,cardboard_paper,paper,kaggle
../data/raw/Garbage_Dataset_Classification/images/glass/glass_00263.jpg,trash,glass,kaggle
../data/raw/Garbage_Dataset_Classification/images/plastic/plastic_02797.jpg,metal_plastic,plastic,kaggle
../data/raw/Garbage_Dataset_Classification/images/plastic/plastic_00961.jpg,metal_plastic,plastic,kaggle
../data/raw/Garbage_Dataset_Classification/images/metal/metal_00947.jpg,metal_plastic,metal,kaggle
../data/raw/Garbage_Dataset_Classification/images/paper/paper_00813.jpg,cardboard_paper,paper,kaggle
../data/raw/Garbage_Dataset_Classification/images/glass/glass_05503.jpg,trash,glass,kaggle
../data/raw/Garbage_Dataset_Classification/images/cardboard/cardboard_02261.jpg,cardboard_paper,cardboard,kaggle
../data/raw/Garbage_Dataset_Classification/images/metal/metal_02390.jpg,metal_plastic,metal,kaggle
../data/raw/Garbage_Dataset_Classification/images/metal/metal_01249.jpg,metal_plastic,metal,kaggle
../data/raw/Garbage_Dataset_Classification/images/plastic/plastic_01076.jpg,metal_plastic,plastic,kaggle
../data/raw/Garbage_Dataset_Classification/images/glass/glass_02101.jpg,trash,glass,kaggle
../data/raw/Garbage_Dataset_Classification/images/metal/metal_02666.jpg,metal_plastic,metal,kaggle
../data/raw/Garbage_Dataset_Classification/images/cardboard/cardboard_01264.jpg,cardboard_paper,cardboard,kaggle
../data/raw/Garbage_Dataset_Classification/images/trash/trash_19907.jpg,trash,trash,kaggle
../data/raw/Garbage_Dataset_Classification/images/paper/paper_02985.jpg,cardboard_paper,paper,kaggle
../data/raw/Garbage_Dataset_Classification/images/cardboard/cardboard_02873.jpg,cardboard_paper,cardboard,kaggle
../data/raw/Garbage_Dataset_Classification/images/trash/trash_15467.jpg,trash,trash,kaggle
../data/raw/Garbage_Dataset_Classification/images/metal/metal_00066.jpg,metal_plastic,metal,kaggle
../data/raw/Garbage_Dataset_Classification/images/metal/metal_02650.jpg,metal_plastic,metal,kaggle
../data/raw/Garbage_Dataset_Classification/images/trash/trash_10302.jpg,trash,trash,kaggle
../data/raw/Garbage_Dataset_Classification/images/paper/paper_01978.jpg,cardboard_paper,paper,kaggle
../data/raw/Garbage_Dataset_Classification/images/glass/glass_02753.jpg,trash,glass,kaggle
../data/raw/Garbage_Dataset_Classification/images/glass/glass_03686.jpg,trash,glass,kaggle
../data/raw/Garbage_Dataset_Classification/images/cardboard/cardboard_01329.jpg,cardboard_paper,cardboard,kaggle
../data/raw/Garbage_Dataset_Classification/images/glass/glass_03372.jpg,trash,glass,kaggle
../data/raw/Garbage_Dataset_Classification/images/metal/metal_01252.jpg,metal_plastic,metal,kaggle
../data/raw/Garbage_Dataset_Classification/images/trash/trash_06121.jpg,trash,trash,kaggle
../data/raw/Garbage_Dataset_Classification/images/trash/trash_09600.jpg,trash,trash,kaggle
../data/custom/ecoglasses/7618E86A-2AF2-411E-A1B0-B1B8D456CA99_1_105_c.jpeg,ecoglasses,custom_ecoglasses,custom
../data/raw/Garbage_Dataset_Classification/images/trash/trash_07048.jpg,trash,trash,kaggle
../data/raw/Garbage_Dataset_Classification/images/paper/paper_02206.jpg,cardboard_paper,paper,kaggle
../data/raw/Garbage_Dataset_Classification/images/trash/trash_08288.jpg,trash,trash,kaggle
../data/raw/Garbage_Dataset_Classification/images/glass/glass_02833.jpg,trash,glass,kaggle
../data/raw/Garbage_Dataset_Classification/images/glass/glass_02467.jpg,trash,glass,kaggle
../data/raw/Garbage_Dataset_Classification/images/paper/paper_01595.jpg,cardboard_paper,paper,kaggle
../data/raw/Garbage_Dataset_Classification/images/cardboard/cardboard_00329.jpg,cardboard_paper,cardboard,kaggle
../data/raw/Garbage_Dataset_Classification/images/metal/metal_02654.jpg,metal_plastic,metal,kaggle
../data/raw/Garbage_Dataset_Classification/images/trash/trash_05522.jpg,trash,trash,kaggle
../data/raw/Garbage_Dataset_Classification/images/glass/glass_04875.jpg,trash,glass,kaggle
../data/raw/Garbage_Dataset_Classification/images/cardboard/cardboard_02586.jpg,cardboard_paper,cardboard,kaggle
../data/raw/Garbage_Dataset_Classification/images/plastic/plastic_00900.jpg,metal_plastic,plastic,kaggle
../data/raw/Garbage_Dataset_Classification/images/glass/glass_04841.jpg,trash,glass,kaggle
../data/raw/Garbage_Dataset_Classification/images/trash/trash_15825.jpg,trash,trash,kaggle
../data/raw/Garbage_Dataset_Classification/images/cardboard/cardboard_02153.jpg,cardboard_paper,cardboard,kaggle
../data/raw/Garbage_Dataset_Classification/images/plastic/plastic_03235.jpg,metal_plastic,plastic,kaggle
../data/raw/Garbage_Dataset_Classification/images/trash/trash_17458.jpg,trash,trash,kaggle
../data/raw/Garbage_Dataset_Classification/images/plastic/plastic_02763.jpg,metal_plastic,plastic,kaggle
../data/raw/Garbage_Dataset_Classification/images/trash/trash_11166.jpg,trash,trash,kaggle
../data/raw/Garbage_Dataset_Classification/images/cardboard/cardboard_03073.jpg,cardboard_paper,cardboard,kaggle
../data/raw/Garbage_Dataset_Classification/images/plastic/plastic_01493.jpg,metal_plastic,plastic,kaggle
../data/raw/Garbage_Dataset_Classification/images/plastic/plastic_02408.jpg,metal_plastic,plastic,kaggle
../data/raw/Garbage_Dataset_Classification/images/cardboard/cardboard_02741.jpg,cardboard_paper,cardboard,kaggle
../data/raw/Garbage_Dataset_Classification/images/paper/paper_02177.jpg,cardboard_paper,paper,kaggle
../data/raw/Garbage_Dataset_Classification/images/cardboard/cardboard_00752.jpg,cardboard_paper,cardboard,kaggle
../data/raw/Garbage_Dataset_Classification/images/cardboard/cardboard_01477.jpg,cardboard_paper,cardboard,kaggle
../data/raw/Garbage_Dataset_Classification/images/plastic/plastic_01812.jpg,metal_plastic,plastic,kaggle
../data/raw/Garbage_Dataset_Classification/images/metal/metal_01406.jpg,metal_plastic,metal,kaggle
../data/raw/Garbage_Dataset_Classification/images/paper/paper_00996.jpg,cardboard_paper,paper,kaggle
../data/raw/Garbage_Dataset_Classification/images/trash/trash_18367.jpg,trash,trash,kaggle
../data/raw/Garbage_Dataset_Classification/images/metal/metal_01452.jpg,metal_plastic,metal,kaggle
../data/raw/Garbage_Dataset_Classification/images/trash/trash_16467.jpg,trash,trash,kaggle
../data/raw/Garbage_Dataset_Classification/images/glass/glass_04703.jpg,trash,glass,kaggle
../data/raw/Garbage_Dataset_Classification/images/plastic/plastic_01976.jpg,metal_plastic,plastic,kaggle
../data/raw/Garbage_Dataset_Classification/images/cardboard/cardboard_01507.jpg,cardboard_paper,cardboard,kaggle
../data/raw/Garbage_Dataset_Classification/images/trash/trash_09900.jpg,trash,trash,kaggle
../data/raw/Garbage_Dataset_Classification/images/trash/trash_00687.jpg,trash,trash,kaggle
../data/raw/Garbage_Dataset_Classification/images/plastic/plastic_01848.jpg,metal_plastic,plastic,kaggle
../data/raw/Garbage_Dataset_Classification/images/cardboard/cardboard_02935.jpg,cardboard_paper,cardboard,kaggle
../data/raw/Garbage_Dataset_Classification/images/trash/trash_04863.jpg,trash,trash,kaggle
../data/raw/Garbage_Dataset_Classification/images/glass/glass_04641.jpg,trash,glass,kaggle
../data/raw/Garbage_Dataset_Classification/images/paper/paper_01960.jpg,cardboard_paper,paper,kaggle
../data/raw/Garbage_Dataset_Classification/images/paper/paper_01090.jpg,cardboard_paper,paper,kaggle
../data/raw/Garbage_Dataset_Classification/images/trash/trash_01387.jpg,trash,trash,kaggle
../data/raw/Garbage_Dataset_Classification/images/metal/metal_01758.jpg,metal_plastic,metal,kaggle
../data/raw/Garbage_Dataset_Classification/images/plastic/plastic_01824.jpg,metal_plastic,plastic,kaggle
../data/raw/Garbage_Dataset_Classification/images/plastic/plastic_03168.jpg,metal_plastic,plastic,kaggle
../data/raw/Garbage_Dataset_Classification/images/paper/paper_02443.jpg,cardboard_paper,paper,kaggle
../data/raw/Garbage_Dataset_Classification/images/glass/glass_02891.jpg,trash,glass,kaggle
../data/raw/Garbage_Dataset_Classification/images/paper/paper_00372.jpg,cardboard_paper,paper,kaggle
../data/raw/Garbage_Dataset_Classification/images/plastic/plastic_01426.jpg,metal_plastic,plastic,kaggle
../data/custom/ecoglasses/0031E628-68EA-4439-8375-67101F1C0905_1_105_c.jpeg,ecoglasses,custom_ecoglasses,custom
../data/raw/Garbage_Dataset_Classification/images/glass/glass_02928.jpg,trash,glass,kaggle
../data/raw/Garbage_Dataset_Classification/images/metal/metal_01063.jpg,metal_plastic,metal,kaggle
../data/raw/Garbage_Dataset_Classification/images/cardboard/cardboard_02240.jpg,cardboard_paper,cardboard,kaggle
../data/raw/Garbage_Dataset_Classification/images/metal/metal_00383.jpg,metal_plastic,metal,kaggle
../data/raw/Garbage_Dataset_Classification/images/metal/metal_02644.jpg,metal_plastic,metal,kaggle
../data/raw/Garbage_Dataset_Classification/images/trash/trash_04529.jpg,trash,trash,kaggle
../data/raw/Garbage_Dataset_Classification/images/glass/glass_04495.jpg,trash,glass,kaggle
../data/raw/Garbage_Dataset_Classification/images/plastic/plastic_01749.jpg,metal_plastic,plastic,kaggle
../data/raw/Garbage_Dataset_Classification/images/cardboard/cardboard_01666.jpg,cardboard_paper,cardboard,kaggle
../data/raw/Garbage_Dataset_Classification/images/metal/metal_02396.jpg,metal_plastic,metal,kaggle
../data/raw/Garbage_Dataset_Classification/images/glass/glass_00911.jpg,trash,glass,kaggle
../data/raw/Garbage_Dataset_Classification/images/glass/glass_04352.jpg,trash,glass,kaggle
../data/raw/Garbage_Dataset_Classification/images/metal/metal_00535.jpg,metal_plastic,metal,kaggle
../data/raw/Garbage_Dataset_Classification/images/glass/glass_01951.jpg,trash,glass,kaggle
../data/raw/Garbage_Dataset_Classification/images/cardboard/cardboard_02719.jpg,cardboard_paper,cardboard,kaggle
../data/raw/Garbage_Dataset_Classification/images/metal/metal_02521.jpg,metal_plastic,metal,kaggle
../data/raw/Garbage_Dataset_Classification/images/trash/trash_09862.jpg,trash,trash,kaggle
../data/raw/Garbage_Dataset_Classification/images/paper/paper_01847.jpg,cardboard_paper,paper,kaggle
../data/raw/Garbage_Dataset_Classification/images/paper/paper_02071.jpg,cardboard_paper,paper,kaggle
../data/raw/Garbage_Dataset_Classification/images/metal/metal_00426.jpg,metal_plastic,metal,kaggle
../data/raw/Garbage_Dataset_Classification/images/paper/paper_00814.jpg,cardboard_paper,paper,kaggle
../data/raw/Garbage_Dataset_Classification/images/glass/glass_03949.jpg,trash,glass,kaggle
../data/raw/Garbage_Dataset_Classification/images/paper/paper_01121.jpg,cardboard_paper,paper,kaggle
../data/raw/Garbage_Dataset_Classification/images/cardboard/cardboard_01724.jpg,cardboard_paper,cardboard,kaggle
../data/raw/Garbage_Dataset_Classification/images/metal/metal_02172.jpg,metal_plastic,metal,kaggle
../data/raw/Garbage_Dataset_Classification/images/trash/trash_06563.jpg,trash,trash,kaggle
../data/raw/Garbage_Dataset_Classification/images/metal/metal_01480.jpg,metal_plastic,metal,kaggle
../data/raw/Garbage_Dataset_Classification/images/trash/trash_12625.jpg,trash,trash,kaggle
../data/raw/Garbage_Dataset_Classification/images/trash/trash_16086.jpg,trash,trash,kaggle
../data/raw/Garbage_Dataset_Classification/images/glass/glass_03965.jpg,trash,glass,kaggle
../data/raw/Garbage_Dataset_Classification/images/plastic/plastic_00701.jpg,metal_plastic,plastic,kaggle
../data/raw/Garbage_Dataset_Classification/images/plastic/plastic_02997.jpg,metal_plastic,plastic,kaggle
../data/raw/Garbage_Dataset_Classification/images/cardboard/cardboard_02617.jpg,cardboard_paper,cardboard,kaggle
../data/raw/Garbage_Dataset_Classification/images/trash/trash_14112.jpg,trash,trash,kaggle
../data/raw/Garbage_Dataset_Classification/images/metal/metal_00525.jpg,metal_plastic,metal,kaggle
../data/raw/Garbage_Dataset_Classification/images/glass/glass_04145.jpg,trash,glass,kaggle
../data/raw/Garbage_Dataset_Classification/images/plastic/plastic_02144.jpg,metal_plastic,plastic,kaggle
../data/raw/Garbage_Dataset_Classification/images/glass/glass_01972.jpg,trash,glass,kaggle
../data/raw/Garbage_Dataset_Classification/images/glass/glass_00665.jpg,trash,glass,kaggle
../data/raw/Garbage_Dataset_Classification/images/cardboard/cardboard_02042.jpg,cardboard_paper,cardboard,kaggle
../data/raw/Garbage_Dataset_Classification/images/trash/trash_20039.jpg,trash,trash,kaggle
../data/raw/Garbage_Dataset_Classification/images/metal/metal_01000.jpg,metal_plastic,metal,kaggle
../data/raw/Garbage_Dataset_Classification/images/plastic/plastic_02080.jpg,metal_plastic,plastic,kaggle
../data/raw/Garbage_Dataset_Classification/images/cardboard/cardboard_00070.jpg,cardboard_paper,cardboard,kaggle
../data/custom/ecoglasses/3BC78890-2713-41BD-A307-F55F64F9ACE7_1_105_c.jpeg,ecoglasses,custom_ecoglasses,custom
../data/raw/Garbage_Dataset_Classification/images/trash/trash_18151.jpg,trash,trash,kaggle
../data/raw/Garbage_Dataset_Classification/images/plastic/plastic_02642.jpg,metal_plastic,plastic,kaggle
../data/raw/Garbage_Dataset_Classification/images/cardboard/cardboard_01566.jpg,cardboard_paper,cardboard,kaggle
../data/raw/Garbage_Dataset_Classification/images/trash/trash_15838.jpg,trash,trash,kaggle
../data/raw/Garbage_Dataset_Classification/images/paper/paper_03127.jpg,cardboard_paper,paper,kaggle
../data/raw/Garbage_Dataset_Classification/images/plastic/plastic_02362.jpg,metal_plastic,plastic,kaggle
../data/raw/Garbage_Dataset_Classification/images/metal/metal_01446.jpg,metal_plastic,metal,kaggle
../data/raw/Garbage_Dataset_Classification/images/paper/paper_02659.jpg,cardboard_paper,paper,kaggle
../data/raw/Garbage_Dataset_Classification/images/paper/paper_00124.jpg,cardboard_paper,paper,kaggle
../data/raw/Garbage_Dataset_Classification/images/trash/trash_06319.jpg,trash,trash,kaggle
../data/raw/Garbage_Dataset_Classification/images/metal/metal_01596.jpg,metal_plastic,metal,kaggle
../data/raw/Garbage_Dataset_Classification/images/cardboard/cardboard_02233.jpg,cardboard_paper,cardboard,kaggle
../data/raw/Garbage_Dataset_Classification/images/metal/metal_02312.jpg,metal_plastic,metal,kaggle
../data/raw/Garbage_Dataset_Classification/images/paper/paper_02585.jpg,cardboard_paper,paper,kaggle
../data/raw/Garbage_Dataset_Classification/images/trash/trash_15592.jpg,trash,trash,kaggle
../data/raw/Garbage_Dataset_Classification/images/plastic/plastic_01139.jpg,metal_plastic,plastic,kaggle
../data/raw/Garbage_Dataset_Classification/images/cardboard/cardboard_00117.jpg,cardboard_paper,cardboard,kaggle
../data/raw/Garbage_Dataset_Classification/images/metal/metal_02127.jpg,metal_plastic,metal,kaggle
../data/raw/Garbage_Dataset_Classification/images/trash/trash_11864.jpg,trash,trash,kaggle
../data/raw/Garbage_Dataset_Classification/images/glass/glass_03231.jpg,trash,glass,kaggle
../data/raw/Garbage_Dataset_Classification/images/paper/paper_00887.jpg,cardboard_paper,paper,kaggle
../data/raw/Garbage_Dataset_Classification/images/glass/glass_00961.jpg,trash,glass,kaggle
../data/raw/Garbage_Dataset_Classification/images/trash/trash_18056.jpg,trash,trash,kaggle
../data/raw/Garbage_Dataset_Classification/images/glass/glass_02357.jpg,trash,glass,kaggle
../data/raw/Garbage_Dataset_Classification/images/paper/paper_02406.jpg,cardboard_paper,paper,kaggle
../data/raw/Garbage_Dataset_Classification/images/metal/metal_00002.jpg,metal_plastic,metal,kaggle
../data/raw/Garbage_Dataset_Classification/images/trash/trash_12489.jpg,trash,trash,kaggle
../data/raw/Garbage_Dataset_Classification/images/plastic/plastic_02075.jpg,metal_plastic,plastic,kaggle
../data/raw/Garbage_Dataset_Classification/images/metal/metal_01385.jpg,metal_plastic,metal,kaggle
../data/raw/Garbage_Dataset_Classification/images/metal/metal_01462.jpg,metal_plastic,metal,kaggle
../data/raw/Garbage_Dataset_Classification/images/paper/paper_02694.jpg,cardboard_paper,paper,kaggle
../data/raw/Garbage_Dataset_Classification/images/glass/glass_02728.jpg,trash,glass,kaggle
../data/raw/Garbage_Dataset_Classification/images/trash/trash_02691.jpg,trash,trash,kaggle
../data/raw/Garbage_Dataset_Classification/images/paper/paper_02798.jpg,cardboard_paper,paper,kaggle
../data/raw/Garbage_Dataset_Classification/images/trash/trash_10532.jpg,trash,trash,kaggle
../data/raw/Garbage_Dataset_Classification/images/glass/glass_04676.jpg,trash,glass,kaggle
../data/raw/Garbage_Dataset_Classification/images/paper/paper_03293.jpg,cardboard_paper,paper,kaggle
../data/raw/Garbage_Dataset_Classification/images/plastic/plastic_01996.jpg,metal_plastic,plastic,kaggle
../data/raw/Garbage_Dataset_Classification/images/metal/metal_00920.jpg,metal_plastic,metal,kaggle
../data/raw/Garbage_Dataset_Classification/images/trash/trash_13167.jpg,trash,trash,kaggle
../data/raw/Garbage_Dataset_Classification/images/metal/metal_01020.jpg,metal_plastic,metal,kaggle
../data/raw/Garbage_Dataset_Classification/images/paper/paper_02505.jpg,cardboard_paper,paper,kaggle
../data/raw/Garbage_Dataset_Classification/images/trash/trash_02978.jpg,trash,trash,kaggle
../data/raw/Garbage_Dataset_Classification/images/glass/glass_03954.jpg,trash,glass,kaggle
../data/raw/Garbage_Dataset_Classification/images/trash/trash_15604.jpg,trash,trash,kaggle
../data/raw/Garbage_Dataset_Classification/images/trash/trash_18319.jpg,trash,trash,kaggle
../data/raw/Garbage_Dataset_Classification/images/metal/metal_01968.jpg,metal_plastic,metal,kaggle
../data/raw/Garbage_Dataset_Classification/images/metal/metal_01910.jpg,metal_plastic,metal,kaggle
../data/raw/Garbage_Dataset_Classification/images/metal/metal_02279.jpg,metal_plastic,metal,kaggle
../data/raw/Garbage_Dataset_Classification/images/cardboard/cardboard_02763.jpg,cardboard_paper,cardboard,kaggle
../data/raw/Garbage_Dataset_Classification/images/paper/paper_01923.jpg,cardboard_paper,paper,kaggle
../data/raw/Garbage_Dataset_Classification/images/glass/glass_03127.jpg,trash,glass,kaggle
../data/raw/Garbage_Dataset_Classification/images/plastic/plastic_00265.jpg,metal_plastic,plastic,kaggle
../data/raw/Garbage_Dataset_Classification/images/plastic/plastic_00928.jpg,metal_plastic,plastic,kaggle
../data/raw/Garbage_Dataset_Classification/images/trash/trash_03026.jpg,trash,trash,kaggle
../data/raw/Garbage_Dataset_Classification/images/plastic/plastic_02859.jpg,metal_plastic,plastic,kaggle
../data/raw/Garbage_Dataset_Classification/images/glass/glass_01985.jpg,trash,glass,kaggle
../data/raw/Garbage_Dataset_Classification/images/cardboard/cardboard_02540.jpg,cardboard_paper,cardboard,kaggle
../data/raw/Garbage_Dataset_Classification/images/plastic/plastic_03056.jpg,metal_plastic,plastic,kaggle
../data/raw/Garbage_Dataset_Classification/images/cardboard/cardboard_02739.jpg,cardboard_paper,cardboard,kaggle
../data/raw/Garbage_Dataset_Classification/images/cardboard/cardboard_02117.jpg,cardboard_paper,cardboard,kaggle
../data/raw/Garbage_Dataset_Classification/images/glass/glass_04560.jpg,trash,glass,kaggle
../data/raw/Garbage_Dataset_Classification/images/plastic/plastic_02794.jpg,metal_plastic,plastic,kaggle
../data/raw/Garbage_Dataset_Classification/images/paper/paper_02200.jpg,cardboard_paper,paper,kaggle
../data/raw/Garbage_Dataset_Classification/images/trash/trash_14247.jpg,trash,trash,kaggle
../data/raw/Garbage_Dataset_Classification/images/glass/glass_01506.jpg,trash,glass,kaggle
../data/raw/Garbage_Dataset_Classification/images/paper/paper_01742.jpg,cardboard_paper,paper,kaggle
../data/raw/Garbage_Dataset_Classification/images/cardboard/cardboard_02424.jpg,cardboard_paper,cardboard,kaggle
../data/raw/Garbage_Dataset_Classification/images/trash/trash_19478.jpg,trash,trash,kaggle
../data/raw/Garbage_Dataset_Classification/images/cardboard/cardboard_02142.jpg,cardboard_paper,cardboard,kaggle
../data/raw/Garbage_Dataset_Classification/images/metal/metal_00857.jpg,metal_plastic,metal,kaggle
../data/raw/Garbage_Dataset_Classification/images/paper/paper_02859.jpg,cardboard_paper,paper,kaggle
../data/raw/Garbage_Dataset_Classification/images/metal/metal_02719.jpg,metal_plastic,metal,kaggle
../data/raw/Garbage_Dataset_Classification/images/glass/glass_03456.jpg,trash,glass,kaggle
../data/raw/Garbage_Dataset_Classification/images/metal/metal_00392.jpg,metal_plastic,metal,kaggle
../data/raw/Garbage_Dataset_Classification/images/plastic/plastic_01281.jpg,metal_plastic,plastic,kaggle
../data/raw/Garbage_Dataset_Classification/images/trash/trash_15531.jpg,trash,trash,kaggle
../data/raw/Garbage_Dataset_Classification/images/plastic/plastic_02310.jpg,metal_plastic,plastic,kaggle
../data/raw/Garbage_Dataset_Classification/images/trash/trash_13906.jpg,trash,trash,kaggle
../data/raw/Garbage_Dataset_Classification/images/trash/trash_19216.jpg,trash,trash,kaggle
../data/raw/Garbage_Dataset_Classification/images/trash/trash_02125.jpg,trash,trash,kaggle
../data/raw/Garbage_Dataset_Classification/images/paper/paper_02125.jpg,cardboard_paper,paper,kaggle
../data/raw/Garbage_Dataset_Classification/images/cardboard/cardboard_02731.jpg,cardboard_paper,cardboard,kaggle
../data/raw/Garbage_Dataset_Classification/images/paper/paper_01829.jpg,cardboard_paper,paper,kaggle
../data/raw/Garbage_Dataset_Classification/images/plastic/plastic_01401.jpg,metal_plastic,plastic,kaggle
../data/raw/Garbage_Dataset_Classification/images/cardboard/cardboard_02706.jpg,cardboard_paper,cardboard,kaggle
../data/raw/Garbage_Dataset_Classification/images/glass/glass_01477.jpg,trash,glass,kaggle
../data/raw/Garbage_Dataset_Classification/images/metal/metal_02343.jpg,metal_plastic,metal,kaggle
../data/raw/Garbage_Dataset_Classification/images/paper/paper_03135.jpg,cardboard_paper,paper,kaggle
../data/raw/Garbage_Dataset_Classification/images/metal/metal_02346.jpg,metal_plastic,metal,kaggle
../data/raw/Garbage_Dataset_Classification/images/plastic/plastic_01860.jpg,metal_plastic,plastic,kaggle
../data/raw/Garbage_Dataset_Classification/images/glass/glass_00574.jpg,trash,glass,kaggle
../data/raw/Garbage_Dataset_Classification/images/trash/trash_13654.jpg,trash,trash,kaggle
../data/raw/Garbage_Dataset_Classification/images/glass/glass_02637.jpg,trash,glass,kaggle
../data/raw/Garbage_Dataset_Classification/images/glass/glass_03123.jpg,trash,glass,kaggle
../data/raw/Garbage_Dataset_Classification/images/cardboard/cardboard_00642.jpg,cardboard_paper,cardboard,kaggle
../data/raw/Garbage_Dataset_Classification/images/paper/paper_02057.jpg,cardboard_paper,paper,kaggle
../data/raw/Garbage_Dataset_Classification/images/cardboard/cardboard_02256.jpg,cardboard_paper,cardboard,kaggle
../data/raw/Garbage_Dataset_Classification/images/plastic/plastic_03050.jpg,metal_plastic,plastic,kaggle
../data/raw/Garbage_Dataset_Classification/images/metal/metal_00872.jpg,metal_plastic,metal,kaggle
../data/raw/Garbage_Dataset_Classification/images/trash/trash_06364.jpg,trash,trash,kaggle
../data/raw/Garbage_Dataset_Classification/images/glass/glass_00964.jpg,trash,glass,kaggle
../data/raw/Garbage_Dataset_Classification/images/plastic/plastic_02744.jpg,metal_plastic,plastic,kaggle
../data/raw/Garbage_Dataset_Classification/images/paper/paper_00595.jpg,cardboard_paper,paper,kaggle
../data/raw/Garbage_Dataset_Classification/images/trash/trash_17101.jpg,trash,trash,kaggle
../data/raw/Garbage_Dataset_Classification/images/paper/paper_02748.jpg,cardboard_paper,paper,kaggle
../data/raw/Garbage_Dataset_Classification/images/metal/metal_01074.jpg,metal_plastic,metal,kaggle
../data/raw/Garbage_Dataset_Classification/images/plastic/plastic_02710.jpg,metal_plastic,plastic,kaggle
../data/raw/Garbage_Dataset_Classification/images/metal/metal_02149.jpg,metal_plastic,metal,kaggle
../data/raw/Garbage_Dataset_Classification/images/glass/glass_04817.jpg,trash,glass,kaggle
../data/raw/Garbage_Dataset_Classification/images/cardboard/cardboard_01551.jpg,cardboard_paper,cardboard,kaggle
../data/raw/Garbage_Dataset_Classification/images/paper/paper_01832.jpg,cardboard_paper,paper,kaggle
../data/raw/Garbage_Dataset_Classification/images/metal/metal_02263.jpg,metal_plastic,metal,kaggle
../data/raw/Garbage_Dataset_Classification/images/metal/metal_00468.jpg,metal_plastic,metal,kaggle
../data/raw/Garbage_Dataset_Classification/images/plastic/plastic_02149.jpg,metal_plastic,plastic,kaggle
../data/custom/ecoglasses/415EF8A0-88FF-4634-954F-F7E9B9A8D027_1_105_c.jpeg,ecoglasses,custom_ecoglasses,custom
../data/raw/Garbage_Dataset_Classification/images/cardboard/cardboard_02859.jpg,cardboard_paper,cardboard,kaggle
../data/raw/Garbage_Dataset_Classification/images/metal/metal_00238.jpg,metal_plastic,metal,kaggle
../data/raw/Garbage_Dataset_Classification/images/trash/trash_14993.jpg,trash,trash,kaggle
../data/raw/Garbage_Dataset_Classification/images/glass/glass_04225.jpg,trash,glass,kaggle
../data/raw/Garbage_Dataset_Classification/images/plastic/plastic_02922.jpg,metal_plastic,plastic,kaggle
../data/raw/Garbage_Dataset_Classification/images/trash/trash_09512.jpg,trash,trash,kaggle
../data/raw/Garbage_Dataset_Classification/images/trash/trash_03572.jpg,trash,trash,kaggle
../data/raw/Garbage_Dataset_Classification/images/glass/glass_01759.jpg,trash,glass,kaggle
../data/raw/Garbage_Dataset_Classification/images/glass/glass_05312.jpg,trash,glass,kaggle
../data/raw/Garbage_Dataset_Classification/images/paper/paper_01598.jpg,cardboard_paper,paper,kaggle
../data/raw/Garbage_Dataset_Classification/images/paper/paper_01374.jpg,cardboard_paper,paper,kaggle
../data/raw/Garbage_Dataset_Classification/images/trash/trash_09340.jpg,trash,trash,kaggle
../data/raw/Garbage_Dataset_Classification/images/paper/paper_02021.jpg,cardboard_paper,paper,kaggle
../data/raw/Garbage_Dataset_Classification/images/plastic/plastic_02852.jpg,metal_plastic,plastic,kaggle
../data/raw/Garbage_Dataset_Classification/images/plastic/plastic_01474.jpg,metal_plastic,plastic,kaggle
../data/raw/Garbage_Dataset_Classification/images/glass/glass_04439.jpg,trash,glass,kaggle
../data/raw/Garbage_Dataset_Classification/images/trash/trash_10900.jpg,trash,trash,kaggle
../data/raw/Garbage_Dataset_Classification/images/glass/glass_04072.jpg,trash,glass,kaggle
../data/raw/Garbage_Dataset_Classification/images/paper/paper_03260.jpg,cardboard_paper,paper,kaggle
../data/raw/Garbage_Dataset_Classification/images/paper/paper_00359.jpg,cardboard_paper,paper,kaggle
../data/raw/Garbage_Dataset_Classification/images/metal/metal_01405.jpg,metal_plastic,metal,kaggle
../data/raw/Garbage_Dataset_Classification/images/trash/trash_10733.jpg,trash,trash,kaggle
../data/raw/Garbage_Dataset_Classification/images/plastic/plastic_01951.jpg,metal_plastic,plastic,kaggle
../data/raw/Garbage_Dataset_Classification/images/glass/glass_04146.jpg,trash,glass,kaggle
../data/raw/Garbage_Dataset_Classification/images/glass/glass_01536.jpg,trash,glass,kaggle
../data/raw/Garbage_Dataset_Classification/images/plastic/plastic_02582.jpg,metal_plastic,plastic,kaggle
../data/raw/Garbage_Dataset_Classification/images/cardboard/cardboard_01685.jpg,cardboard_paper,cardboard,kaggle
../data/raw/Garbage_Dataset_Classification/images/cardboard/cardboard_02822.jpg,cardboard_paper,cardboard,kaggle
../data/raw/Garbage_Dataset_Classification/images/trash/trash_18186.jpg,trash,trash,kaggle
../data/raw/Garbage_Dataset_Classification/images/glass/glass_04767.jpg,trash,glass,kaggle
../data/raw/Garbage_Dataset_Classification/images/glass/glass_01423.jpg,trash,glass,kaggle
../data/raw/Garbage_Dataset_Classification/images/plastic/plastic_02777.jpg,metal_plastic,plastic,kaggle
../data/raw/Garbage_Dataset_Classification/images/trash/trash_16634.jpg,trash,trash,kaggle
../data/raw/Garbage_Dataset_Classification/images/glass/glass_00480.jpg,trash,glass,kaggle
../data/raw/Garbage_Dataset_Classification/images/trash/trash_06654.jpg,trash,trash,kaggle
../data/raw/Garbage_Dataset_Classification/images/glass/glass_00498.jpg,trash,glass,kaggle
../data/raw/Garbage_Dataset_Classification/images/metal/metal_01492.jpg,metal_plastic,metal,kaggle
../data/raw/Garbage_Dataset_Classification/images/paper/paper_02077.jpg,cardboard_paper,paper,kaggle
../data/raw/Garbage_Dataset_Classification/images/metal/metal_01603.jpg,metal_plastic,metal,kaggle
../data/raw/Garbage_Dataset_Classification/images/trash/trash_01023.jpg,trash,trash,kaggle
../data/raw/Garbage_Dataset_Classification/images/paper/paper_01500.jpg,cardboard_paper,paper,kaggle
../data/raw/Garbage_Dataset_Classification/images/cardboard/cardboard_00439.jpg,cardboard_paper,cardboard,kaggle
../data/raw/Garbage_Dataset_Classification/images/cardboard/cardboard_00352.jpg,cardboard_paper,cardboard,kaggle
../data/raw/Garbage_Dataset_Classification/images/metal/metal_00521.jpg,metal_plastic,metal,kaggle
../data/raw/Garbage_Dataset_Classification/images/trash/trash_10962.jpg,trash,trash,kaggle
../data/raw/Garbage_Dataset_Classification/images/glass/glass_02814.jpg,trash,glass,kaggle
../data/raw/Garbage_Dataset_Classification/images/glass/glass_04805.jpg,trash,glass,kaggle
../data/raw/Garbage_Dataset_Classification/images/plastic/plastic_00583.jpg,metal_plastic,plastic,kaggle
../data/raw/Garbage_Dataset_Classification/images/plastic/plastic_03114.jpg,metal_plastic,plastic,kaggle
../data/raw/Garbage_Dataset_Classification/images/trash/trash_09734.jpg,trash,trash,kaggle
../data/raw/Garbage_Dataset_Classification/images/paper/paper_03121.jpg,cardboard_paper,paper,kaggle
../data/raw/Garbage_Dataset_Classification/images/glass/glass_02505.jpg,trash,glass,kaggle
../data/raw/Garbage_Dataset_Classification/images/metal/metal_02569.jpg,metal_plastic,metal,kaggle
../data/raw/Garbage_Dataset_Classification/images/glass/glass_02965.jpg,trash,glass,kaggle
../data/raw/Garbage_Dataset_Classification/images/glass/glass_05249.jpg,trash,glass,kaggle
../data/raw/Garbage_Dataset_Classification/images/plastic/plastic_03085.jpg,metal_plastic,plastic,kaggle
../data/raw/Garbage_Dataset_Classification/images/paper/paper_00678.jpg,cardboard_paper,paper,kaggle
../data/raw/Garbage_Dataset_Classification/images/glass/glass_02482.jpg,trash,glass,kaggle
../data/raw/Garbage_Dataset_Classification/images/metal/metal_01966.jpg,metal_plastic,metal,kaggle
../data/raw/Garbage_Dataset_Classification/images/trash/trash_18178.jpg,trash,trash,kaggle
../data/raw/Garbage_Dataset_Classification/images/paper/paper_01313.jpg,cardboard_paper,paper,kaggle
../data/raw/Garbage_Dataset_Classification/images/glass/glass_00960.jpg,trash,glass,kaggle
../data/raw/Garbage_Dataset_Classification/images/glass/glass_05055.jpg,trash,glass,kaggle
../data/raw/Garbage_Dataset_Classification/images/trash/trash_09890.jpg,trash,trash,kaggle
../data/raw/Garbage_Dataset_Classification/images/paper/paper_03200.jpg,cardboard_paper,paper,kaggle
../data/raw/Garbage_Dataset_Classification/images/trash/trash_19849.jpg,trash,trash,kaggle
../data/raw/Garbage_Dataset_Classification/images/cardboard/cardboard_01781.jpg,cardboard_paper,cardboard,kaggle
../data/raw/Garbage_Dataset_Classification/images/cardboard/cardboard_02408.jpg,cardboard_paper,cardboard,kaggle
../data/raw/Garbage_Dataset_Classification/images/trash/trash_17400.jpg,trash,trash,kaggle
../data/raw/Garbage_Dataset_Classification/images/trash/trash_01714.jpg,trash,trash,kaggle
../data/raw/Garbage_Dataset_Classification/images/glass/glass_02971.jpg,trash,glass,kaggle
../data/raw/Garbage_Dataset_Classification/images/metal/metal_01509.jpg,metal_plastic,metal,kaggle
../data/raw/Garbage_Dataset_Classification/images/glass/glass_00740.jpg,trash,glass,kaggle
../data/raw/Garbage_Dataset_Classification/images/paper/paper_00641.jpg,cardboard_paper,paper,kaggle
../data/raw/Garbage_Dataset_Classification/images/plastic/plastic_01600.jpg,metal_plastic,plastic,kaggle
../data/raw/Garbage_Dataset_Classification/images/glass/glass_00029.jpg,trash,glass,kaggle
../data/raw/Garbage_Dataset_Classification/images/paper/paper_01731.jpg,cardboard_paper,paper,kaggle
../data/raw/Garbage_Dataset_Classification/images/cardboard/cardboard_01510.jpg,cardboard_paper,cardboard,kaggle
../data/raw/Garbage_Dataset_Classification/images/cardboard/cardboard_00588.jpg,cardboard_paper,cardboard,kaggle
../data/raw/Garbage_Dataset_Classification/images/plastic/plastic_02768.jpg,metal_plastic,plastic,kaggle
../data/raw/Garbage_Dataset_Classification/images/paper/paper_02633.jpg,cardboard_paper,paper,kaggle
../data/raw/Garbage_Dataset_Classification/images/cardboard/cardboard_01962.jpg,cardboard_paper,cardboard,kaggle
../data/raw/Garbage_Dataset_Classification/images/glass/glass_04666.jpg,trash,glass,kaggle
../data/raw/Garbage_Dataset_Classification/images/glass/glass_03079.jpg,trash,glass,kaggle
../data/raw/Garbage_Dataset_Classification/images/paper/paper_00854.jpg,cardboard_paper,paper,kaggle
../data/raw/Garbage_Dataset_Classification/images/trash/trash_05071.jpg,trash,trash,kaggle
../data/raw/Garbage_Dataset_Classification/images/paper/paper_02563.jpg,cardboard_paper,paper,kaggle
../data/raw/Garbage_Dataset_Classification/images/glass/glass_02649.jpg,trash,glass,kaggle
../data/raw/Garbage_Dataset_Classification/images/glass/glass_04456.jpg,trash,glass,kaggle
../data/raw/Garbage_Dataset_Classification/images/cardboard/cardboard_02427.jpg,cardboard_paper,cardboard,kaggle
../data/raw/Garbage_Dataset_Classification/images/cardboard/cardboard_02194.jpg,cardboard_paper,cardboard,kaggle
../data/raw/Garbage_Dataset_Classification/images/trash/trash_02314.jpg,trash,trash,kaggle
../data/raw/Garbage_Dataset_Classification/images/plastic/plastic_03237.jpg,metal_plastic,plastic,kaggle
../data/raw/Garbage_Dataset_Classification/images/trash/trash_19865.jpg,trash,trash,kaggle
../data/raw/Garbage_Dataset_Classification/images/glass/glass_00226.jpg,trash,glass,kaggle
../data/raw/Garbage_Dataset_Classification/images/cardboard/cardboard_02725.jpg,cardboard_paper,cardboard,kaggle
../data/raw/Garbage_Dataset_Classification/images/trash/trash_16499.jpg,trash,trash,kaggle
../data/raw/Garbage_Dataset_Classification/images/plastic/plastic_02135.jpg,metal_plastic,plastic,kaggle
../data/raw/Garbage_Dataset_Classification/images/cardboard/cardboard_02941.jpg,cardboard_paper,cardboard,kaggle
../data/raw/Garbage_Dataset_Classification/images/glass/glass_00514.jpg,trash,glass,kaggle
../data/raw/Garbage_Dataset_Classification/images/metal/metal_02717.jpg,metal_plastic,metal,kaggle
../data/raw/Garbage_Dataset_Classification/images/plastic/plastic_01447.jpg,metal_plastic,plastic,kaggle
../data/raw/Garbage_Dataset_Classification/images/glass/glass_03804.jpg,trash,glass,kaggle
../data/raw/Garbage_Dataset_Classification/images/trash/trash_05733.jpg,trash,trash,kaggle
../data/raw/Garbage_Dataset_Classification/images/plastic/plastic_01255.jpg,metal_plastic,plastic,kaggle
../data/raw/Garbage_Dataset_Classification/images/glass/glass_02817.jpg,trash,glass,kaggle
../data/raw/Garbage_Dataset_Classification/images/cardboard/cardboard_02705.jpg,cardboard_paper,cardboard,kaggle
../data/raw/Garbage_Dataset_Classification/images/cardboard/cardboard_00239.jpg,cardboard_paper,cardboard,kaggle
../data/raw/Garbage_Dataset_Classification/images/plastic/plastic_02789.jpg,metal_plastic,plastic,kaggle
../data/raw/Garbage_Dataset_Classification/images/metal/metal_00513.jpg,metal_plastic,metal,kaggle
../data/raw/Garbage_Dataset_Classification/images/metal/metal_02672.jpg,metal_plastic,metal,kaggle
../data/raw/Garbage_Dataset_Classification/images/paper/paper_01285.jpg,cardboard_paper,paper,kaggle
../data/raw/Garbage_Dataset_Classification/images/metal/metal_01379.jpg,metal_plastic,metal,kaggle
../data/raw/Garbage_Dataset_Classification/images/plastic/plastic_00374.jpg,metal_plastic,plastic,kaggle
../data/raw/Garbage_Dataset_Classification/images/cardboard/cardboard_02476.jpg,cardboard_paper,cardboard,kaggle
../data/raw/Garbage_Dataset_Classification/images/metal/metal_02486.jpg,metal_plastic,metal,kaggle
../data/raw/Garbage_Dataset_Classification/images/glass/glass_00294.jpg,trash,glass,kaggle
../data/raw/Garbage_Dataset_Classification/images/paper/paper_00665.jpg,cardboard_paper,paper,kaggle
../data/raw/Garbage_Dataset_Classification/images/plastic/plastic_00745.jpg,metal_plastic,plastic,kaggle
../data/raw/Garbage_Dataset_Classification/images/trash/trash_05837.jpg,trash,trash,kaggle
../data/raw/Garbage_Dataset_Classification/images/plastic/plastic_02035.jpg,metal_plastic,plastic,kaggle
../data/raw/Garbage_Dataset_Classification/images/plastic/plastic_01757.jpg,metal_plastic,plastic,kaggle
../data/raw/Garbage_Dataset_Classification/images/glass/glass_01060.jpg,trash,glass,kaggle
../data/raw/Garbage_Dataset_Classification/images/metal/metal_01594.jpg,metal_plastic,metal,kaggle
../data/raw/Garbage_Dataset_Classification/images/trash/trash_04047.jpg,trash,trash,kaggle
../data/raw/Garbage_Dataset_Classification/images/glass/glass_05479.jpg,trash,glass,kaggle
../data/raw/Garbage_Dataset_Classification/images/metal/metal_02487.jpg,metal_plastic,metal,kaggle
../data/raw/Garbage_Dataset_Classification/images/trash/trash_07641.jpg,trash,trash,kaggle
../data/raw/Garbage_Dataset_Classification/images/glass/glass_04427.jpg,trash,glass,kaggle
../data/raw/Garbage_Dataset_Classification/images/trash/trash_00767.jpg,trash,trash,kaggle
../data/raw/Garbage_Dataset_Classification/images/trash/trash_14666.jpg,trash,trash,kaggle
../data/raw/Garbage_Dataset_Classification/images/paper/paper_00365.jpg,cardboard_paper,paper,kaggle
../data/raw/Garbage_Dataset_Classification/images/cardboard/cardboard_00638.jpg,cardboard_paper,cardboard,kaggle
../data/raw/Garbage_Dataset_Classification/images/cardboard/cardboard_01960.jpg,cardboard_paper,cardboard,kaggle
../data/raw/Garbage_Dataset_Classification/images/metal/metal_02321.jpg,metal_plastic,metal,kaggle
../data/raw/Garbage_Dataset_Classification/images/plastic/plastic_02550.jpg,metal_plastic,plastic,kaggle
../data/raw/Garbage_Dataset_Classification/images/cardboard/cardboard_02308.jpg,cardboard_paper,cardboard,kaggle
../data/raw/Garbage_Dataset_Classification/images/cardboard/cardboard_02402.jpg,cardboard_paper,cardboard,kaggle
../data/raw/Garbage_Dataset_Classification/images/plastic/plastic_03273.jpg,metal_plastic,plastic,kaggle
../data/raw/Garbage_Dataset_Classification/images/cardboard/cardboard_02012.jpg,cardboard_paper,cardboard,kaggle
../data/raw/Garbage_Dataset_Classification/images/trash/trash_08311.jpg,trash,trash,kaggle
../data/raw/Garbage_Dataset_Classification/images/glass/glass_00446.jpg,trash,glass,kaggle
../data/raw/Garbage_Dataset_Classification/images/metal/metal_01128.jpg,metal_plastic,metal,kaggle
../data/raw/Garbage_Dataset_Classification/images/plastic/plastic_01144.jpg,metal_plastic,plastic,kaggle
../data/raw/Garbage_Dataset_Classification/images/paper/paper_02270.jpg,cardboard_paper,paper,kaggle
../data/raw/Garbage_Dataset_Classification/images/trash/trash_13576.jpg,trash,trash,kaggle
../data/raw/Garbage_Dataset_Classification/images/metal/metal_01048.jpg,metal_plastic,metal,kaggle
../data/raw/Garbage_Dataset_Classification/images/trash/trash_13045.jpg,trash,trash,kaggle
../data/raw/Garbage_Dataset_Classification/images/trash/trash_13659.jpg,trash,trash,kaggle
../data/raw/Garbage_Dataset_Classification/images/metal/metal_01188.jpg,metal_plastic,metal,kaggle
../data/raw/Garbage_Dataset_Classification/images/trash/trash_17159.jpg,trash,trash,kaggle
../data/raw/Garbage_Dataset_Classification/images/plastic/plastic_00667.jpg,metal_plastic,plastic,kaggle
../data/raw/Garbage_Dataset_Classification/images/metal/metal_01460.jpg,metal_plastic,metal,kaggle
../data/raw/Garbage_Dataset_Classification/images/glass/glass_02883.jpg,trash,glass,kaggle
../data/raw/Garbage_Dataset_Classification/images/metal/metal_01567.jpg,metal_plastic,metal,kaggle
../data/raw/Garbage_Dataset_Classification/images/cardboard/cardboard_01425.jpg,cardboard_paper,cardboard,kaggle
../data/raw/Garbage_Dataset_Classification/images/plastic/plastic_03296.jpg,metal_plastic,plastic,kaggle
../data/raw/Garbage_Dataset_Classification/images/metal/metal_02190.jpg,metal_plastic,metal,kaggle
../data/raw/Garbage_Dataset_Classification/images/glass/glass_04919.jpg,trash,glass,kaggle
../data/raw/Garbage_Dataset_Classification/images/trash/trash_13323.jpg,trash,trash,kaggle
../data/raw/Garbage_Dataset_Classification/images/trash/trash_14528.jpg,trash,trash,kaggle
../data/raw/Garbage_Dataset_Classification/images/cardboard/cardboard_02793.jpg,cardboard_paper,cardboard,kaggle
../data/raw/Garbage_Dataset_Classification/images/paper/paper_01465.jpg,cardboard_paper,paper,kaggle
../data/raw/Garbage_Dataset_Classification/images/metal/metal_01353.jpg,metal_plastic,metal,kaggle
../data/raw/Garbage_Dataset_Classification/images/metal/metal_01538.jpg,metal_plastic,metal,kaggle
../data/raw/Garbage_Dataset_Classification/images/trash/trash_11768.jpg,trash,trash,kaggle
../data/raw/Garbage_Dataset_Classification/images/cardboard/cardboard_02711.jpg,cardboard_paper,cardboard,kaggle
../data/raw/Garbage_Dataset_Classification/images/glass/glass_00338.jpg,trash,glass,kaggle
../data/raw/Garbage_Dataset_Classification/images/metal/metal_00763.jpg,metal_plastic,metal,kaggle
../data/raw/Garbage_Dataset_Classification/images/plastic/plastic_00657.jpg,metal_plastic,plastic,kaggle
../data/raw/Garbage_Dataset_Classification/images/plastic/plastic_00559.jpg,metal_plastic,plastic,kaggle
../data/raw/Garbage_Dataset_Classification/images/cardboard/cardboard_03111.jpg,cardboard_paper,cardboard,kaggle
../data/raw/Garbage_Dataset_Classification/images/plastic/plastic_01319.jpg,metal_plastic,plastic,kaggle
../data/raw/Garbage_Dataset_Classification/images/paper/paper_00703.jpg,cardboard_paper,paper,kaggle
../data/raw/Garbage_Dataset_Classification/images/cardboard/cardboard_01320.jpg,cardboard_paper,cardboard,kaggle
../data/raw/Garbage_Dataset_Classification/images/cardboard/cardboard_01442.jpg,cardboard_paper,cardboard,kaggle
../data/raw/Garbage_Dataset_Classification/images/metal/metal_01980.jpg,metal_plastic,metal,kaggle
../data/raw/Garbage_Dataset_Classification/images/metal/metal_00700.jpg,metal_plastic,metal,kaggle
../data/raw/Garbage_Dataset_Classification/images/paper/paper_01770.jpg,cardboard_paper,paper,kaggle
../data/raw/Garbage_Dataset_Classification/images/cardboard/cardboard_00012.jpg,cardboard_paper,cardboard,kaggle
../data/raw/Garbage_Dataset_Classification/images/plastic/plastic_02614.jpg,metal_plastic,plastic,kaggle
../data/raw/Garbage_Dataset_Classification/images/metal/metal_01771.jpg,metal_plastic,metal,kaggle
../data/raw/Garbage_Dataset_Classification/images/glass/glass_05478.jpg,trash,glass,kaggle
../data/raw/Garbage_Dataset_Classification/images/metal/metal_02675.jpg,metal_plastic,metal,kaggle
../data/raw/Garbage_Dataset_Classification/images/cardboard/cardboard_02278.jpg,cardboard_paper,cardboard,kaggle
../data/raw/Garbage_Dataset_Classification/images/paper/paper_00439.jpg,cardboard_paper,paper,kaggle
../data/raw/Garbage_Dataset_Classification/images/glass/glass_04728.jpg,trash,glass,kaggle
../data/raw/Garbage_Dataset_Classification/images/cardboard/cardboard_01793.jpg,cardboard_paper,cardboard,kaggle
../data/raw/Garbage_Dataset_Classification/images/trash/trash_05246.jpg,trash,trash,kaggle
../data/raw/Garbage_Dataset_Classification/images/glass/glass_03258.jpg,trash,glass,kaggle
../data/raw/Garbage_Dataset_Classification/images/paper/paper_00682.jpg,cardboard_paper,paper,kaggle
../data/raw/Garbage_Dataset_Classification/images/plastic/plastic_01331.jpg,metal_plastic,plastic,kaggle
../data/raw/Garbage_Dataset_Classification/images/metal/metal_01804.jpg,metal_plastic,metal,kaggle
../data/raw/Garbage_Dataset_Classification/images/metal/metal_01157.jpg,metal_plastic,metal,kaggle
../data/raw/Garbage_Dataset_Classification/images/cardboard/cardboard_01607.jpg,cardboard_paper,cardboard,kaggle
../data/raw/Garbage_Dataset_Classification/images/plastic/plastic_02738.jpg,metal_plastic,plastic,kaggle
../data/raw/Garbage_Dataset_Classification/images/cardboard/cardboard_00093.jpg,cardboard_paper,cardboard,kaggle
../data/raw/Garbage_Dataset_Classification/images/plastic/plastic_00116.jpg,metal_plastic,plastic,kaggle
../data/raw/Garbage_Dataset_Classification/images/cardboard/cardboard_00709.jpg,cardboard_paper,cardboard,kaggle
../data/raw/Garbage_Dataset_Classification/images/plastic/plastic_01739.jpg,metal_plastic,plastic,kaggle
../data/raw/Garbage_Dataset_Classification/images/metal/metal_02641.jpg,metal_plastic,metal,kaggle
../data/raw/Garbage_Dataset_Classification/images/plastic/plastic_01363.jpg,metal_plastic,plastic,kaggle
../data/raw/Garbage_Dataset_Classification/images/paper/paper_01219.jpg,cardboard_paper,paper,kaggle
../data/raw/Garbage_Dataset_Classification/images/glass/glass_00539.jpg,trash,glass,kaggle
../data/raw/Garbage_Dataset_Classification/images/cardboard/cardboard_01250.jpg,cardboard_paper,cardboard,kaggle
../data/raw/Garbage_Dataset_Classification/images/paper/paper_01168.jpg,cardboard_paper,paper,kaggle
../data/raw/Garbage_Dataset_Classification/images/plastic/plastic_00948.jpg,metal_plastic,plastic,kaggle
../data/raw/Garbage_Dataset_Classification/images/cardboard/cardboard_00368.jpg,cardboard_paper,cardboard,kaggle
../data/raw/Garbage_Dataset_Classification/images/trash/trash_08542.jpg,trash,trash,kaggle
../data/raw/Garbage_Dataset_Classification/images/metal/metal_02557.jpg,metal_plastic,metal,kaggle
../data/raw/Garbage_Dataset_Classification/images/metal/metal_01101.jpg,metal_plastic,metal,kaggle
../data/raw/Garbage_Dataset_Classification/images/plastic/plastic_02725.jpg,metal_plastic,plastic,kaggle
../data/raw/Garbage_Dataset_Classification/images/plastic/plastic_01583.jpg,metal_plastic,plastic,kaggle
../data/raw/Garbage_Dataset_Classification/images/glass/glass_05030.jpg,trash,glass,kaggle
../data/raw/Garbage_Dataset_Classification/images/metal/metal_02122.jpg,metal_plastic,metal,kaggle
../data/raw/Garbage_Dataset_Classification/images/metal/metal_02419.jpg,metal_plastic,metal,kaggle
../data/raw/Garbage_Dataset_Classification/images/paper/paper_01681.jpg,cardboard_paper,paper,kaggle
../data/raw/Garbage_Dataset_Classification/images/plastic/plastic_03026.jpg,metal_plastic,plastic,kaggle
../data/raw/Garbage_Dataset_Classification/images/metal/metal_01561.jpg,metal_plastic,metal,kaggle
../data/raw/Garbage_Dataset_Classification/images/cardboard/cardboard_01523.jpg,cardboard_paper,cardboard,kaggle
../data/raw/Garbage_Dataset_Classification/images/plastic/plastic_03144.jpg,metal_plastic,plastic,kaggle
